Granule,exposure,lat0,lon0,steps,reg_status,VIIRS_Ref,verf_pnts,mu_dx,mu_dy,sig_dx,sig_dy,LPA,LZA0,solar_contam,aurora_pix,lightning_pix,mu_city_vis,mu_city_uv,mu_full_vis,mu_full_uv,mu_aurora,mu_lightning,sig_city_vis,sig_city_uv,sig_full_vis,sig_full_uv,sig_aurora,sig_lightning
-,s,deg,deg,-,-,-,-,pixels,pixels,pixels,pixels,deg,deg,-,-,-,nW/(cm2 sr),nW/(cm2 sr),nW/(cm2 sr),nW/(cm2 sr),nW/(cm2 sr),nW/(cm2 sr),nW/(cm2 sr),nW/(cm2 sr),nW/(cm2 sr),nW/(cm2 sr),nW/(cm2 sr),nW/(cm2 sr)
TEMPO_RADT_L1_V04_20230925T100442Z_S001G01,9.999933,33.744690,-106.372147,101,1,VNP46A3_A2023244,58,3.442876e-02,0.026144,0.029886,0.046696,55.479061,112.221878,0.000000,0,277,3.147216e-02,2.156159,0.014776,3.243053,0.002661,0.375560,1.030156,1.939418,1.834547,2.719072,0.097943,0.581593
TEMPO_RADT_L1_V04_20230925T102144Z_S001G02,9.999933,33.917820,-111.848038,100,1,VNP46A3_A2023244,58,3.442876e-02,0.026144,0.029886,0.046696,55.479061,111.139397,0.000000,2,833,-3.555752e-03,-0.013193,-0.050239,-0.119619,0.000192,-0.018073,1.002565,1.518889,1.778964,2.187306,0.090456,0.444491
TEMPO_RADT_L1_V04_20230925T103837Z_S001G03,9.999933,34.152470,-117.625710,100,1,VNP46A3_A2023244,58,3.442876e-02,0.026144,0.029886,0.046696,55.479061,109.812981,0.000000,0,3965,-7.259945e-02,-2.178572,-0.134515,-3.246813,-0.002661,-0.349181,1.018570,1.942025,1.806434,2.601119,0.098497,0.536817
TEMPO_RADT_L1_V04_20230925T105550Z_S002G01,9.999933,33.735088,-106.411369,101,1,VNP46A3_A2023244,59,-1.549160e-02,-0.000223,0.036364,0.057513,54.997776,122.028282,0.000000,0,1704,3.029762e-02,1.221600,0.014087,0.234223,-0.002566,-0.208841,1.060034,1.544091,1.890159,1.706856,0.093769,0.421007
TEMPO_RADT_L1_V04_20230925T111252Z_S002G02,9.999933,33.910160,-111.868713,100,1,VNP46A3_A2023244,59,-1.549160e-02,-0.000223,0.036364,0.057513,54.997776,120.923264,0.000000,0,18,3.939898e-04,-0.019914,-0.029473,-0.004621,-0.000018,-0.002369,1.039186,1.208956,1.861428,1.349846,0.088960,0.376320
TEMPO_RADT_L1_V04_20230925T112945Z_S002G03,9.999933,34.148376,-117.622940,100,1,VNP46A3_A2023244,59,-1.549160e-02,-0.000223,0.036364,0.057513,54.997776,119.565010,0.000000,0,16,-7.200028e-02,-1.208237,-0.142567,-0.195331,0.002946,0.222404,1.067117,1.591350,1.913700,1.688460,0.092892,0.421806
TEMPO_RADT_L1_V04_20230926T005510Z_S016G01,9.999933,33.903622,-71.811119,101,1,VNP46A3_A2023244,52,3.291517e-02,0.055479,0.022001,0.095764,47.045097,56.562187,0.000000,32,4794,1.742766e-01,-2.641758,0.274303,-4.019787,-0.005656,-0.801995,1.066970,2.633830,1.998193,2.828577,0.100601,0.737709
TEMPO_RADT_L1_V04_20230926T011212Z_S016G02,9.999933,33.746925,-77.196976,100,1,VNP46A3_A2023244,52,3.291517e-02,0.055479,0.022001,0.095764,47.045097,56.595516,0.000000,0,1453,1.121712e-01,0.007991,0.205333,-0.240078,0.000474,-0.009494,1.367671,1.644843,2.489328,2.425235,0.090696,0.499913
TEMPO_RADT_L1_V04_20230926T012905Z_S016G03,9.999933,33.643818,-82.336441,100,1,VNP46A3_A2023244,52,3.291517e-02,0.055479,0.022001,0.095764,47.045097,56.663857,0.000000,0,194,-2.261342e-01,2.729860,-0.306898,4.027904,0.004816,0.835856,1.446940,2.796152,2.594687,2.980180,0.101351,0.775190
TEMPO_RADT_L1_V04_20230926T100411Z_S001G01,9.999933,33.746922,-106.380394,101,1,VNP46A3_A2023244,60,8.495946e-03,0.017074,0.038763,0.067764,41.794716,98.605942,0.000000,0,71,1.103064e-02,2.344170,0.011808,3.467429,0.025392,0.422860,0.998564,2.104973,1.763883,2.821441,0.104750,0.598794
TEMPO_RADT_L1_V04_20230926T102113Z_S001G02,9.999933,33.919693,-111.851501,100,1,VNP46A3_A2023244,60,8.495946e-03,0.017074,0.038763,0.067764,41.794716,97.541176,0.000000,1453,1032,1.809290e-02,-0.123689,0.005469,-0.348883,-0.015689,-0.052684,0.984374,1.541342,1.733139,2.193215,0.103743,0.443799
TEMPO_RADT_L1_V04_20230926T103806Z_S001G03,9.999933,34.156307,-117.619698,100,1,VNP46A3_A2023244,60,8.495946e-03,0.017074,0.038763,0.067764,41.794716,96.244591,0.000000,259,3904,4.020540e-03,-2.250531,0.040723,-3.347823,-0.010421,-0.353641,1.001994,2.043059,1.743396,2.727954,0.101516,0.540342
TEMPO_RADT_L1_V04_20230926T105519Z_S002G01,9.999933,33.731335,-106.409904,101,1,VNP46A3_A2023244,59,-4.035478e-03,-0.005190,0.037278,0.066242,41.304005,108.338722,0.000000,180,1109,1.782028e-02,1.174752,0.001641,0.207629,-0.005578,-0.203951,1.007573,1.608206,1.750042,1.648364,0.099192,0.452813
TEMPO_RADT_L1_V04_20230926T111221Z_S002G02,9.999933,33.904739,-111.866608,100,1,VNP46A3_A2023244,59,-4.035478e-03,-0.005190,0.037278,0.066242,41.304005,107.239799,0.000000,0,9,3.537635e-02,0.017347,0.047858,0.017876,0.000815,-0.001342,1.024213,1.264617,1.765455,1.420606,0.094636,0.392106
TEMPO_RADT_L1_V04_20230926T112914Z_S002G03,9.999933,34.144897,-117.620514,100,1,VNP46A3_A2023244,59,-4.035478e-03,-0.005190,0.037278,0.066242,41.304005,105.892838,0.000000,6,0,-1.662375e-02,-1.193304,-0.017722,-0.219442,0.004003,0.224161,1.019886,1.705114,1.773080,1.649060,0.094366,0.466525
TEMPO_RADT_L1_V04_20230927T100339Z_S001G01,9.999933,33.743847,-106.379890,101,1,VNP46A3_A2023244,63,-8.286232e-03,-0.022670,0.040273,0.059903,27.896402,84.665291,0.000000,0,77,1.293057e-02,2.598654,-0.009998,3.429879,0.003321,0.349327,1.014287,2.250441,1.708114,2.755987,0.099787,0.596537
TEMPO_RADT_L1_V04_20230927T102041Z_S001G02,9.999933,33.915672,-111.852791,100,1,VNP46A3_A2023244,63,-8.286232e-03,-0.022670,0.040273,0.059903,27.896402,83.614098,0.000000,0,468,1.607040e-02,0.047726,-0.001853,-0.081145,0.000319,-0.012761,0.984949,1.549514,1.658569,2.107006,0.090786,0.433901
TEMPO_RADT_L1_V04_20230927T103734Z_S001G03,9.999933,34.151089,-117.626854,100,1,VNP46A3_A2023244,63,-8.286232e-03,-0.022670,0.040273,0.059903,27.896402,82.336014,0.000000,0,3198,-1.429326e-02,-2.669139,-0.001709,-3.535491,-0.003227,-0.325356,1.009710,2.271002,1.716714,2.710180,0.101314,0.550815
TEMPO_RADT_L1_V04_20230927T105447Z_S002G01,9.999933,33.730999,-106.416634,101,1,VNP46A3_A2023244,66,-2.935865e-02,-0.004453,0.037721,0.064510,27.400366,94.319954,0.000000,0,1164,2.768373e-02,1.102031,0.006510,0.026903,-0.002483,-0.229531,1.054525,1.629101,1.802357,1.606797,0.091508,0.534410
TEMPO_RADT_L1_V04_20230927T111149Z_S002G02,9.999933,33.902531,-111.887695,100,1,VNP46A3_A2023244,66,-2.935865e-02,-0.004453,0.037721,0.064510,27.400366,93.214600,0.000000,0,8,1.304422e-02,0.005098,-0.014943,0.034491,-0.000018,0.005145,1.019528,1.236412,1.753123,1.400682,0.089579,0.407529
TEMPO_RADT_L1_V04_20230927T112842Z_S002G03,9.999933,34.139503,-117.652489,100,1,VNP46A3_A2023244,66,-2.935865e-02,-0.004453,0.037721,0.064510,27.400366,91.868286,0.000000,0,0,-4.478634e-02,-1.108285,-0.081482,-0.064414,0.003310,0.235209,1.051251,1.722023,1.792746,1.659969,0.092646,0.561161
TEMPO_RADT_L1_V04_20230928T005452Z_S016G01,9.999933,33.907799,-71.821625,101,1,VNP46A3_A2023244,53,8.965741e-03,-0.023963,0.041034,0.071259,19.245071,56.327381,0.000000,43,4850,2.273848e-01,-2.511602,0.349471,-4.002597,-0.005640,-0.853504,1.477258,2.617784,2.736130,2.798217,0.102164,0.732613
TEMPO_RADT_L1_V04_20230928T011154Z_S016G02,9.999933,33.750633,-77.203186,100,1,VNP46A3_A2023244,53,8.965741e-03,-0.023963,0.041034,0.071259,19.245071,56.940697,0.000000,0,1416,-1.306420e-01,-0.027741,-0.214224,-0.375149,0.000760,-0.051502,1.673661,1.774054,2.999721,2.622648,0.091279,0.544710
TEMPO_RADT_L1_V04_20230928T012847Z_S016G03,9.999933,33.644154,-82.337067,100,1,VNP46A3_A2023244,53,8.965741e-03,-0.023963,0.041034,0.071259,19.245071,57.474720,0.000000,0,216,-3.500350e-02,2.564857,-0.075350,3.934442,0.006225,0.912810,1.740253,2.785140,3.128441,2.980896,0.103063,0.824558
TEMPO_RADT_L1_V04_20231006T095848Z_S001G01,9.999933,33.738773,-106.390770,97,1,VNP46A3_A2023274,58,-3.619687e-03,0.002529,0.031486,0.042029,88.253090,37.159740,0.000000,0,20,5.427667e-03,0.012805,0.006662,0.009379,0.000037,0.000676,0.831767,0.949087,1.446615,1.186370,0.087612,0.344319
TEMPO_RADT_L1_V04_20231006T101510Z_S001G02,9.999933,33.910923,-111.856544,96,1,VNP46A3_A2023274,58,-3.619687e-03,0.002529,0.031486,0.042029,88.253090,38.430584,0.000000,0,0,5.316401e-03,0.004809,0.006040,0.005564,0.000109,0.001824,0.823985,0.947714,1.441689,1.186414,0.087548,0.346339
TEMPO_RADT_L1_V04_20231006T103122Z_S001G03,9.999933,34.147942,-117.622780,96,1,VNP46A3_A2023274,58,-3.619687e-03,0.002529,0.031486,0.042029,88.253090,39.976696,0.000000,0,12,3.415284e-03,-0.009470,0.007474,-0.002499,0.000134,0.002582,0.825933,0.969874,1.438854,1.212961,0.087577,0.347899
TEMPO_RADT_L1_V04_20231007T005601Z_S018G01,9.999933,33.883507,-71.802483,97,1,VNP46A3_A2023274,51,4.049336e-02,0.037257,0.040579,0.125586,95.218445,113.923462,0.000000,0,64,1.466918e-02,0.018615,0.001761,0.014738,0.000100,0.000467,0.811564,0.938862,1.411060,1.179540,0.087703,0.346975
TEMPO_RADT_L1_V04_20231007T011223Z_S018G02,9.999933,33.726738,-77.181877,96,1,VNP46A3_A2023274,51,4.049336e-02,0.037257,0.040579,0.125586,95.218445,114.610992,0.000000,0,0,7.119448e-03,0.003705,0.014863,0.006145,0.000082,0.001712,0.848243,0.972581,1.456969,1.205179,0.087378,0.340662
TEMPO_RADT_L1_V04_20231007T012835Z_S018G03,9.999933,33.622761,-82.312820,96,1,VNP46A3_A2023274,51,4.049336e-02,0.037257,0.040579,0.125586,95.218445,115.160606,0.000000,3,0,2.624235e-03,-0.006122,0.020594,-0.001364,0.000235,0.002288,0.894941,0.981957,1.524715,1.220165,0.087442,0.346215
TEMPO_RADT_L1_V04_20231007T095817Z_S001G01,9.999933,33.753513,-107.064636,120,1,VNP46A3_A2023274,21,-6.428807e-02,-0.009129,0.050251,0.051618,99.277672,48.480553,0.000000,0,71,4.565884e-03,0.002133,0.006512,0.002812,0.000047,0.001598,0.812766,0.947383,1.409491,1.181327,0.086889,0.343760
TEMPO_RADT_L1_V04_20231008T095744Z_S001G01,9.999933,33.742279,-106.402473,97,1,VNP46A3_A2023274,59,-1.101194e-04,-0.001253,0.037454,0.044302,110.345329,59.434383,0.000000,0,12,5.250988e-03,0.009356,0.004399,0.007412,0.000280,0.001148,0.817350,0.942236,1.409293,1.181239,0.087785,0.344138
TEMPO_RADT_L1_V04_20231008T101406Z_S001G02,9.999933,33.912945,-111.872543,96,1,VNP46A3_A2023274,59,-1.101194e-04,-0.001253,0.037454,0.044302,110.345329,60.663452,0.000000,0,13,4.538795e-03,0.004543,0.005847,0.005129,0.000126,0.001083,0.811435,0.945623,1.405995,1.182769,0.087406,0.342679
TEMPO_RADT_L1_V04_20231008T103018Z_S001G03,9.999933,34.149780,-117.633255,96,1,VNP46A3_A2023274,59,-1.101194e-04,-0.001253,0.037454,0.044302,110.345329,62.151218,0.000000,0,0,2.789286e-03,-0.004313,0.006172,0.000738,0.000040,0.002338,0.819318,0.963763,1.411132,1.204582,0.087728,0.345690
TEMPO_RADT_L1_V04_20231009T005557Z_S018G01,9.999933,33.889809,-71.831596,97,1,VNP46A3_A2023274,71,1.628863e-02,-0.011208,0.040694,0.061915,117.129715,124.856552,0.000000,0,21,1.592214e-02,0.025013,0.004733,0.024794,0.000115,0.001419,0.807081,0.941459,1.403283,1.176526,0.087895,0.346699
TEMPO_RADT_L1_V04_20231009T011219Z_S018G02,9.999933,33.736141,-77.202682,96,1,VNP46A3_A2023274,71,1.628863e-02,-0.011208,0.040694,0.061915,117.129715,125.145172,0.000000,0,21,7.025577e-03,-0.004851,0.014857,-0.003734,0.000101,0.001371,0.860653,0.980720,1.482334,1.211130,0.087216,0.341788
TEMPO_RADT_L1_V04_20231009T012831Z_S018G03,9.999933,33.635368,-82.322693,96,1,VNP46A3_A2023274,71,1.628863e-02,-0.011208,0.040694,0.061915,117.129715,125.342506,0.000000,0,2,2.525953e-03,-0.002826,0.017985,-0.000115,0.000204,0.001301,0.893894,0.980916,1.520448,1.217804,0.086934,0.343482
TEMPO_RADT_L1_V04_20231222T100234Z_S001G01,88.172646,34.190922,-119.503075,60,0,VNP46A3_A2023335,0,0,0.000000,NaN,NaN,55.688526,91.876511,0.000000,0,14,-8.388630e-04,0.004847,-0.002749,0.004627,0.000625,0.005302,0.326040,0.410880,0.592135,0.600242,0.032669,0.177362
TEMPO_RADT_L1_V04_20231223T003611Z_S014G01,88.172646,33.760544,-75.446381,60,0,VNP46A3_A2023335,0,0,0.000000,NaN,NaN,48.110142,17.083862,0.000000,0,4,-1.046063e-03,0.000949,0.007147,0.002729,0.000529,0.004421,0.728407,0.578922,1.390874,0.861817,0.035176,0.189967
TEMPO_RADT_L1_V04_20231223T100305Z_S001G01,88.172646,34.184525,-119.501297,60,0,VNP46A3_A2023335,0,0,0.000000,NaN,NaN,43.233513,79.426292,0.000000,0,0,-8.219627e-04,0.001359,-0.001212,0.001586,0.000322,0.003422,0.371475,0.418726,0.701683,0.584359,0.031829,0.162172
TEMPO_RADT_L1_V04_20231224T003640Z_S014G01,88.172646,33.748528,-75.469414,60,0,VNP46A3_A2023335,0,0,0.000000,NaN,NaN,35.788902,18.781868,0.000000,0,16,1.901175e-03,0.007762,0.008233,0.012326,0.000225,0.001753,0.702790,0.551962,1.325991,0.826939,0.034094,0.171349
TEMPO_RADT_L1_V04_20231224T100336Z_S001G01,88.172646,34.181744,-119.505371,60,0,VNP46A3_A2023335,0,0,0.000000,NaN,NaN,31.009211,67.152542,0.000000,0,2,-3.060363e-03,-0.000435,-0.004366,0.001364,0.000163,0.000724,0.576876,0.495902,1.151306,0.672891,0.031567,0.150641
TEMPO_RADT_L1_V04_20231225T003708Z_S014G01,88.172646,33.752529,-75.460815,60,0,VNP46A3_A2023335,0,0,0.000000,NaN,NaN,23.743761,26.927444,0.000000,0,4,2.969997e-03,0.006047,-0.000318,0.014431,0.000204,0.001439,0.894431,0.666889,1.714090,0.920355,0.033509,0.158808
TEMPO_RADT_L1_V04_20231225T100407Z_S001G01,88.172646,34.180878,-119.511597,60,0,VNP46A3_A2023335,0,0,0.000000,NaN,NaN,19.114958,55.120350,0.000000,0,9,-5.303401e-03,-0.001842,-0.000642,-0.001403,0.000232,0.001353,0.703809,0.551237,1.390927,0.747976,0.031863,0.162017
TEMPO_RADT_L1_V04_20231226T003736Z_S014G01,88.172646,33.759743,-75.461403,60,0,VNP46A3_A2023335,0,0,0.000000,NaN,NaN,12.228025,37.324463,0.000000,0,0,-7.771529e-03,0.001157,-0.002758,0.008045,0.000124,0.001254,1.144186,0.777006,2.236968,1.070707,0.034713,0.161856
TEMPO_RADT_L1_V04_20231226T100439Z_S001G01,88.172646,34.183014,-119.515579,60,0,VNP46A3_A2023335,0,0,0.000000,NaN,NaN,8.141212,43.436333,0.000000,0,3,2.547166e-02,0.020153,0.061043,0.018721,0.000213,0.001794,1.139658,0.832077,2.261613,1.045189,0.032364,0.148379
TEMPO_RADT_L1_V04_20231227T003802Z_S012G01,88.172646,33.778488,-75.425797,60,0,VNP46A3_A2023335,0,0,0.000000,NaN,NaN,4.808757,48.332325,0.000000,0,2,5.277729e-03,0.002477,0.015167,0.014755,0.000184,0.001334,1.170187,0.812513,2.248358,1.087939,0.034150,0.160883
TEMPO_RADT_L1_V04_20231227T100512Z_S001G01,88.172646,34.184849,-119.518837,60,0,VNP46A3_A2023335,0,0,0.000000,NaN,NaN,6.991643,32.294437,0.000000,0,2,-1.163131e-02,0.000097,-0.013477,-0.000634,0.000287,0.001787,1.439975,1.015827,2.841234,1.321199,0.034171,0.161735
TEMPO_RADT_L1_V04_20231228T003828Z_S014G01,88.172646,33.779396,-75.432663,60,0,VNP46A3_A2023335,0,0,0.000000,NaN,NaN,12.991037,59.502846,0.000000,0,8,6.072577e-03,0.002859,0.018291,0.004939,0.000211,0.001517,0.672335,0.530470,1.289292,0.765642,0.033210,0.161304
TEMPO_RADT_L1_V04_20240111T101406Z_S001G01,44.086323,34.104679,-115.901154,119,1,VNP46A3_A2024001,28,-1.523129e-02,-0.031281,0.053360,0.048977,174.957260,140.419556,0.000000,0,2,2.620318e-03,0.001295,0.003841,0.002208,0.000212,0.003648,0.388716,0.483048,0.658949,0.682812,0.042434,0.190284
TEMPO_RADT_L1_V04_20240112T004257Z_S014G01,44.086323,33.698765,-77.081223,120,1,VNP46A3_A2024001,32,-1.256142e-02,0.034554,0.034378,0.088802,170.822968,123.216896,0.000000,0,7,-3.524741e-03,0.003451,-0.002846,0.008005,0.000262,0.004301,0.434313,0.509431,0.723095,0.780270,0.043678,0.210763
TEMPO_RADT_L1_V04_20240112T101442Z_S001G01,44.086323,34.099846,-115.918175,119,1,VNP46A3_A2024001,18,-9.877656e-04,-0.006478,0.019548,0.070413,165.924133,151.163773,0.000000,0,6,2.678037e-03,0.001555,0.003767,0.002393,0.000163,0.003851,0.394801,0.494019,0.664533,0.727192,0.042741,0.200658
TEMPO_RADT_L1_V04_20240113T004307Z_S014G01,44.086323,33.712082,-77.074203,120,1,VNP46A3_A2024001,17,-8.276858e-03,0.047846,0.056008,0.054613,157.937576,109.653175,0.000000,0,49,1.373107e-03,-0.001008,0.002361,0.000835,0.000234,0.003442,0.412922,0.491694,0.692226,0.766062,0.043750,0.209144
TEMPO_RADT_L1_V04_20240113T101519Z_S001G01,44.086323,34.099773,-115.881317,119,1,VNP46A3_A2024001,22,-3.033241e-02,-0.023985,0.048303,0.100702,152.555542,158.636124,0.000000,0,9,2.391914e-03,0.001536,0.004144,0.002093,0.000217,0.004276,0.395265,0.493313,0.668039,0.680325,0.042258,0.188282
TEMPO_RADT_L1_V04_20240114T004316Z_S014G01,44.086323,33.713673,-77.044067,120,1,VNP46A3_A2024001,35,-7.400897e-03,0.093112,0.022843,0.181148,144.335449,95.950607,0.000000,0,4,-2.185595e-03,0.003128,-0.001205,0.006791,0.000191,0.002701,0.430172,0.506042,0.714631,0.747937,0.043215,0.199483
TEMPO_RADT_L1_V04_20240114T101555Z_S001G01,44.086323,34.091648,-115.959122,119,1,VNP46A3_A2024001,24,-3.822897e-02,0.003366,0.038198,0.105603,138.907257,159.003143,0.000000,0,2,2.247033e-03,0.000951,0.003554,0.002730,0.000103,0.003312,0.390853,0.489081,0.661361,0.688972,0.042218,0.191774
TEMPO_RADT_L1_V04_20240115T004325Z_S014G01,44.086323,33.711311,-77.037903,120,1,VNP46A3_A2024001,31,3.652311e-02,-0.004184,0.047197,0.145670,130.711365,82.233307,0.000000,0,4,-8.287385e-03,-0.000364,-0.007591,0.006517,0.000147,0.002655,0.448825,0.522367,0.737733,0.751915,0.043275,0.194980
TEMPO_RADT_L1_V04_20240115T101631Z_S001G01,44.086323,34.106148,-115.890907,119,1,VNP46A3_A2024001,31,-3.938915e-03,-0.026260,0.028312,0.077437,125.328590,152.039398,0.000000,0,10,2.421893e-03,0.000873,0.004000,0.002227,0.000177,0.003322,0.390943,0.491588,0.663892,0.676983,0.042174,0.187769
TEMPO_RADT_L1_V04_20240116T004331Z_S014G01,44.086323,33.709980,-77.050735,120,1,VNP46A3_A2024001,28,2.552815e-02,-0.046789,0.037585,0.172609,117.250717,68.626381,0.000000,0,17,-7.081721e-03,-0.000921,-0.006432,0.004763,0.000149,0.001111,0.448781,0.508493,0.740603,0.736552,0.043295,0.188498
TEMPO_RADT_L1_V04_20240116T101706Z_S001G01,44.086323,34.101410,-115.905762,119,1,VNP46A3_A2024001,28,2.623337e-02,-0.010608,0.030679,0.035640,111.957077,141.810745,0.000000,0,7,1.787099e-03,0.001209,0.003278,0.002186,0.000129,0.002160,0.390943,0.486431,0.665969,0.630430,0.041749,0.173808
TEMPO_RADT_L1_V04_20240117T004337Z_S011G01,44.086323,33.711777,-77.038895,120,1,VNP46A3_A2024001,22,4.036683e-02,0.030623,0.033905,0.208294,104.044739,55.275215,0.000000,0,327,-1.877629e-02,-0.006952,-0.021948,-0.001699,0.000202,0.001374,0.520489,0.584333,0.859288,0.821636,0.043220,0.192940
TEMPO_RADT_L1_V04_20240117T101742Z_S001G01,44.086323,34.096703,-115.895256,119,0,VNP46A3_A2024001,21,7.496242e-02,0.063737,0.049448,0.400287,98.861908,130.529816,0.000000,0,6,1.123559e-03,0.001581,0.002276,0.003028,0.000117,0.002185,0.395162,0.470639,0.671784,0.623024,0.041868,0.178369
TEMPO_RADT_L1_V04_20240118T004342Z_S014G01,44.086323,33.722183,-77.021004,120,1,VNP46A3_A2024001,32,1.965831e-02,0.021713,0.025376,0.072569,91.135551,42.248138,0.000000,0,7,-1.885866e-02,-0.005598,-0.024171,0.000689,0.000168,0.001485,0.489506,0.581738,0.817848,0.821910,0.043438,0.192441
TEMPO_RADT_L1_V04_20240118T101817Z_S001G01,44.086323,34.113914,-115.951828,120,1,VNP46A3_A2024001,20,1.657663e-02,0.035937,0.070142,0.091962,86.070366,119.025963,0.000000,0,4,2.475888e-03,0.001164,0.004110,0.002452,0.000101,0.001579,0.394138,0.480775,0.666082,0.669578,0.042183,0.185168
TEMPO_RADT_L1_V04_20240119T004346Z_S014G01,44.086323,33.697384,-77.064560,120,0,VNP46A3_A2024001,29,1.203249e-02,0.305980,0.071823,0.504819,78.531570,29.587387,0.000000,0,21,-1.530086e-02,-0.003999,-0.017988,-0.000652,0.000122,0.002017,0.535201,0.551524,0.923349,0.760193,0.042954,0.186333
TEMPO_RADT_L1_V04_20240119T101851Z_S001G01,44.086323,34.103031,-115.954620,120,1,VNP46A3_A2024001,12,1.582967e-02,-0.009103,0.139895,0.153809,73.581192,107.499565,0.000000,0,4,6.468310e-04,0.001944,0.001436,0.002471,0.000103,0.001879,0.401279,0.482972,0.676718,0.653315,0.041818,0.178895
TEMPO_RADT_L1_V04_20240120T004348Z_S014G01,44.086323,33.710278,-77.072395,120,1,VNP46A3_A2024001,27,6.337712e-03,-0.000276,0.026689,0.079324,66.220901,17.746038,0.000000,0,7,-1.547685e-02,-0.007838,-0.011125,-0.005675,0.000176,0.002325,0.675505,0.671425,1.211957,0.884010,0.042787,0.192248
TEMPO_RADT_L1_V04_20240120T101926Z_S001G01,44.086323,34.044838,-115.941536,120,0,VNP46A3_A2024001,0,0,0.000000,NaN,NaN,61.395714,96.168434,0.000000,0,8,1.598622e-03,0.002170,0.003318,0.003338,0.000111,0.002434,0.411250,0.473348,0.715363,0.630554,0.041862,0.178930
TEMPO_RADT_L1_V04_20240121T004350Z_S013G01,44.086323,33.721279,-77.036713,120,1,VNP46A3_A2024001,26,1.411745e-02,0.034577,0.019225,0.124835,54.182617,8.959517,0.000000,0,15,-8.745378e-03,-0.004822,-0.000532,0.000176,0.000130,0.002128,0.825446,0.708407,1.535080,0.931597,0.043045,0.193451
TEMPO_RADT_L1_V04_20240121T101959Z_S001G01,44.086323,34.034542,-115.962967,120,0,VNP46A3_A2024001,0,0,0.000000,NaN,NaN,49.437984,85.009064,0.000000,0,4,1.496084e-03,0.002323,0.002604,0.003069,0.000142,0.002719,0.427875,0.476299,0.763426,0.662498,0.042331,0.187586
TEMPO_RADT_L1_V04_20240122T004350Z_S014G01,44.086323,33.726086,-77.044563,120,1,VNP46A3_A2024001,29,-2.522683e-02,0.012673,0.024798,0.054965,42.398525,12.339438,0.000000,0,8,-8.455622e-03,0.000083,0.006686,0.004580,0.000191,0.002805,1.038959,0.800390,1.951580,1.053998,0.043801,0.210517
TEMPO_RADT_L1_V04_20240122T102033Z_S001G01,44.086323,34.032883,-115.953712,120,0,VNP46A3_A2024001,0,0,0.000000,NaN,NaN,37.748581,74.165665,0.000000,0,17,2.882361e-04,0.001518,0.000140,0.002494,0.000143,0.002939,0.456970,0.487906,0.827139,0.655424,0.042100,0.185647
TEMPO_RADT_L1_V04_20240123T004350Z_S014G01,44.086323,33.742035,-75.646324,69,0,VNP46A3_A2024001,0,0,0.000000,NaN,NaN,31.011566,25.405464,0.000000,0,6,-1.044423e-02,-0.005706,-0.016144,-0.003186,0.000137,0.001920,0.855744,0.708483,1.603591,0.889926,0.041764,0.176667
TEMPO_RADT_L1_V04_20240123T102106Z_S001G01,44.086323,34.116009,-115.928085,120,1,VNP46A3_A2024001,15,4.693313e-02,0.022652,0.054906,0.138945,26.320343,63.688179,0.000000,0,32,-2.049200e-03,0.000651,-0.006597,0.001506,0.000176,0.001989,0.674641,0.583330,1.303849,0.759962,0.042348,0.177267
TEMPO_RADT_L1_V04_20240124T004348Z_S014G01,44.086323,33.704334,-77.055763,120,0,VNP46A3_A2024001,17,-6.217759e-02,0.261446,0.076202,1.083375,19.636604,34.004475,0.000000,0,2,9.804858e-03,0.005118,0.024365,0.010363,0.000039,0.001644,1.040095,0.771014,1.952515,0.988458,0.043306,0.175790
TEMPO_RADT_L1_V04_20240202T004247Z_S014G01,44.086323,33.529202,-88.083794,120,1,VNP46A3_A2024032,41,-1.257815e-02,-0.010498,0.025149,0.093260,79.614098,142.582230,0.000000,0,9,1.340974e-04,0.004573,0.001225,0.005544,0.000189,0.003465,0.443882,0.515509,0.733448,0.734218,0.043142,0.221009
TEMPO_RADT_L1_V04_20240202T102602Z_S001G01,44.086323,33.608704,-97.297363,120,1,VNP46A3_A2024032,39,1.741607e-02,-0.016496,0.030180,0.120027,84.137306,51.236008,0.000000,0,14,5.617264e-03,0.002632,0.007658,0.005060,0.000224,0.004089,0.438613,0.546193,0.747491,0.735539,0.042978,0.199513
TEMPO_RADT_L1_V04_20240203T004236Z_S014G01,44.086323,33.527676,-88.095795,120,1,VNP46A3_A2024032,54,2.548773e-02,-0.003320,0.024443,0.036664,90.864304,153.634048,0.000000,0,7,4.506441e-04,0.004281,0.001521,0.005571,0.000214,0.003631,0.431875,0.529628,0.721868,0.755507,0.043474,0.218241
TEMPO_RADT_L1_V04_20240203T102627Z_S001G01,44.086323,33.615250,-97.288177,120,1,VNP46A3_A2024032,16,3.718551e-03,-0.008876,0.045530,0.190227,95.514458,59.004108,0.000000,0,883,4.823973e-03,0.001352,0.007904,0.000848,0.000191,0.003592,0.423749,0.535822,0.721330,0.727854,0.043122,0.198496
TEMPO_RADT_L1_V04_20240204T004224Z_S013G01,44.086323,33.536934,-88.090088,120,1,VNP46A3_A2024032,32,-2.184853e-02,0.020555,0.021381,0.062947,102.438881,164.494827,0.000000,0,232,1.305519e-03,0.003406,0.004073,0.004955,0.000185,0.002667,0.434399,0.531592,0.723406,0.816601,0.044337,0.218172
TEMPO_RADT_L1_V04_20240204T102653Z_S001G01,44.086323,33.606533,-97.285690,120,1,VNP46A3_A2024032,30,3.615699e-03,-0.037292,0.026990,0.048682,107.247025,67.627701,0.000000,0,15,1.960812e-03,0.000727,0.002872,0.002332,0.000107,0.002211,0.412107,0.528911,0.694683,0.704637,0.042666,0.196096
TEMPO_RADT_L1_V04_20240205T004211Z_S014G01,44.086323,33.532364,-88.098076,120,1,VNP46A3_A2024032,32,4.453069e-02,0.024188,0.057606,0.147855,114.409264,172.580307,0.000000,0,116,6.198745e-04,0.002490,0.001489,0.000279,0.000140,0.001478,0.426711,0.515584,0.715636,0.748315,0.043545,0.211598
TEMPO_RADT_L1_V04_20240205T102717Z_S001G01,44.086323,33.606846,-97.294121,120,1,VNP46A3_A2024032,33,5.553334e-02,0.062513,0.046317,0.094038,119.399818,76.917984,0.000000,0,14,4.551071e-03,0.002922,0.006336,0.002889,0.000138,0.001442,0.417386,0.534163,0.700163,0.682330,0.042430,0.186278
TEMPO_RADT_L1_V04_20240206T004157Z_S014G01,44.086323,33.526695,-88.049583,120,1,VNP46A3_A2024032,52,4.719482e-02,-0.014216,0.025662,0.043756,126.827133,167.061401,0.000000,0,9,-3.309526e-04,0.002913,0.000463,0.005235,0.000121,0.000500,0.428710,0.508645,0.713742,0.763338,0.044111,0.194103
TEMPO_RADT_L1_V04_20240206T102741Z_S001G01,44.086323,33.602585,-97.250061,120,1,VNP46A3_A2024032,42,-3.572393e-02,0.049843,0.030707,0.036049,132.012314,86.639832,0.000000,0,14,3.836885e-03,0.000638,0.005565,0.003334,0.000098,0.001924,0.421409,0.555783,0.708367,0.776783,0.043579,0.209377
TEMPO_RADT_L1_V04_20240207T004142Z_S011G01,44.086323,33.524323,-88.060333,120,1,VNP46A3_A2024032,50,2.172798e-02,-0.007942,0.038158,0.073211,139.707245,155.235962,0.000000,0,10,-1.381842e-03,0.003679,-0.000789,0.005634,0.000149,0.002032,0.436486,0.517605,0.725653,0.718772,0.043132,0.192942
TEMPO_RADT_L1_V04_20240207T102804Z_S001G01,44.086323,33.609150,-97.246895,120,1,VNP46A3_A2024032,32,1.700344e-03,0.012299,0.028821,0.049415,145.077087,96.660263,0.000000,0,4,1.385843e-03,0.000922,0.002985,0.002294,0.000144,0.002034,0.424729,0.550558,0.712681,0.771072,0.043630,0.210530
TEMPO_RADT_L1_V04_20240208T004127Z_S014G01,44.086323,33.521790,-88.063766,120,1,VNP46A3_A2024032,34,2.738151e-02,-0.014263,0.030910,0.074464,152.997787,142.204086,0.000000,0,15,-1.707488e-03,0.003327,-0.000074,0.007017,0.000116,0.001606,0.449072,0.514705,0.739741,0.795259,0.044375,0.205610
TEMPO_RADT_L1_V04_20240208T102826Z_S001G01,12.596092,33.590263,-93.323837,121,1,VNP46A3_A2024032,144,-4.123246e-03,0.027832,0.057825,0.125451,158.680313,109.489693,0.000000,0,4,5.595572e-03,0.010236,0.012123,-0.005639,-0.000203,-0.001646,0.737077,0.847656,1.274047,1.229752,0.078204,0.338430
TEMPO_RADT_L1_V04_20240208T105405Z_S001G02,12.596092,33.641350,-99.618340,120,1,VNP46A3_A2024032,144,-4.123246e-03,0.027832,0.057825,0.125451,158.680313,109.590942,0.000000,0,0,4.921928e-03,-0.025556,0.014314,-0.032974,0.000039,0.000282,0.750365,0.883422,1.291501,1.131558,0.076974,0.311727
TEMPO_RADT_L1_V04_20240208T111932Z_S001G03,12.596092,33.765106,-106.028389,120,1,VNP46A3_A2024032,144,-4.123246e-03,0.027832,0.057825,0.125451,158.680313,109.849411,0.000000,0,8,7.253600e-03,0.007011,0.010280,0.011243,0.000178,0.002606,0.726303,0.845370,1.257152,1.058769,0.076478,0.301855
TEMPO_RADT_L1_V04_20240208T114458Z_S001G04,12.596092,33.995049,-112.779610,120,1,VNP46A3_A2024032,144,-4.123246e-03,0.027832,0.057825,0.125451,158.680313,110.403603,0.000000,0,7,9.795269e-03,0.016346,0.008124,0.027876,0.000209,0.003681,0.711688,0.843732,1.233995,1.109748,0.076939,0.313673
TEMPO_RADT_L1_V04_20240208T121025Z_S001G05,12.596092,34.320805,-120.135765,120,1,VNP46A3_A2024032,144,-4.123246e-03,0.027832,0.057825,0.125451,158.680313,111.461182,0.000000,0,2,9.690106e-03,0.009710,0.007501,0.026329,0.000250,0.004184,0.715301,0.868019,1.240585,1.199943,0.078299,0.333911
TEMPO_RADT_L1_V04_20240209T000215Z_S014G01,12.596092,34.184490,-63.439796,121,1,VNP46A3_A2024032,125,3.243652e-02,0.016055,0.041590,0.135054,166.274826,135.062744,0.000000,0,3,1.478202e-02,0.020692,0.005485,0.031029,0.000400,0.003154,0.703592,0.853437,1.231748,1.363409,0.080425,0.361875
TEMPO_RADT_L1_V04_20240209T002754Z_S014G02,12.596092,33.884048,-70.706406,120,1,VNP46A3_A2024032,125,3.243652e-02,0.016055,0.041590,0.135054,166.274826,134.117950,0.000000,0,0,1.484091e-02,0.020559,0.007112,0.024404,0.000440,0.001557,0.705501,0.837902,1.229534,1.141576,0.077653,0.320474
TEMPO_RADT_L1_V04_20240209T005321Z_S014G03,12.596092,33.686016,-77.388702,120,1,VNP46A3_A2024032,125,3.243652e-02,0.016055,0.041590,0.135054,166.274826,133.603973,0.000000,0,2,2.650082e-03,-0.016926,0.014356,-0.017101,0.000125,0.001088,0.774631,0.877771,1.320084,1.107958,0.076462,0.303643
TEMPO_RADT_L1_V04_20240209T011847Z_S014G04,12.596092,33.567776,-83.760567,120,1,VNP46A3_A2024032,125,3.243652e-02,0.016055,0.041590,0.135054,166.274826,133.349060,0.000000,0,2,-3.561478e-04,-0.004704,0.017006,-0.003274,0.000078,0.001599,0.793221,0.869785,1.341328,1.197765,0.077463,0.319881
TEMPO_RADT_L1_V04_20240209T014414Z_S014G05,12.596092,33.525051,-89.973938,120,1,VNP46A3_A2024032,125,3.243652e-02,0.016055,0.041590,0.135054,166.274826,133.223099,0.000000,0,52,9.794927e-03,0.002467,0.016364,-0.006799,-0.000200,0.001477,0.746320,0.841713,1.286646,1.265119,0.078729,0.339683
TEMPO_RADT_L1_V04_20240209T102847Z_S001G01,12.596092,33.596157,-93.324188,121,1,VNP46A3_A2024032,131,-2.242912e-02,0.019980,0.046379,0.133085,171.852646,119.262383,0.000000,0,0,6.363497e-03,0.002215,0.012765,-0.009886,0.000098,0.000674,0.743938,0.858379,1.290109,1.151330,0.077489,0.332472
TEMPO_RADT_L1_V04_20240209T105426Z_S001G02,12.596092,33.643764,-99.622269,120,1,VNP46A3_A2024032,131,-2.242912e-02,0.019980,0.046379,0.133085,171.852646,119.339508,0.000000,0,6,5.737567e-03,-0.012645,0.016679,-0.013132,0.000007,0.001761,0.759127,0.875743,1.301652,1.128768,0.076911,0.314827
TEMPO_RADT_L1_V04_20240209T111953Z_S001G03,12.596092,33.766487,-106.028290,120,1,VNP46A3_A2024032,131,-2.242912e-02,0.019980,0.046379,0.133085,171.852646,119.560158,0.000000,0,2,7.571819e-03,0.005755,0.010817,0.006773,0.000108,0.001538,0.736194,0.850962,1.267152,1.067335,0.076283,0.304152
TEMPO_RADT_L1_V04_20240209T114519Z_S001G04,12.596092,33.988010,-112.789978,120,1,VNP46A3_A2024032,131,-2.242912e-02,0.019980,0.046379,0.133085,171.852646,120.077980,0.000000,0,2,1.007867e-02,0.014069,0.009044,0.020650,0.000064,0.002672,0.712150,0.846178,1.240921,1.090013,0.076930,0.314057
TEMPO_RADT_L1_V04_20240209T121046Z_S001G05,12.596092,34.320007,-120.134712,120,1,VNP46A3_A2024032,131,-2.242912e-02,0.019980,0.046379,0.133085,171.852646,121.081985,0.000000,0,2,1.109048e-02,0.008237,0.007555,0.020798,0.000181,0.003461,0.714999,0.870835,1.247855,1.198344,0.078428,0.350847
TEMPO_RADT_L1_V04_20240210T000158Z_S014G01,12.596092,34.163662,-63.444485,121,1,VNP46A3_A2024032,104,4.076904e-02,0.012975,0.035487,0.117737,175.630844,121.067596,0.000000,0,2,1.394266e-02,0.019415,0.004185,0.027809,0.000288,0.001448,0.703040,0.847429,1.225105,1.139893,0.077511,0.325471
TEMPO_RADT_L1_V04_20240210T002737Z_S014G02,12.596092,33.868141,-70.709602,120,1,VNP46A3_A2024032,104,4.076904e-02,0.012975,0.035487,0.117737,175.630844,120.105759,0.000000,0,4,1.433412e-02,0.023724,0.005926,0.028189,0.000199,0.002847,0.705158,0.830848,1.223794,1.060860,0.076781,0.309543
TEMPO_RADT_L1_V04_20240210T005304Z_S014G03,12.596092,33.667244,-77.395859,120,1,VNP46A3_A2024032,104,4.076904e-02,0.012975,0.035487,0.117737,175.630844,119.575356,0.000000,0,2,5.005663e-03,-0.005821,0.016295,-0.002435,0.000087,0.003441,0.760894,0.864694,1.309848,1.091407,0.076348,0.305602
TEMPO_RADT_L1_V04_20240210T011830Z_S014G04,12.596092,33.547775,-83.772324,120,1,VNP46A3_A2024032,104,4.076904e-02,0.012975,0.035487,0.117737,175.630844,119.307220,0.000000,0,8,-2.122844e-03,-0.015340,0.015795,-0.013932,0.000096,0.002911,0.788408,0.873230,1.339083,1.114771,0.076236,0.308247
TEMPO_RADT_L1_V04_20240210T014357Z_S014G05,12.596092,33.505463,-89.991684,120,1,VNP46A3_A2024032,104,4.076904e-02,0.012975,0.035487,0.117737,175.630844,119.169968,0.000000,0,17,7.961775e-03,0.000755,0.014327,-0.007367,0.000249,0.002594,0.760013,0.849901,1.298095,1.100960,0.076893,0.315633
TEMPO_RADT_L1_V04_20240210T102907Z_S001G01,12.596092,33.606926,-93.313850,121,1,VNP46A3_A2024032,130,-2.308500e-02,-0.005066,0.065360,0.204868,171.640442,127.943253,0.000000,0,25,5.293169e-03,0.009954,0.010586,-0.001029,0.000144,0.001581,0.743785,0.870860,1.285842,1.127353,0.077123,0.328253
TEMPO_RADT_L1_V04_20240210T105446Z_S001G02,12.596092,33.662224,-99.596191,120,1,VNP46A3_A2024032,130,-2.308500e-02,-0.005066,0.065360,0.204868,171.640442,127.969002,0.000000,0,29,6.376428e-03,-0.002464,0.016049,-0.004840,0.000084,0.001540,0.752414,0.868295,1.291069,1.105092,0.076510,0.311118
TEMPO_RADT_L1_V04_20240210T112013Z_S001G03,12.596092,33.782066,-106.012566,120,1,VNP46A3_A2024032,130,-2.308500e-02,-0.005066,0.065360,0.204868,171.640442,128.143402,0.000000,1,2,6.895026e-03,-0.005903,0.010408,-0.003530,0.000195,0.002485,0.733898,0.850472,1.269693,1.064019,0.076361,0.303709
TEMPO_RADT_L1_V04_20240210T114539Z_S001G04,12.596092,34.003765,-112.775627,120,1,VNP46A3_A2024032,130,-2.308500e-02,-0.005066,0.065360,0.204868,171.640442,128.583069,0.000000,0,16,9.743652e-03,0.013795,0.008695,0.020716,0.000228,0.002658,0.709909,0.851466,1.234282,1.082926,0.076843,0.310900
TEMPO_RADT_L1_V04_20240210T121106Z_S001G05,12.596092,34.329922,-120.132462,120,1,VNP46A3_A2024032,130,-2.308500e-02,-0.005066,0.065360,0.204868,171.640442,129.487244,0.000000,0,10,1.093373e-02,-0.001146,0.009842,0.010619,0.000196,0.002724,0.715493,0.891635,1.247269,1.174643,0.077954,0.338403
TEMPO_RADT_L1_V04_20240211T000141Z_S012G01,12.596092,34.173237,-63.453701,121,1,VNP46A3_A2024032,73,4.500389e-02,-0.015215,0.050229,0.137955,164.204132,106.848396,0.000000,0,32,1.216661e-02,0.009390,0.005303,0.008893,0.000015,-0.001529,0.703394,0.841331,1.227392,1.111763,0.077257,0.314864
TEMPO_RADT_L1_V04_20240211T002720Z_S012G02,12.596092,33.876118,-70.717659,120,1,VNP46A3_A2024032,73,4.500389e-02,-0.015215,0.050229,0.137955,164.204132,105.875984,0.000000,0,17,1.284799e-02,0.015533,0.006648,0.016675,0.000035,0.000417,0.704147,0.822250,1.227157,1.043884,0.076396,0.303681
TEMPO_RADT_L1_V04_20240211T005247Z_S012G03,12.596092,33.678879,-77.400154,120,1,VNP46A3_A2024032,73,4.500389e-02,-0.015215,0.050229,0.137955,164.204132,105.341370,0.000000,0,0,1.208356e-03,-0.004832,0.011798,-0.001099,0.000061,0.001703,0.758305,0.859628,1.303361,1.074143,0.076068,0.301259
TEMPO_RADT_L1_V04_20240211T011813Z_S012G04,12.596092,33.561707,-83.774399,120,1,VNP46A3_A2024032,73,4.500389e-02,-0.015215,0.050229,0.137955,164.204132,105.070396,0.000000,0,3,2.280954e-04,-0.000138,0.014547,0.001268,0.000289,0.003701,0.764580,0.849321,1.310276,1.074315,0.076047,0.301449
TEMPO_RADT_L1_V04_20240211T014340Z_S012G05,12.596092,33.510872,-90.015320,120,1,VNP46A3_A2024032,73,4.500389e-02,-0.015215,0.050229,0.137955,164.204132,104.911896,0.000000,0,31,8.437987e-03,-0.004585,0.015399,-0.005723,0.000123,0.003937,0.740603,0.843418,1.276956,1.077930,0.076193,0.308788
TEMPO_RADT_L1_V04_20240211T102927Z_S001G01,12.596092,33.595299,-93.327751,121,1,VNP46A3_A2024032,153,1.694291e-02,0.029191,0.049613,0.134858,158.187500,134.683136,0.000000,0,25,5.253128e-03,0.011415,0.012462,0.000451,0.000397,0.002332,0.740400,0.871503,1.281361,1.204035,0.078188,0.356246
TEMPO_RADT_L1_V04_20240211T105506Z_S001G02,12.596092,33.650146,-99.615433,120,1,VNP46A3_A2024032,153,1.694291e-02,0.029191,0.049613,0.134858,158.187500,134.661362,0.000000,0,280,6.409991e-03,-0.010658,0.014411,-0.026934,-0.000070,-0.002420,0.749230,0.882273,1.293230,1.150965,0.077150,0.324228
TEMPO_RADT_L1_V04_20240211T112033Z_S001G03,12.596092,33.768116,-106.027161,120,1,VNP46A3_A2024032,153,1.694291e-02,0.029191,0.049613,0.134858,158.187500,134.752136,0.000000,0,0,7.312205e-03,-0.004442,0.012359,0.001425,0.000182,0.004173,0.735299,0.863266,1.266354,1.081019,0.076755,0.304008
TEMPO_RADT_L1_V04_20240211T114559Z_S001G04,12.596092,33.987751,-112.789200,120,1,VNP46A3_A2024032,153,1.694291e-02,0.029191,0.049613,0.134858,158.187500,135.060364,0.000000,0,8,9.780254e-03,0.011850,0.008234,0.025347,0.000110,0.004787,0.708628,0.853539,1.231191,1.106091,0.077368,0.324085
TEMPO_RADT_L1_V04_20240211T121126Z_S001G05,12.596092,34.306980,-120.148651,120,1,VNP46A3_A2024032,153,1.694291e-02,0.029191,0.049613,0.134858,158.187500,135.764343,0.000000,0,0,1.105467e-02,0.004904,0.008962,0.023613,-0.000070,0.004473,0.715465,0.903881,1.243463,1.297427,0.079121,0.382909
TEMPO_RADT_L1_V04_20240212T000122Z_S014G01,12.596092,34.159916,-63.479610,121,1,VNP46A3_A2024032,95,-6.556669e-03,-0.008367,0.042885,0.135966,150.343674,92.570526,0.000000,0,4,1.155895e-02,0.020222,0.005616,0.029503,0.000215,0.002780,0.698348,0.843879,1.221294,1.177896,0.077955,0.347205
TEMPO_RADT_L1_V04_20240212T002701Z_S014G02,12.596092,33.861111,-70.757462,120,1,VNP46A3_A2024032,95,-6.556669e-03,-0.008367,0.042885,0.135966,150.343674,91.579262,0.000000,0,5,1.172385e-02,0.022958,0.007368,0.031555,0.000255,0.003842,0.704374,0.829523,1.229150,1.070737,0.076648,0.316086
TEMPO_RADT_L1_V04_20240212T005228Z_S014G03,12.596092,33.664970,-77.441956,120,1,VNP46A3_A2024032,95,-6.556669e-03,-0.008367,0.042885,0.135966,150.343674,91.039406,0.000000,0,4,3.213511e-03,0.000750,0.012217,0.007617,0.000204,0.004933,0.750143,0.857685,1.291918,1.081097,0.076228,0.309559
TEMPO_RADT_L1_V04_20240212T011754Z_S014G04,12.596092,33.553005,-83.811890,120,1,VNP46A3_A2024032,95,-6.556669e-03,-0.008367,0.042885,0.135966,150.343674,90.771301,0.000000,0,57,1.842602e-04,-0.012459,0.012523,-0.007796,0.000250,0.004807,0.759066,0.856074,1.306644,1.115186,0.076800,0.318314
TEMPO_RADT_L1_V04_20240212T014321Z_S014G05,12.596092,33.511879,-90.040031,120,1,VNP46A3_A2024032,95,-6.556669e-03,-0.008367,0.042885,0.135966,150.343674,90.624817,0.000000,0,289,6.849358e-03,-0.013619,0.013756,-0.032203,-0.000075,0.000507,0.749795,0.853033,1.290565,1.137953,0.076916,0.327734
TEMPO_RADT_L1_V04_20240215T103037Z_S001G01,12.596092,37.432316,-92.926857,101,1,VNP46A3_A2024032,93,-1.124730e-02,0.033292,0.028665,0.040213,104.470688,125.782433,0.000000,0,2,7.684225e-03,-0.002329,0.015177,-0.010564,0.000027,0.000899,0.745220,0.855270,1.276742,1.085725,0.076465,0.306050
TEMPO_RADT_L1_V04_20240215T105202Z_S001G02,12.596092,37.484039,-98.455765,100,1,VNP46A3_A2024032,93,-1.124730e-02,0.033292,0.028665,0.040213,104.470688,125.617813,0.000000,0,4,8.232768e-03,-0.006792,0.013803,-0.004146,0.000098,0.002364,0.742703,0.853753,1.280359,1.068091,0.076337,0.303105
TEMPO_RADT_L1_V04_20240215T111314Z_S001G03,12.596092,37.589878,-104.040871,100,1,VNP46A3_A2024032,93,-1.124730e-02,0.033292,0.028665,0.040213,104.470688,125.387833,0.000000,0,4,1.064689e-02,0.022616,0.010704,0.032666,0.000298,0.004520,0.737068,0.845168,1.269497,1.079375,0.077793,0.308251
TEMPO_RADT_L1_V04_20240216T010338Z_S015G01,12.596092,38.206131,-60.928604,101,1,VNP46A3_A2024032,15,-1.901624e-02,0.024118,0.060668,0.121908,96.797729,52.511990,0.000000,0,0,4.256505e-03,0.011322,0.000082,0.013406,0.000114,0.001281,0.702766,0.808597,1.238653,1.028205,0.077225,0.303556
TEMPO_RADT_L1_V04_20240216T012503Z_S015G02,12.596092,37.870186,-67.621918,100,1,VNP46A3_A2024032,15,-1.901624e-02,0.024118,0.060668,0.121908,96.797729,51.239525,0.000000,52,0,3.821238e-03,0.011180,0.000922,0.012886,-0.000301,0.002311,0.706789,0.804930,1.239932,1.024088,0.078652,0.302380
TEMPO_RADT_L1_V04_20240216T014615Z_S015G03,12.596092,37.628719,-73.735100,100,1,VNP46A3_A2024032,15,-1.901624e-02,0.024118,0.060668,0.121908,96.797729,50.388119,0.000000,0,0,-1.047640e-03,-0.018497,0.010601,-0.019261,0.000395,0.001004,0.737869,0.831293,1.279995,1.049625,0.076225,0.302001
TEMPO_RADT_L1_V04_20240216T103052Z_S001G01,12.596092,37.784195,-109.803131,101,1,VNP46A3_A2024032,51,7.663980e-03,0.033334,0.029068,0.049615,91.892235,112.413483,0.000000,0,3,3.650420e-03,0.000359,0.005909,-0.005402,0.000159,0.001038,0.720132,0.820453,1.257001,1.042244,0.077669,0.303098
TEMPO_RADT_L1_V04_20240216T105217Z_S001G02,12.596092,38.061913,-116.067696,100,1,VNP46A3_A2024032,51,7.663980e-03,0.033334,0.029068,0.049615,91.892235,111.632828,0.000000,0,0,6.675060e-03,-0.007269,0.009177,-0.005181,-0.000070,0.002233,0.722261,0.830057,1.267812,1.047360,0.076519,0.302494
TEMPO_RADT_L1_V04_20240216T111329Z_S001G03,12.596092,38.443394,-122.889519,100,1,VNP46A3_A2024032,51,7.663980e-03,0.033334,0.029068,0.049615,91.892235,110.478241,0.000000,0,4,6.174720e-03,0.014766,0.009053,0.022489,-0.000056,0.003324,0.719908,0.826944,1.259681,1.047433,0.076851,0.304632
TEMPO_RADT_L1_V04_20240217T010316Z_S015G01,12.596092,37.445442,-80.154869,126,1,VNP46A3_A2024032,67,-2.109264e-03,0.035731,0.036050,0.274159,84.509727,25.583300,0.000000,0,4,6.818933e-04,0.017324,0.000915,0.026038,0.000303,0.001181,0.827105,0.882545,1.412235,1.113543,0.076200,0.304800
TEMPO_RADT_L1_V04_20240217T012959Z_S015G02,12.596092,37.363598,-87.067032,125,1,VNP46A3_A2024032,67,-2.109264e-03,0.035731,0.036050,0.274159,84.509727,25.123211,0.000000,0,7,1.028514e-02,-0.007025,0.015053,-0.010524,-0.000024,0.001778,0.806794,0.877293,1.389900,1.097222,0.075856,0.300514
TEMPO_RADT_L1_V04_20240217T103107Z_S001G01,12.596092,37.437084,-92.928017,101,1,VNP46A3_A2024032,90,9.453834e-03,-0.009199,0.026840,0.043256,79.703056,111.257881,0.000000,0,4,7.918792e-03,-0.003824,0.011798,-0.009889,-0.000599,0.000117,0.741337,0.850911,1.271284,1.097376,0.080762,0.312610
TEMPO_RADT_L1_V04_20240217T105232Z_S001G02,12.596092,37.495846,-98.444649,100,1,VNP46A3_A2024032,90,9.453834e-03,-0.009199,0.026840,0.043256,79.703056,111.027649,0.000000,0,0,7.752212e-03,0.004801,0.012413,0.007778,-0.000162,0.001950,0.742091,0.847996,1.274467,1.057728,0.077637,0.299326
TEMPO_RADT_L1_V04_20240217T111344Z_S001G03,12.596092,37.606472,-104.030045,100,1,VNP46A3_A2024032,90,9.453834e-03,-0.009199,0.026840,0.043256,79.703056,110.704384,0.000000,48,4,1.082070e-02,0.010533,0.010025,0.018142,0.000414,0.003374,0.732266,0.860325,1.264323,1.114173,0.083051,0.316602
TEMPO_RADT_L1_V04_20240218T010254Z_S015G01,12.596092,38.191723,-60.965141,101,1,VNP46A3_A2024032,24,-8.657961e-03,-0.008163,0.034849,0.037933,72.495392,28.288301,0.000000,850,0,1.197774e-02,0.026626,0.013221,0.020808,0.000197,-0.000728,0.763587,0.847095,1.386233,1.091516,0.084782,0.317162
TEMPO_RADT_L1_V04_20240218T012419Z_S015G02,12.596092,37.862183,-67.648994,100,1,VNP46A3_A2024032,24,-8.657961e-03,-0.008163,0.034849,0.037933,72.495392,27.007162,0.000000,1388,2,9.498461e-03,0.028186,0.007708,0.014244,-0.002405,-0.001916,0.758295,0.843440,1.372322,1.071029,0.083434,0.308528
TEMPO_RADT_L1_V04_20240218T014531Z_S015G03,12.596092,37.628433,-73.749527,100,1,VNP46A3_A2024032,24,-8.657961e-03,-0.008163,0.034849,0.037933,72.495392,26.158365,0.000000,221,0,-1.129924e-02,-0.048441,0.002691,-0.034780,-0.002603,0.002794,0.842101,0.901633,1.509654,1.138229,0.082348,0.309938
TEMPO_RADT_L1_V04_20240218T103121Z_S001G01,12.596092,37.778027,-109.846779,101,1,VNP46A3_A2024032,43,-1.265748e-02,0.038434,0.041024,0.094067,67.857925,93.720718,0.000000,0,0,4.762982e-03,0.001829,0.007853,0.000095,0.000478,0.000690,0.730887,0.822296,1.286077,1.059525,0.076982,0.306427
TEMPO_RADT_L1_V04_20240218T105246Z_S001G02,12.596092,38.047279,-116.120827,100,1,VNP46A3_A2024032,43,-1.265748e-02,0.038434,0.041024,0.094067,67.857925,92.849106,0.000000,10,0,3.519896e-03,-0.001296,0.006749,-0.000010,-0.000618,0.001522,0.728979,0.828737,1.299016,1.060434,0.078249,0.303335
TEMPO_RADT_L1_V04_20240218T111358Z_S001G03,12.596092,38.434929,-122.945839,100,1,VNP46A3_A2024032,43,-1.265748e-02,0.038434,0.041024,0.094067,67.857925,91.528557,0.000000,0,4,5.137492e-03,0.005139,0.005479,0.010772,-0.000006,0.002102,0.730372,0.834246,1.313969,1.078515,0.078084,0.312246
TEMPO_RADT_L1_V04_20240219T010231Z_S015G01,12.596092,37.464867,-79.456253,101,1,VNP46A3_A2024032,133,-3.096027e-03,0.007820,0.021628,0.043751,60.837482,9.364708,0.000000,0,0,-1.383451e-03,0.016354,0.003415,0.027476,0.000128,0.001427,0.917343,0.901317,1.635512,1.159699,0.076658,0.315366
TEMPO_RADT_L1_V04_20240219T012356Z_S015G02,12.596092,37.378265,-85.072357,100,1,VNP46A3_A2024032,133,-3.096027e-03,0.007820,0.021628,0.043751,60.837482,9.327431,0.000000,0,16,4.620064e-03,-0.000657,0.013097,-0.000113,0.000132,0.000477,0.948466,0.927972,1.698309,1.155940,0.076089,0.298786
TEMPO_RADT_L1_V04_20240219T014508Z_S015G03,12.596092,37.359264,-90.533966,100,1,VNP46A3_A2024032,133,-3.096027e-03,0.007820,0.021628,0.043751,60.837482,9.357393,0.000000,0,0,1.143608e-02,0.006023,0.010069,0.002018,0.000110,0.002171,0.862192,0.890628,1.535109,1.133829,0.076268,0.308151
TEMPO_RADT_L1_V04_20240219T103133Z_S001G01,12.596092,37.438309,-92.973236,101,1,VNP46A3_A2024032,120,-1.282514e-02,-0.000716,0.022728,0.054347,56.303509,95.667191,0.000000,0,2,7.923249e-03,0.010660,0.014863,0.007472,0.000063,0.001254,0.746546,0.853728,1.289524,1.121663,0.077059,0.319579
TEMPO_RADT_L1_V04_20240219T105258Z_S001G02,12.596092,37.488956,-98.506920,100,1,VNP46A3_A2024032,120,-1.282514e-02,-0.000716,0.022728,0.054347,56.303509,95.411995,0.000000,0,9,9.519027e-03,-0.011118,0.013336,-0.008615,0.000047,0.001288,0.742076,0.867544,1.282434,1.076352,0.076215,0.299621
TEMPO_RADT_L1_V04_20240219T111410Z_S001G03,12.596092,37.602329,-104.095871,100,1,VNP46A3_A2024032,120,-1.282514e-02,-0.000716,0.022728,0.054347,56.303509,95.051376,0.000000,0,12,1.083135e-02,0.014780,0.011995,0.022165,0.000118,0.002979,0.740796,0.866644,1.287589,1.135432,0.077428,0.323055
TEMPO_RADT_L1_V04_20240220T010207Z_S015G01,12.596092,38.184311,-61.060890,101,1,VNP46A3_A2024032,32,-3.518152e-02,-0.013181,0.031780,0.044132,49.437790,10.790824,0.000000,0,0,1.507279e-02,0.021363,0.009164,0.018046,0.000099,-0.000302,0.915488,0.875550,1.715199,1.099351,0.076820,0.304014
TEMPO_RADT_L1_V04_20240220T012332Z_S015G02,12.596092,37.854984,-67.737648,100,1,VNP46A3_A2024032,32,-3.518152e-02,-0.013181,0.031780,0.044132,49.437790,10.167018,0.000000,11,2,1.729994e-02,0.021085,0.018146,0.024109,-0.000348,0.002023,0.957944,0.878411,1.794572,1.105460,0.077934,0.300349
TEMPO_RADT_L1_V04_20240220T014444Z_S015G03,12.596092,37.631401,-73.815094,100,1,VNP46A3_A2024032,32,-3.518152e-02,-0.013181,0.031780,0.044132,49.437790,9.832808,0.000000,0,4,-1.994225e-02,-0.034598,-0.008766,-0.031229,0.000490,0.001232,1.069831,0.944037,1.998938,1.176558,0.076085,0.301681
TEMPO_RADT_L1_V04_20240220T103145Z_S001G01,12.596092,37.786858,-109.899193,101,1,VNP46A3_A2024032,38,-1.857796e-03,-0.012596,0.030422,0.080127,44.987514,76.079788,0.000000,1417,2,3.414469e-03,0.011799,0.003973,0.002796,-0.001773,0.000048,0.771658,0.848803,1.397451,1.098227,0.083323,0.311213
TEMPO_RADT_L1_V04_20240220T105310Z_S001G02,12.596092,38.051952,-116.176796,100,1,VNP46A3_A2024032,38,-1.857796e-03,-0.012596,0.030422,0.080127,44.987514,75.177856,0.000000,1682,0,5.610867e-03,-0.000617,0.007630,-0.026610,-0.002567,-0.005362,0.796030,0.872228,1.485006,1.110883,0.081493,0.310678
TEMPO_RADT_L1_V04_20240220T111422Z_S001G03,12.596092,38.437794,-123.025139,100,1,VNP46A3_A2024032,38,-1.857796e-03,-0.012596,0.030422,0.080127,44.987514,73.777138,0.000000,0,0,3.862275e-03,-0.001959,0.006162,0.002713,0.004648,-0.000558,0.805486,0.865185,1.503710,1.148758,0.084424,0.324683
TEMPO_RADT_L1_V04_20240221T010144Z_S013G01,12.596092,37.457607,-79.524155,101,1,VNP46A3_A2024032,141,2.296468e-03,0.003063,0.018033,0.047263,38.248753,26.075489,0.000000,0,0,5.765597e-03,-0.014834,0.021615,-0.003335,0.000091,0.000234,0.896434,0.961618,1.587779,1.260409,0.076889,0.327111
TEMPO_RADT_L1_V04_20240221T012309Z_S013G02,12.596092,37.371552,-85.145279,100,1,VNP46A3_A2024032,141,2.296468e-03,0.003063,0.018033,0.047263,38.248753,26.415054,0.000000,0,3,1.173840e-02,0.011711,0.020281,0.014841,0.000012,0.001744,0.907001,0.915683,1.622497,1.142377,0.076032,0.299815
TEMPO_RADT_L1_V04_20240221T014421Z_S013G03,12.596092,37.352318,-90.608780,100,1,VNP46A3_A2024032,141,2.296468e-03,0.003063,0.018033,0.047263,38.248753,26.694384,0.000000,0,0,1.641071e-02,0.029318,0.020955,0.024392,0.000181,0.002633,0.870934,0.897973,1.560450,1.166741,0.076490,0.316382
TEMPO_RADT_L1_V04_20240221T103156Z_S001G01,12.596092,37.446934,-93.007301,101,1,VNP46A3_A2024032,105,-4.562497e-03,-0.005822,0.021981,0.077695,33.867409,80.758904,0.000000,0,15,6.972947e-03,0.009876,0.013531,0.007794,0.000129,0.001809,0.753369,0.859757,1.306898,1.102473,0.076439,0.309750
TEMPO_RADT_L1_V04_20240221T105321Z_S001G02,12.596092,37.500957,-98.537354,100,1,VNP46A3_A2024032,105,-4.562497e-03,-0.005822,0.021981,0.077695,33.867409,80.503349,0.000000,0,2,9.373864e-03,-0.008677,0.016219,-0.006202,0.000126,0.001899,0.750090,0.868694,1.310178,1.077759,0.076408,0.300334
TEMPO_RADT_L1_V04_20240221T111433Z_S001G03,12.596092,37.614098,-104.130386,100,1,VNP46A3_A2024032,105,-4.562497e-03,-0.005822,0.021981,0.077695,33.867409,80.140038,0.000000,0,7,9.572538e-03,0.012319,0.009480,0.018688,0.000086,0.001840,0.764033,0.867952,1.347985,1.111295,0.076703,0.312103
TEMPO_RADT_L1_V04_20240222T010119Z_S015G01,12.596092,38.174580,-61.147465,101,1,VNP46A3_A2024032,29,-1.528529e-02,-0.012842,0.043347,0.041108,27.238947,23.624275,0.000000,0,23,4.205558e-03,0.017372,0.000028,0.021630,-0.000970,0.000417,1.152772,0.996257,2.225200,1.265224,0.082815,0.300719
TEMPO_RADT_L1_V04_20240222T012244Z_S015G02,12.596092,37.839550,-67.827705,100,1,VNP46A3_A2024032,29,-1.528529e-02,-0.012842,0.043347,0.041108,27.238947,24.503468,0.000000,116,6,2.878040e-02,0.017088,0.049113,0.018046,-0.001032,0.000965,1.228233,1.042502,2.371786,1.309957,0.078844,0.300124
TEMPO_RADT_L1_V04_20240222T014356Z_S015G03,12.596092,37.613140,-73.899193,100,1,VNP46A3_A2024032,29,-1.528529e-02,-0.012842,0.043347,0.041108,27.238947,25.085220,0.000000,604,0,3.271978e-02,-0.005679,0.083639,-0.007472,-0.000651,0.001286,1.114620,1.002841,2.096284,1.259066,0.080418,0.304141
TEMPO_RADT_L1_V04_20240222T103206Z_S001G01,12.596092,33.862556,-108.851257,101,1,VNP46A3_A2024032,58,1.306545e-02,0.014004,0.032892,0.059208,22.922684,61.985443,0.000000,0,0,7.713710e-03,0.008332,0.014769,0.003376,0.000059,0.000506,0.851533,0.880485,1.554407,1.114256,0.076050,0.302636
TEMPO_RADT_L1_V04_20240222T105331Z_S001G02,12.596092,34.080761,-114.696091,100,1,VNP46A3_A2024032,58,1.306545e-02,0.014004,0.032892,0.059208,22.922684,61.435047,0.000000,0,2,6.289427e-03,-0.003064,0.014561,-0.002105,0.000036,0.001345,0.877007,0.886233,1.631617,1.105760,0.075924,0.297313
TEMPO_RADT_L1_V04_20240222T111443Z_S001G03,12.596092,34.369919,-120.942360,100,1,VNP46A3_A2024032,58,1.306545e-02,0.014004,0.032892,0.059208,22.922684,60.503773,0.000000,0,2,5.259574e-03,0.005642,0.006116,0.012038,0.000119,0.002640,0.925186,0.918661,1.756179,1.151306,0.076413,0.305387
TEMPO_RADT_L1_V04_20240223T010054Z_S015G01,12.596092,33.604076,-80.183922,101,1,VNP46A3_A2024032,94,4.215883e-02,-0.009431,0.039409,0.090632,16.421682,48.320225,0.000000,0,0,-3.571796e-02,0.000292,-0.049332,0.011364,0.000296,0.001810,1.166565,1.061525,2.186869,1.354855,0.076852,0.304473
TEMPO_RADT_L1_V04_20240223T012219Z_S015G02,12.596092,33.529812,-85.491684,100,1,VNP46A3_A2024032,94,4.215883e-02,-0.009431,0.039409,0.090632,16.421682,48.442841,0.000000,0,13,-1.501673e-02,0.021641,-0.030264,0.025603,0.000231,0.002461,1.117887,0.990760,2.089043,1.242248,0.076395,0.300687
TEMPO_RADT_L1_V04_20240223T014331Z_S015G03,12.596092,33.512421,-90.660507,100,1,VNP46A3_A2024032,94,4.215883e-02,-0.009431,0.039409,0.090632,16.421682,48.495770,0.000000,0,122,8.533422e-02,-0.005580,0.151737,-0.016552,-0.000140,0.000252,1.131563,1.006588,2.082932,1.279894,0.077053,0.301170
TEMPO_RADT_L1_V04_20240223T103216Z_S001G01,12.596092,33.611912,-92.945030,101,1,VNP46A3_A2024032,128,-4.287191e-02,0.033342,0.028058,0.077521,12.220448,68.182129,0.000000,0,4,1.910666e-02,0.018803,0.033596,0.019024,0.000257,0.002385,0.838373,0.889880,1.499223,1.132916,0.076710,0.311367
TEMPO_RADT_L1_V04_20240223T105341Z_S001G02,12.596092,33.656555,-98.164513,100,1,VNP46A3_A2024032,128,-4.287191e-02,0.033342,0.028058,0.077521,12.220448,68.191452,0.000000,0,2,1.040453e-02,-0.019657,0.023498,-0.017984,0.000045,0.000930,0.824366,0.924588,1.468284,1.145153,0.076367,0.300005
TEMPO_RADT_L1_V04_20240223T111453Z_S001G03,12.596092,33.740467,-103.442970,100,1,VNP46A3_A2024032,128,-4.287191e-02,0.033342,0.028058,0.077521,12.220448,68.103516,0.000000,0,9,1.613205e-02,0.016887,0.024805,0.020059,0.000001,0.001291,0.882752,0.912446,1.593203,1.176218,0.076836,0.316873
TEMPO_RADT_L1_V04_20240224T010029Z_S015G01,12.596092,34.185474,-63.082767,101,0,VNP46A3_A2024032,23,-1.470456e-01,-0.760462,0.235284,0.871883,6.188082,45.430012,0.000000,0,0,4.445139e-02,0.012210,0.082924,0.020429,0.000191,0.001186,1.298583,1.029786,2.518127,1.296484,0.076717,0.303027
TEMPO_RADT_L1_V04_20240224T012154Z_S015G02,12.596092,33.936581,-69.234039,100,0,VNP46A3_A2024032,23,-1.470456e-01,-0.760462,0.235284,0.871883,6.188082,46.185940,0.000000,0,48,3.028212e-03,0.010929,-0.007980,0.014725,0.000071,0.001442,1.348181,1.058267,2.604832,1.327616,0.076015,0.297820
TEMPO_RADT_L1_V04_20240224T014306Z_S015G03,12.596092,33.768551,-74.893501,100,0,VNP46A3_A2024032,23,-1.470456e-01,-0.760462,0.235284,0.871883,6.188082,46.605988,0.000000,0,93,2.217519e-02,-0.003300,0.044412,-0.004991,0.000024,0.000948,1.600493,1.261771,3.023249,1.582346,0.076816,0.303669
TEMPO_RADT_L1_V04_20240224T103224Z_S001G01,12.596092,33.870693,-108.903732,101,1,VNP46A3_A2024032,44,-3.202175e-02,-0.006553,0.041672,0.111856,3.471139,48.862919,0.000000,0,0,3.616928e-02,0.014750,0.071791,0.019772,0.000090,0.000875,1.319184,1.117611,2.501602,1.407681,0.077129,0.307343
TEMPO_RADT_L1_V04_20240224T105349Z_S001G02,12.596092,34.091324,-114.751396,100,1,VNP46A3_A2024032,44,-3.202175e-02,-0.006553,0.041672,0.111856,3.471139,48.437576,0.000000,0,9,5.656333e-02,0.012984,0.116491,0.023050,0.000215,0.001318,1.306704,1.110352,2.485744,1.388705,0.076291,0.300578
TEMPO_RADT_L1_V04_20240224T111501Z_S001G03,12.596092,34.376862,-121.010704,100,1,VNP46A3_A2024032,44,-3.202175e-02,-0.006553,0.041672,0.111856,3.471139,47.662338,0.000000,0,2,4.076609e-02,0.017898,0.067196,0.028344,0.000041,0.000956,1.485183,1.175065,2.825681,1.496012,0.077672,0.310727
TEMPO_RADT_L1_V04_20240225T010003Z_S014G01,12.596092,33.600819,-80.218620,101,1,VNP46A3_A2024032,152,-2.060141e-02,-0.006837,0.033591,0.051348,6.545894,70.704330,0.000000,0,6,3.961434e-03,-0.005268,0.017823,-0.003917,-0.000063,-0.000525,0.900345,0.945756,1.605941,1.193100,0.076499,0.310722
TEMPO_RADT_L1_V04_20240225T012128Z_S014G02,12.596092,33.529335,-85.520874,100,1,VNP46A3_A2024032,152,-2.060141e-02,-0.006837,0.033591,0.051348,6.545894,70.823257,0.000000,0,0,8.648064e-03,0.005270,0.016541,0.006415,0.000049,0.000840,0.842999,0.890720,1.489653,1.105214,0.075767,0.296767
TEMPO_RADT_L1_V04_20240225T014240Z_S014G03,12.596092,33.513687,-90.689148,100,1,VNP46A3_A2024032,152,-2.060141e-02,-0.006837,0.033591,0.051348,6.545894,70.874886,0.000000,0,4,1.075874e-02,0.025288,0.010688,0.026214,0.000264,0.002432,0.816098,0.870700,1.439712,1.106137,0.075927,0.310759
TEMPO_RADT_L1_V04_20240225T103232Z_S001G01,12.596092,33.606762,-93.001312,101,1,VNP46A3_A2024032,125,-3.734019e-02,-0.008492,0.030632,0.090071,10.468718,56.850609,0.000000,0,2,2.211765e-02,0.016061,0.037808,0.017335,0.000929,0.001233,0.847667,0.891661,1.496210,1.139792,0.079119,0.310413
TEMPO_RADT_L1_V04_20240225T105357Z_S001G02,12.596092,33.645992,-98.234924,100,1,VNP46A3_A2024032,125,-3.734019e-02,-0.008492,0.030632,0.090071,10.468718,56.890022,0.000000,0,4,1.842511e-02,-0.015914,0.038430,-0.011509,-0.000224,0.001740,0.897708,0.953635,1.611436,1.178719,0.076465,0.299102
TEMPO_RADT_L1_V04_20240225T111509Z_S001G03,12.596092,33.727135,-103.518089,100,1,VNP46A3_A2024032,125,-3.734019e-02,-0.008492,0.030632,0.090071,10.468718,56.857220,0.000000,0,3,1.328409e-02,0.015889,0.018217,0.021595,-0.000567,0.002036,0.895307,0.916745,1.619765,1.173538,0.078501,0.314777
TEMPO_RADT_L1_V04_20240226T005937Z_S015G01,12.596092,34.182159,-63.126797,101,1,VNP46A3_A2024032,32,1.473378e-02,-0.026886,0.029780,0.047034,16.758575,67.700661,0.000000,0,6,4.934142e-03,0.009329,0.000410,0.012909,0.000050,0.001229,0.920117,0.873860,1.741891,1.098264,0.076231,0.304395
TEMPO_RADT_L1_V04_20240226T012102Z_S015G02,12.596092,33.923660,-69.264854,100,1,VNP46A3_A2024032,32,1.473378e-02,-0.026886,0.029780,0.047034,16.758575,68.458961,0.000000,0,2,9.818434e-03,0.011699,0.010120,0.011504,0.000023,0.001046,0.807154,0.840304,1.475617,1.042836,0.075721,0.295787
TEMPO_RADT_L1_V04_20240226T014214Z_S015G03,12.596092,33.741699,-74.923721,100,1,VNP46A3_A2024032,32,1.473378e-02,-0.026886,0.029780,0.047034,16.758575,68.884148,0.000000,0,3,-5.373254e-04,-0.014426,0.015663,-0.014742,0.000236,0.000989,0.849906,0.860067,1.549101,1.069629,0.076188,0.298727
TEMPO_RADT_L1_V04_20240226T103239Z_S001G01,12.596092,33.870201,-108.957207,101,1,VNP46A3_A2024032,33,-2.108137e-02,-0.036917,0.048683,0.171611,20.987411,42.105244,0.000000,0,0,2.596026e-02,0.002441,0.047375,-0.001763,0.000157,0.000936,1.037526,0.976015,1.926912,1.237820,0.076277,0.305941
TEMPO_RADT_L1_V04_20240226T105404Z_S001G02,12.596092,34.096077,-114.806198,100,1,VNP46A3_A2024032,33,-2.108137e-02,-0.036917,0.048683,0.171611,20.987411,41.948910,0.000000,0,4,2.511023e-03,0.003209,0.009723,0.006105,0.000130,0.002613,1.045037,0.964981,1.972482,1.209159,0.076143,0.299891
TEMPO_RADT_L1_V04_20240226T111516Z_S001G03,12.596092,34.379860,-121.064934,100,1,VNP46A3_A2024032,33,-2.108137e-02,-0.036917,0.048683,0.171611,20.987411,41.576782,0.000000,0,2,-2.169218e-04,0.006621,0.000527,0.012475,0.000015,0.002249,1.158744,1.025990,2.227960,1.297777,0.076634,0.307766
TEMPO_RADT_L1_V04_20240227T005911Z_S015G01,12.596092,33.599991,-80.271851,101,1,VNP46A3_A2024032,141,-4.277520e-02,-0.020238,0.030726,0.067942,27.429821,92.917786,0.000000,0,0,-8.642610e-04,-0.013803,0.007824,-0.003017,0.000028,0.000984,0.790728,0.920720,1.356146,1.163940,0.076714,0.302194
TEMPO_RADT_L1_V04_20240227T012036Z_S015G02,12.596092,33.528469,-85.576042,100,1,VNP46A3_A2024032,141,-4.277520e-02,-0.020238,0.030726,0.067942,27.429821,93.039421,0.000000,0,7,5.758679e-03,0.013877,0.008334,0.012108,0.000616,0.000780,0.773107,0.865611,1.321667,1.074833,0.076679,0.296978
TEMPO_RADT_L1_V04_20240227T014148Z_S015G03,12.596092,33.514202,-90.748665,100,1,VNP46A3_A2024032,141,-4.277520e-02,-0.020238,0.030726,0.067942,27.429821,93.094948,0.000000,0,7,1.139733e-02,0.022454,0.010348,0.020145,-0.000392,0.002114,0.759564,0.856931,1.300881,1.087289,0.077077,0.300874
TEMPO_RADT_L1_V04_20240227T103245Z_S001G01,12.596092,33.601551,-93.060890,101,1,VNP46A3_A2024032,111,-4.512998e-02,0.004375,0.043633,0.087927,31.716408,50.445621,0.000000,0,2,2.321786e-02,0.012922,0.036554,0.010515,0.000200,0.003506,0.871577,0.895956,1.546671,1.134898,0.076497,0.310920
TEMPO_RADT_L1_V04_20240227T105410Z_S001G02,12.596092,33.638969,-98.294807,100,1,VNP46A3_A2024032,111,-4.512998e-02,0.004375,0.043633,0.087927,31.716408,50.522987,0.000000,0,0,8.877681e-03,-0.003643,0.020598,-0.000107,0.000180,0.003329,0.943412,0.941473,1.696912,1.176066,0.076255,0.305931
TEMPO_RADT_L1_V04_20240227T111522Z_S001G03,12.596092,33.721462,-103.571243,100,1,VNP46A3_A2024032,111,-4.512998e-02,0.004375,0.043633,0.087927,31.716408,50.569904,0.000000,0,4,9.111042e-03,0.005153,0.011062,0.011533,0.000169,0.004316,0.913300,0.929838,1.654214,1.175823,0.076920,0.315316
TEMPO_RADT_L1_V04_20240228T005844Z_S012G01,12.596092,34.189304,-63.161907,101,1,VNP46A3_A2024032,17,4.335700e-02,-0.025736,0.313164,0.125975,38.219105,89.920456,0.000000,0,10,3.283793e-03,-0.000193,0.001771,0.004955,0.000111,0.003086,0.699872,0.828251,1.227869,1.052281,0.076180,0.309574
TEMPO_RADT_L1_V04_20240228T012009Z_S012G02,12.596092,33.931732,-69.296097,100,1,VNP46A3_A2024032,17,4.335700e-02,-0.025736,0.313164,0.125975,38.219105,90.684402,0.000000,0,4,3.866938e-03,0.003896,0.002560,0.003527,0.000101,0.002557,0.691301,0.813464,1.209694,1.029595,0.075808,0.303537
TEMPO_RADT_L1_V04_20240228T014121Z_S012G03,12.596092,33.749271,-74.967300,100,1,VNP46A3_A2024032,17,4.335700e-02,-0.025736,0.313164,0.125975,38.219105,91.125366,0.000000,0,15,1.739455e-03,-0.000691,0.008596,-0.003266,0.000256,0.002820,0.722583,0.820610,1.251030,1.034883,0.075687,0.306210
TEMPO_RADT_L1_V04_20240228T103251Z_S001G01,12.596092,33.863014,-109.016106,101,1,VNP46A3_A2024032,45,-6.612147e-03,0.015758,0.043846,0.073408,42.552105,44.461853,0.000000,0,3,6.548143e-03,0.008976,0.013679,-0.004427,0.000161,0.000290,0.876830,0.861898,1.587040,1.096137,0.076055,0.305887
TEMPO_RADT_L1_V04_20240228T105416Z_S001G02,12.596092,34.092281,-114.873581,100,1,VNP46A3_A2024032,45,-6.612147e-03,0.015758,0.043846,0.073408,42.552105,44.642048,0.000000,0,2,7.108266e-03,-0.002439,0.011406,0.001702,0.000199,0.003816,0.882811,0.870595,1.617727,1.102112,0.076534,0.305266
TEMPO_RADT_L1_V04_20240228T111528Z_S001G03,12.596092,34.374474,-121.148178,100,1,VNP46A3_A2024032,45,-6.612147e-03,0.015758,0.043846,0.073408,42.552105,44.805973,0.000000,0,0,7.521662e-03,0.001433,0.010007,0.016789,0.000106,0.006434,0.904789,0.878156,1.674185,1.119259,0.076829,0.314471
TEMPO_RADT_L1_V04_20240229T005817Z_S015G01,12.596092,33.601955,-80.324646,101,1,VNP46A3_A2024032,110,-3.924801e-02,0.027019,0.043305,0.108069,49.122383,115.171600,0.000000,0,4,4.942453e-03,0.004613,0.012903,0.008051,-0.000035,0.002696,0.781850,0.900991,1.335093,1.151259,0.076460,0.323957
TEMPO_RADT_L1_V04_20240229T011942Z_S015G02,12.596092,33.532955,-85.620720,100,1,VNP46A3_A2024032,110,-3.924801e-02,0.027019,0.043305,0.108069,49.122383,115.289795,0.000000,0,0,7.315908e-03,-0.000680,0.012630,0.004070,0.000101,0.003750,0.766304,0.871913,1.312158,1.090955,0.075717,0.306927
TEMPO_RADT_L1_V04_20240229T014054Z_S015G03,12.596092,33.515312,-90.799370,100,1,VNP46A3_A2024032,110,-3.924801e-02,0.027019,0.043305,0.108069,49.122383,115.352806,0.000000,0,0,1.256310e-02,0.013711,0.015051,0.014348,0.000339,0.004220,0.758516,0.866696,1.296863,1.105637,0.076230,0.314564
TEMPO_RADT_L1_V04_20240229T103255Z_S001G01,12.595327,33.604664,-93.109673,101,1,VNP46A3_A2024032,95,-2.121484e-02,0.024838,0.033104,0.112705,53.514923,50.833946,0.000000,0,10,9.022250e-03,0.004492,0.013029,0.005163,0.000282,0.004410,0.817013,0.870758,1.440227,1.132423,0.076982,0.323098
TEMPO_RADT_L1_V04_20240229T105420Z_S001G02,12.595327,33.646122,-98.338387,100,1,VNP46A3_A2024032,95,-2.121484e-02,0.024838,0.033104,0.112705,53.514923,50.938580,0.000000,0,0,7.776195e-03,0.006017,0.015758,0.008815,0.000065,0.003445,0.837050,0.896406,1.487673,1.124221,0.076218,0.307600
TEMPO_RADT_L1_V04_20240229T111532Z_S001G03,12.595327,33.726585,-103.619934,100,1,VNP46A3_A2024032,95,-2.121484e-02,0.024838,0.033104,0.112705,53.514923,51.049965,0.000000,0,8,1.321284e-02,0.002220,0.017313,0.007254,0.000085,0.003673,0.839392,0.894559,1.495592,1.174172,0.077187,0.327228
TEMPO_RADT_L1_V04_20240301T005750Z_S016G01,12.595327,34.191509,-62.862652,101,1,VNP46A3_A2024061,29,-4.153180e-02,0.042849,0.023576,0.097048,60.180252,112.064949,0.000000,0,3,5.899854e-03,0.010843,0.003681,0.014102,0.000083,0.001260,0.696801,0.818105,1.215636,1.040353,0.075954,0.307875
TEMPO_RADT_L1_V04_20240301T011915Z_S016G02,12.595327,33.935509,-69.004265,100,1,VNP46A3_A2024061,29,-4.153180e-02,0.042849,0.023576,0.097048,60.180252,112.845627,0.000000,0,0,5.265961e-03,0.014404,0.003477,0.016254,0.000120,0.001918,0.696496,0.812119,1.214348,1.020587,0.075495,0.299958
TEMPO_RADT_L1_V04_20240301T014027Z_S016G03,12.595327,33.751156,-74.683144,100,1,VNP46A3_A2024061,29,-4.153180e-02,0.042849,0.023576,0.097048,60.180252,113.300690,0.000000,0,2,-1.363829e-03,-0.020693,0.009136,-0.022025,0.000173,0.001543,0.730337,0.841116,1.270829,1.049531,0.076000,0.301892
TEMPO_RADT_L1_V04_20240301T103259Z_S001G01,12.595327,33.846123,-108.709785,101,1,VNP46A3_A2024061,50,-2.376989e-02,-0.019961,0.042578,0.065105,64.654037,54.677341,0.000000,0,2,3.078572e-03,-0.000940,0.004618,-0.011389,0.000254,0.000437,0.726949,0.835838,1.273804,1.065042,0.076122,0.308856
TEMPO_RADT_L1_V04_20240301T105424Z_S001G02,12.595327,34.066422,-114.541451,100,1,VNP46A3_A2024061,50,-2.376989e-02,-0.019961,0.042578,0.065105,64.654037,55.080505,0.000000,0,6,4.358228e-03,-0.000995,0.005585,0.001516,0.000096,0.003535,0.722548,0.830843,1.273009,1.048112,0.075781,0.303058
TEMPO_RADT_L1_V04_20240301T111536Z_S001G03,12.595327,34.352287,-120.762901,100,1,VNP46A3_A2024061,50,-2.376989e-02,-0.019961,0.042578,0.065105,64.654037,55.642662,0.000000,0,0,4.610415e-03,0.008977,0.004762,0.021706,-0.000023,0.005022,0.739716,0.842136,1.312778,1.084374,0.076680,0.314214
TEMPO_RADT_L1_V04_20240302T103302Z_S001G01,12.595327,33.580811,-92.804710,101,1,VNP46A3_A2024061,114,2.857354e-02,0.013504,0.030277,0.097509,76.031662,57.905121,0.000000,0,49,1.003942e-02,0.017917,0.015242,0.012838,0.000200,0.002586,0.762221,0.859909,1.331081,1.118561,0.077091,0.317783
TEMPO_RADT_L1_V04_20240302T105427Z_S001G02,12.595327,33.619740,-98.033302,100,1,VNP46A3_A2024061,114,2.857354e-02,0.013504,0.030277,0.097509,76.031662,58.004349,0.000000,0,16,7.237804e-03,-0.018372,0.013950,-0.013689,0.000071,0.004055,0.762317,0.906287,1.324606,1.128181,0.076176,0.305267
TEMPO_RADT_L1_V04_20240302T111539Z_S001G03,12.595327,33.709343,-103.303558,100,1,VNP46A3_A2024061,114,2.857354e-02,0.013504,0.030277,0.097509,76.031662,58.163464,0.000000,0,2,1.167702e-02,0.015859,0.013503,0.025601,0.000098,0.004736,0.748092,0.867102,1.293100,1.114223,0.076960,0.319970
TEMPO_RADT_L1_V04_20240303T005655Z_S016G01,12.595327,34.206882,-62.858742,101,1,VNP46A3_A2024061,13,-7.049958e-03,-0.010320,0.143279,0.100039,83.000183,135.014420,0.000000,0,4,3.638813e-03,0.000735,0.003490,-0.001685,0.000085,0.000705,0.698171,0.820196,1.222878,1.040223,0.075996,0.306420
TEMPO_RADT_L1_V04_20240303T011820Z_S016G02,12.595327,33.940376,-69.009476,100,1,VNP46A3_A2024061,13,-7.049958e-03,-0.010320,0.143279,0.100039,83.000183,135.823700,0.000000,0,2,3.728701e-03,0.005753,0.003586,0.010697,0.000206,0.003794,0.693652,0.808587,1.207244,1.017971,0.076004,0.303145
TEMPO_RADT_L1_V04_20240303T013932Z_S016G03,12.595327,33.748016,-74.692696,100,1,VNP46A3_A2024061,13,-7.049958e-03,-0.010320,0.143279,0.100039,83.000183,136.298691,0.000000,0,23,-4.547643e-04,-0.002914,0.005388,-0.000517,0.000179,0.003118,0.717824,0.821389,1.249640,1.038543,0.075530,0.305363
TEMPO_RADT_L1_V04_20240303T103305Z_S001G01,12.595327,33.831730,-108.730972,101,1,VNP46A3_A2024061,54,2.698495e-02,0.020376,0.044537,0.093699,87.716827,69.550438,0.000000,0,0,2.549308e-03,-0.000504,0.006278,-0.003916,0.000187,0.002842,0.724023,0.843114,1.258499,1.083908,0.076214,0.313826
TEMPO_RADT_L1_V04_20240303T105430Z_S001G02,12.595327,34.051960,-114.567978,100,1,VNP46A3_A2024061,54,2.698495e-02,0.020376,0.044537,0.093699,87.716827,70.080147,0.000000,0,0,4.059316e-03,-0.001191,0.005512,-0.000136,0.000088,0.002749,0.709850,0.833129,1.236161,1.054217,0.075803,0.304753
TEMPO_RADT_L1_V04_20240303T111542Z_S001G03,12.595327,34.342953,-120.805885,100,1,VNP46A3_A2024061,54,2.698495e-02,0.020376,0.044537,0.093699,87.716827,70.883553,0.000000,0,2,5.307031e-03,0.010687,0.005236,0.017111,0.000106,0.003563,0.708985,0.834483,1.240493,1.081346,0.076696,0.317648
TEMPO_RADT_L1_V04_20240304T005627Z_S016G01,12.595327,33.616810,-80.047234,101,1,VNP46A3_A2024061,124,-2.908866e-02,-0.029986,0.024582,0.050403,94.898636,160.802567,0.000000,0,59,2.196301e-04,0.007035,0.008973,0.010775,0.000436,-0.000254,0.788502,0.892430,1.355270,1.129475,0.077851,0.312779
TEMPO_RADT_L1_V04_20240304T011752Z_S016G02,12.595327,33.549805,-85.335411,100,1,VNP46A3_A2024061,124,-2.908866e-02,-0.029986,0.024582,0.050403,94.898636,160.936417,0.000000,0,14,7.384927e-03,0.006115,0.011771,0.010205,0.000071,0.001885,0.758133,0.862939,1.304629,1.072929,0.075727,0.299317
TEMPO_RADT_L1_V04_20240304T013904Z_S016G03,12.595327,33.529839,-90.503914,100,1,VNP46A3_A2024061,124,-2.908866e-02,-0.029986,0.024582,0.050403,94.898636,161.006226,0.000000,0,47,1.279451e-02,0.013250,0.010078,0.013201,-0.000140,0.002734,0.760118,0.855196,1.305164,1.076606,0.076898,0.307719
TEMPO_RADT_L1_V04_20240304T103307Z_S001G01,12.595327,33.838242,-108.742065,101,1,VNP46A3_A2024061,60,2.393642e-02,0.042919,0.041290,0.115332,99.775711,78.051788,0.000000,0,3,3.154964e-03,-0.002827,0.006360,-0.006019,0.000057,0.001707,0.721287,0.840910,1.251202,1.058569,0.076140,0.303896
TEMPO_RADT_L1_V04_20240304T105432Z_S001G02,12.595327,34.059685,-114.575546,100,1,VNP46A3_A2024061,60,2.393642e-02,0.042919,0.041290,0.115332,99.775711,78.615913,0.000000,0,2,4.972607e-03,0.001701,0.006423,0.001779,0.000116,0.001314,0.712099,0.830231,1.235096,1.040070,0.075847,0.299519
TEMPO_RADT_L1_V04_20240304T111544Z_S001G03,12.595327,34.347641,-120.817490,100,1,VNP46A3_A2024061,60,2.393642e-02,0.042919,0.041290,0.115332,99.775711,79.492424,0.000000,0,0,5.599403e-03,0.006411,0.005520,0.014121,0.000108,0.002433,0.704446,0.840967,1.236714,1.068153,0.076154,0.305965
TEMPO_RADT_L1_V04_20240305T005559Z_S017G01,12.595327,33.609150,-80.023689,101,1,VNP46A3_A2024061,100,-1.387344e-03,0.002560,0.027192,0.052421,107.209023,171.954788,0.000000,0,8,-1.696342e-03,-0.000824,0.009439,0.016105,0.000325,0.003582,0.797415,0.911805,1.358871,1.157575,0.076434,0.316763
TEMPO_RADT_L1_V04_20240305T011724Z_S017G02,12.595327,33.529224,-85.332214,100,1,VNP46A3_A2024061,100,-1.387344e-03,0.002560,0.027192,0.052421,107.209023,172.113113,0.000000,0,77,6.831061e-03,0.004653,0.012212,0.014095,0.000228,0.005204,0.764349,0.871778,1.309015,1.095736,0.076272,0.307310
TEMPO_RADT_L1_V04_20240305T013836Z_S017G03,12.595327,33.507687,-90.494576,100,1,VNP46A3_A2024061,100,-1.387344e-03,0.002560,0.027192,0.052421,107.209023,172.175003,0.000000,0,368,1.456156e-02,0.016655,0.006641,0.002089,-0.000036,0.001069,0.743211,0.854200,1.280172,1.094190,0.076873,0.315674
TEMPO_RADT_L1_V04_20240305T103308Z_S001G01,12.595327,33.579597,-92.804398,101,1,VNP46A3_A2024061,123,1.229912e-02,-0.013154,0.025468,0.095948,112.271332,77.153107,0.000000,0,1518,1.472516e-02,-0.041467,0.016648,-0.100276,-0.000895,-0.014629,0.740330,0.934812,1.277639,1.195757,0.077989,0.321517
TEMPO_RADT_L1_V04_20240305T105433Z_S001G02,12.595327,33.613625,-98.042061,100,1,VNP46A3_A2024061,123,1.229912e-02,-0.013154,0.025468,0.095948,112.271332,77.226898,0.000000,0,114,5.984474e-03,0.006691,0.012860,0.034216,0.000763,0.010154,0.756014,0.899424,1.297578,1.119192,0.076324,0.301436
TEMPO_RADT_L1_V04_20240305T111545Z_S001G03,12.595327,33.700439,-103.321037,100,1,VNP46A3_A2024061,123,1.229912e-02,-0.013154,0.025468,0.095948,112.271332,77.391983,0.000000,0,0,1.143556e-02,0.038707,0.015319,0.074861,0.000723,0.012676,0.746166,0.882999,1.275195,1.126086,0.076921,0.313213
TEMPO_RADT_L1_V04_20240306T005531Z_S013G01,12.595327,34.197849,-62.845547,101,0,VNP46A3_A2024061,11,-3.507811e-02,0.027687,0.102904,0.719006,119.976303,169.457886,0.000000,0,4,4.301745e-03,0.001780,0.002833,0.005285,0.000185,0.001898,0.696895,0.825738,1.222875,1.044406,0.076136,0.306423
TEMPO_RADT_L1_V04_20240306T011656Z_S013G02,12.595327,33.944450,-68.994644,100,0,VNP46A3_A2024061,11,-3.507811e-02,0.027687,0.102904,0.719006,119.976303,170.255600,0.000000,0,0,4.003230e-03,0.003767,0.002380,0.004347,0.000130,0.002428,0.695098,0.812987,1.209703,1.020460,0.075419,0.301066
TEMPO_RADT_L1_V04_20240306T013808Z_S013G03,12.595327,33.759293,-74.677605,100,0,VNP46A3_A2024061,11,-3.507811e-02,0.027687,0.102904,0.719006,119.976303,170.736633,0.000000,0,0,-6.403411e-04,-0.001656,0.006805,-0.002315,0.000147,0.003559,0.720885,0.824448,1.258072,1.031923,0.075648,0.302005
TEMPO_RADT_L1_V04_20240306T103308Z_S001G01,12.595327,33.834759,-108.718498,101,1,VNP46A3_A2024061,57,-2.050960e-02,0.076371,0.049639,0.217559,125.231880,96.148026,0.000000,0,0,3.509190e-03,0.001434,0.005811,-0.003006,0.000130,0.002230,0.717120,0.831088,1.241235,1.060373,0.076162,0.311364
TEMPO_RADT_L1_V04_20240306T105433Z_S001G02,12.595327,34.059780,-114.554283,100,1,VNP46A3_A2024061,57,-2.050960e-02,0.076371,0.049639,0.217559,125.231880,96.742531,0.000000,0,2,4.651466e-03,0.001721,0.007266,0.004624,0.000154,0.002815,0.711474,0.834432,1.236128,1.048673,0.075995,0.302935
TEMPO_RADT_L1_V04_20240306T111545Z_S001G03,12.595327,34.349316,-120.797661,100,1,VNP46A3_A2024061,57,-2.050960e-02,0.076371,0.049639,0.217559,125.231880,97.700920,0.000000,0,0,6.242009e-03,0.004115,0.006194,0.010968,0.000156,0.003512,0.707828,0.834448,1.226425,1.069896,0.076557,0.312769
TEMPO_RADT_L1_V04_20240307T005503Z_S017G01,12.595327,33.613365,-80.032448,101,1,VNP46A3_A2024061,102,-4.691924e-02,0.009727,0.032559,0.080152,133.212723,159.386978,0.000000,0,84,5.974317e-03,0.005719,0.008769,0.014543,0.000166,0.002951,0.759390,0.877447,1.299983,1.114844,0.076431,0.312763
TEMPO_RADT_L1_V04_20240307T011628Z_S017G02,12.595327,33.539177,-85.332947,100,1,VNP46A3_A2024061,102,-4.691924e-02,0.009727,0.032559,0.080152,133.212723,159.258743,0.000000,0,4,8.018961e-03,0.012868,0.011490,0.016441,0.000140,0.004227,0.750273,0.856229,1.288798,1.074775,0.076023,0.305387
TEMPO_RADT_L1_V04_20240307T013740Z_S017G03,12.595327,33.515617,-90.501556,100,1,VNP46A3_A2024061,102,-4.691924e-02,0.009727,0.032559,0.080152,133.212723,159.177185,0.000000,0,0,1.123065e-02,-0.002257,0.014474,-0.005605,0.000126,0.004393,0.751064,0.864118,1.289238,1.087761,0.076000,0.307525
TEMPO_RADT_L1_V04_20240307T103308Z_S001G01,119.655609,37.880539,-116.214584,31,0,VNP46A3_A2024061,0,0,0.000000,NaN,NaN,138.645111,108.852959,0.000000,29,3,-2.560351e-03,0.000998,-0.003124,-0.000115,-0.000037,0.001596,0.253644,0.338431,0.429727,0.471076,0.028340,0.134134
TEMPO_RADT_L1_V04_20240308T005625Z_S017G01,119.655609,37.361965,-88.021446,31,0,VNP46A3_A2024061,0,0,0.000000,NaN,NaN,146.890121,142.620438,0.000000,0,6,-5.524934e-03,0.002047,-0.006823,-0.006230,0.000316,0.002091,0.301760,0.405139,0.489650,0.673598,0.032727,0.146499
TEMPO_RADT_L1_V04_20240308T103307Z_S001G01,119.655609,38.098110,-120.221497,31,0,VNP46A3_A2024061,0,0,0.000000,NaN,NaN,152.466492,120.043526,0.000000,0,7,-3.242580e-03,-0.000920,-0.004202,0.001037,0.000187,0.001878,0.261101,0.370772,0.440642,0.496119,0.027089,0.128872
TEMPO_RADT_L1_V04_20240309T005557Z_S017G01,119.655609,37.366253,-95.931053,31,0,VNP46A3_A2024061,0,0,0.000000,NaN,NaN,160.882584,122.678833,6620.000000,0,10,-1.432302e-02,-0.012258,-0.030779,-0.028391,0.000197,-0.000985,0.391281,0.817854,0.702071,1.297612,0.062529,0.164512
TEMPO_RADT_L1_V04_20240309T103305Z_S001G01,119.655609,38.241608,-122.631897,31,0,VNP46A3_A2024061,0,0,0.000000,NaN,NaN,166.529465,128.556824,0.000000,0,2,-1.794968e-03,0.004102,-0.002917,0.004186,0.000442,0.003051,0.252067,0.343208,0.424990,0.497371,0.028571,0.148767
TEMPO_RADT_L1_V04_20240310T005529Z_S015G01,119.655609,37.344715,-88.023689,31,0,VNP46A3_A2024061,0,0,0.000000,NaN,NaN,174.774124,114.681862,0.000000,0,10,-5.294464e-03,0.000850,-0.007297,-0.005360,0.000378,0.002854,0.292082,0.403932,0.483137,0.624213,0.031702,0.156836
TEMPO_RADT_L1_V04_20240310T103303Z_S001G01,119.655609,37.347332,-95.913582,31,0,VNP46A3_A2024061,0,0,0.000000,NaN,NaN,177.522278,113.820755,0.000000,0,3,-2.384288e-03,0.001039,-0.003148,-0.001754,-0.000379,0.000137,0.291026,0.496065,0.476385,0.886105,0.039629,0.243395
TEMPO_RADT_L1_V04_20240311T005500Z_S017G01,119.655609,37.370804,-97.511421,31,0,VNP46A3_A2024061,0,0,0.000000,NaN,NaN,170.140671,92.856529,18715.000000,0,6,-2.798903e-02,-0.017500,-0.044803,-0.054827,-0.003221,-0.004686,0.480744,0.697096,0.900157,1.193195,0.063349,0.188915
TEMPO_RADT_L1_V04_20240311T103300Z_S001G01,119.655609,37.908024,-116.208565,31,0,VNP46A3_A2024061,0,0,0.000000,NaN,NaN,164.517868,130.938828,0.000000,0,4,-2.685094e-04,0.002384,-0.001086,0.004380,0.000441,0.002656,0.259745,0.374725,0.434540,0.589249,0.030038,0.176758
TEMPO_RADT_L1_V04_20240312T005432Z_S017G01,119.655609,37.356228,-95.943375,31,0,VNP46A3_A2024061,0,0,0.000000,NaN,NaN,156.117294,79.809776,12352.000000,0,2,-1.271199e-02,-0.018605,-0.024177,-0.025900,-0.001041,-0.002229,0.380332,0.669153,0.685733,1.053217,0.056935,0.171265
TEMPO_RADT_L1_V04_20240312T103257Z_S001G01,119.655609,38.113537,-120.211891,31,0,VNP46A3_A2024061,0,0,0.000000,NaN,NaN,150.516769,131.337784,0.000000,0,4,-1.966805e-03,0.002052,-0.002706,0.001805,0.000359,0.002430,0.265131,0.376436,0.442463,0.522600,0.027788,0.151100
TEMPO_RADT_L1_V04_20240313T005403Z_S014G01,119.655609,37.348827,-88.022652,31,0,VNP46A3_A2024061,0,0,0.000000,NaN,NaN,142.275391,72.094849,0.000000,0,20,-6.752706e-03,-0.000343,-0.007343,-0.007091,-0.000007,0.002174,0.301909,0.400525,0.501397,0.603011,0.031543,0.140144
TEMPO_RADT_L1_V04_20240313T103253Z_S001G01,119.655609,38.256004,-122.629364,31,0,VNP46A3_A2024061,0,0,0.000000,NaN,NaN,136.813416,127.119446,0.000000,0,4,-1.742806e-03,0.001843,-0.002029,0.002576,0.000196,0.001606,0.246324,0.319639,0.419151,0.435097,0.027011,0.133740
TEMPO_RADT_L1_V04_20240314T005335Z_S017G01,119.655609,37.368324,-97.511940,31,0,VNP46A3_A2024061,0,0,0.000000,NaN,NaN,128.822083,50.861679,23868.000000,0,83,-4.443443e-02,0.008567,-0.104038,-0.123585,-0.002974,0.009154,0.593687,0.798699,1.104869,1.290466,0.068048,0.175606
TEMPO_RADT_L1_V04_20240314T103248Z_S001G01,6.297664,33.577866,-93.277359,121,1,VNP46A3_A2024061,143,2.702547e-02,0.006740,0.038653,0.132997,123.526817,125.299599,0.000000,0,73,7.053425e-03,0.011809,0.014034,0.004164,-0.000089,0.000076,1.016946,1.181495,1.745357,1.471111,0.108263,0.420710
TEMPO_RADT_L1_V04_20240314T104538Z_S001G02,6.297664,33.631462,-99.562889,120,1,VNP46A3_A2024061,143,2.702547e-02,0.006740,0.038653,0.132997,123.526817,125.741165,0.000000,0,9,5.801497e-03,-0.010920,0.017084,-0.008185,-0.000010,0.001432,1.026882,1.201235,1.757719,1.484218,0.107161,0.414468
TEMPO_RADT_L1_V04_20240314T105827Z_S001G03,6.297664,33.751827,-105.970238,120,1,VNP46A3_A2024061,143,2.702547e-02,0.006740,0.038653,0.132997,123.526817,125.968651,0.000000,0,0,8.826919e-03,0.004899,0.011580,0.005812,0.000061,0.001404,1.003457,1.169504,1.720670,1.444713,0.107270,0.415285
TEMPO_RADT_L1_V04_20240314T111117Z_S001G04,6.297664,33.975067,-112.734406,120,1,VNP46A3_A2024061,143,2.702547e-02,0.006740,0.038653,0.132997,123.526817,125.925186,0.000000,0,2,1.113285e-02,0.011882,0.010479,0.014178,0.000176,0.001835,0.985702,1.167904,1.692714,1.444994,0.107171,0.417048
TEMPO_RADT_L1_V04_20240314T112407Z_S001G05,6.297664,34.299297,-120.090630,120,1,VNP46A3_A2024061,143,2.702547e-02,0.006740,0.038653,0.132997,123.526817,125.538994,0.000000,1,0,1.025891e-02,0.003153,0.008048,0.009766,0.000261,0.003067,0.980157,1.174913,1.692619,1.465636,0.107220,0.418462
TEMPO_RADT_L1_V04_20240315T005049Z_S017G01,6.297664,34.159729,-63.440117,121,1,VNP46A3_A2024061,111,-3.059866e-02,0.020835,0.033747,0.060376,115.840752,60.708244,0.000000,0,0,1.544122e-02,0.028411,0.006770,0.037923,0.000378,0.005399,0.972163,1.158377,1.692634,1.455009,0.107568,0.422417
TEMPO_RADT_L1_V04_20240315T010339Z_S017G02,6.297664,33.863289,-70.697144,120,1,VNP46A3_A2024061,111,-3.059866e-02,0.020835,0.033747,0.060376,115.840752,57.306751,0.000000,0,16,1.637992e-02,0.027730,0.007545,0.040724,0.000450,0.006253,0.971186,1.148323,1.682651,1.426276,0.107218,0.417254
TEMPO_RADT_L1_V04_20240315T011628Z_S017G03,6.297664,33.667484,-77.365921,120,1,VNP46A3_A2024061,111,-3.059866e-02,0.020835,0.033747,0.060376,115.840752,54.329788,0.000000,0,11,3.466419e-03,-0.002809,0.017134,0.014400,0.000387,0.006090,1.037206,1.193389,1.778719,1.474081,0.106985,0.417535
TEMPO_RADT_L1_V04_20240315T012918Z_S017G04,6.297664,33.550476,-83.730759,120,1,VNP46A3_A2024061,111,-3.059866e-02,0.020835,0.033747,0.060376,115.840752,51.576462,0.000000,0,220,2.194389e-03,-0.006790,0.020660,-0.008625,0.000068,0.000781,1.053271,1.202761,1.800801,1.480518,0.107244,0.417552
TEMPO_RADT_L1_V04_20240315T014208Z_S017G05,6.297664,33.510807,-89.942162,120,1,VNP46A3_A2024061,111,-3.059866e-02,0.020835,0.033747,0.060376,115.840752,48.937977,0.000000,0,719,1.149082e-02,-0.019740,0.018942,-0.054125,-0.000383,-0.008142,1.037037,1.195913,1.771415,1.493088,0.108863,0.421691
TEMPO_RADT_L1_V04_20240315T103243Z_S001G01,6.297664,33.577480,-93.280792,121,1,VNP46A3_A2024061,131,3.124216e-02,0.019130,0.041654,0.108618,110.723579,122.364761,0.000000,0,341,7.254217e-03,-0.011537,0.016804,-0.029711,-0.000088,-0.003864,1.019257,1.192670,1.752136,1.521568,0.108754,0.426256
TEMPO_RADT_L1_V04_20240315T104533Z_S001G02,6.297664,33.632412,-99.563789,120,1,VNP46A3_A2024061,131,3.124216e-02,0.019130,0.041654,0.108618,110.723579,122.136604,0.000000,0,53,6.401624e-03,-0.004375,0.016084,0.000850,0.000207,0.003156,1.020904,1.201866,1.750110,1.490471,0.107071,0.418356
TEMPO_RADT_L1_V04_20240315T105822Z_S001G03,6.297664,33.754234,-105.970825,120,1,VNP46A3_A2024061,131,3.124216e-02,0.019130,0.041654,0.108618,110.723579,121.673912,0.000000,0,15,7.418638e-03,0.004228,0.008860,0.009026,0.000310,0.003343,0.997110,1.168720,1.706972,1.446003,0.107237,0.418398
TEMPO_RADT_L1_V04_20240315T111112Z_S001G04,6.297664,33.976330,-112.737358,120,1,VNP46A3_A2024061,131,3.124216e-02,0.019130,0.041654,0.108618,110.723579,120.890450,0.000000,0,0,9.475743e-03,0.019033,0.008483,0.025806,0.000219,0.003826,0.985104,1.159882,1.701073,1.445312,0.107606,0.418813
TEMPO_RADT_L1_V04_20240315T112402Z_S001G05,6.297664,34.299728,-120.091377,120,1,VNP46A3_A2024061,131,3.124216e-02,0.019130,0.041654,0.108618,110.723579,119.689056,0.000000,0,2,9.848041e-03,0.008559,0.007941,0.016632,0.000127,0.003168,0.985131,1.173064,1.700516,1.495866,0.108526,0.426162
TEMPO_RADT_L1_V04_20240316T103237Z_S001G01,6.297664,33.570812,-93.310303,121,1,VNP46A3_A2024061,140,-6.030629e-03,0.013076,0.048668,0.110272,98.383148,118.146873,0.000000,0,20,5.604313e-03,0.010572,0.015643,0.011157,0.000192,0.002654,1.023415,1.180229,1.754726,1.517059,0.108448,0.432073
TEMPO_RADT_L1_V04_20240316T104527Z_S001G02,6.297664,33.624325,-99.594124,120,1,VNP46A3_A2024061,140,-6.030629e-03,0.013076,0.048668,0.110272,98.383148,117.334503,0.000000,0,274,7.371014e-03,-0.018933,0.014534,-0.032610,-0.000229,-0.002717,1.023129,1.210190,1.752769,1.512311,0.107326,0.423009
TEMPO_RADT_L1_V04_20240316T105816Z_S001G03,6.297664,33.745247,-105.996979,120,1,VNP46A3_A2024061,140,-6.030629e-03,0.013076,0.048668,0.110272,98.383148,116.288681,0.000000,0,5,9.896738e-03,0.004658,0.010105,0.006284,0.000218,0.002988,0.988914,1.167492,1.707886,1.450330,0.107529,0.418611
TEMPO_RADT_L1_V04_20240316T111106Z_S001G04,6.297664,33.968918,-112.753296,120,1,VNP46A3_A2024061,140,-6.030629e-03,0.013076,0.048668,0.110272,98.383148,114.896843,0.000000,0,9,9.399839e-03,0.015108,0.007420,0.020045,0.000138,0.003596,0.986778,1.161288,1.700282,1.457631,0.107225,0.420172
TEMPO_RADT_L1_V04_20240316T112356Z_S001G05,6.297664,34.292618,-120.099060,120,1,VNP46A3_A2024061,140,-6.030629e-03,0.013076,0.048668,0.110272,98.383148,113.045097,0.000000,0,5,1.042867e-02,0.008108,0.008644,0.016360,0.000241,0.003830,0.985658,1.180204,1.708418,1.515149,0.107875,0.433010
TEMPO_RADT_L1_V04_20240317T004952Z_S017G01,6.297664,34.178051,-63.421856,121,1,VNP46A3_A2024061,131,1.478987e-02,-0.005715,0.031870,0.064522,91.239433,35.908245,0.000000,0,0,1.635880e-02,0.022388,0.006659,0.019630,-0.000054,0.001571,0.986767,1.161252,1.729596,1.457706,0.107610,0.421919
TEMPO_RADT_L1_V04_20240317T010242Z_S017G02,6.297664,33.878513,-70.682854,120,1,VNP46A3_A2024061,131,1.478987e-02,-0.005715,0.031870,0.064522,91.239433,32.424686,0.000000,0,0,1.685141e-02,0.024754,0.006627,0.021916,-0.000009,0.002070,0.982997,1.154392,1.717650,1.434699,0.107413,0.416344
TEMPO_RADT_L1_V04_20240317T011531Z_S017G03,6.297664,33.679619,-77.356018,120,1,VNP46A3_A2024061,131,1.478987e-02,-0.005715,0.031870,0.064522,91.239433,29.396381,0.000000,0,0,5.593051e-03,-0.009356,0.015114,-0.006900,0.000079,0.001614,1.044559,1.198349,1.801715,1.479966,0.107562,0.416593
TEMPO_RADT_L1_V04_20240317T012821Z_S017G04,6.297664,33.561928,-83.721291,120,1,VNP46A3_A2024061,131,1.478987e-02,-0.005715,0.031870,0.064522,91.239433,26.617874,0.000000,0,5,-1.255837e-03,-0.004785,0.021786,-0.000169,0.000086,0.002157,1.076927,1.213466,1.843452,1.494396,0.107229,0.417434
TEMPO_RADT_L1_V04_20240317T014111Z_S017G05,6.297664,33.521313,-89.930443,120,1,VNP46A3_A2024061,131,1.478987e-02,-0.005715,0.031870,0.064522,91.239433,23.978552,0.000000,0,0,8.737992e-03,-0.003638,0.016737,0.000675,0.000212,0.001642,1.047866,1.190025,1.806051,1.495452,0.108517,0.418408
TEMPO_RADT_L1_V04_20240317T103231Z_S001G01,6.297664,33.576294,-93.312065,121,1,VNP46A3_A2024061,142,-1.636913e-02,0.007710,0.037446,0.086348,86.461777,113.090523,0.000000,0,753,9.657730e-03,-0.038460,0.011748,-0.081968,-0.000892,-0.011175,1.018022,1.235102,1.736974,1.550257,0.108121,0.427268
TEMPO_RADT_L1_V04_20240317T104521Z_S001G02,6.297664,33.630966,-99.596519,120,1,VNP46A3_A2024061,142,-1.636913e-02,0.007710,0.037446,0.086348,86.461777,111.791092,0.000000,0,4,5.871878e-03,0.007307,0.017060,0.020267,0.000427,0.005657,1.025061,1.196700,1.752978,1.487937,0.107620,0.420980
TEMPO_RADT_L1_V04_20240317T105810Z_S001G03,6.297664,33.753395,-106.001648,120,1,VNP46A3_A2024061,142,-1.636913e-02,0.007710,0.037446,0.086348,86.461777,110.268227,0.000000,0,0,7.922504e-03,0.014463,0.010593,0.024549,0.000520,0.005825,0.995765,1.170780,1.707894,1.447664,0.107166,0.416815
TEMPO_RADT_L1_V04_20240317T111100Z_S001G04,6.297664,33.978207,-112.756058,120,1,VNP46A3_A2024061,142,-1.636913e-02,0.007710,0.037446,0.086348,86.461777,108.391876,0.000000,2,4,8.737701e-03,0.015010,0.010059,0.025148,0.000227,0.004760,0.985790,1.164323,1.711703,1.452042,0.107422,0.419122
TEMPO_RADT_L1_V04_20240317T112350Z_S001G05,6.297664,34.304138,-120.100533,120,1,VNP46A3_A2024061,142,-1.636913e-02,0.007710,0.037446,0.086348,86.461777,106.027672,0.000000,0,4,1.024138e-02,0.008712,0.011245,0.022509,0.000424,0.005653,0.986705,1.182004,1.724371,1.481076,0.107389,0.424519
TEMPO_RADT_L1_V04_20240318T004924Z_S017G01,6.297664,34.161182,-63.448326,121,1,VNP46A3_A2024061,116,-3.176648e-02,0.019350,0.048791,0.100086,79.542946,24.467358,0.000000,0,0,1.849929e-02,0.017651,0.008094,0.017226,-0.000034,0.001657,1.008230,1.161456,1.773357,1.455314,0.107694,0.420248
TEMPO_RADT_L1_V04_20240318T010214Z_S017G02,6.297664,33.864895,-70.704391,120,1,VNP46A3_A2024061,116,-3.176648e-02,0.019350,0.048791,0.100086,79.542946,20.975300,0.000000,0,13,1.874195e-02,0.020183,0.008959,0.020074,-0.000039,0.002289,1.016883,1.167500,1.794620,1.441908,0.107101,0.417027
TEMPO_RADT_L1_V04_20240318T011503Z_S017G03,6.297664,33.667412,-77.372299,120,1,VNP46A3_A2024061,116,-3.176648e-02,0.019350,0.048791,0.100086,79.542946,17.971317,0.000000,0,0,4.536747e-03,-0.002057,0.014349,0.000289,0.000253,0.001610,1.073396,1.201801,1.860736,1.486190,0.107009,0.416428
TEMPO_RADT_L1_V04_20240318T012753Z_S017G04,6.297664,33.550678,-83.734627,120,1,VNP46A3_A2024061,116,-3.176648e-02,0.019350,0.048791,0.100086,79.542946,15.254290,0.000000,0,26,-3.463285e-03,-0.008444,0.020157,-0.003263,0.000225,0.002098,1.121815,1.210373,1.940265,1.490750,0.106976,0.415512
TEMPO_RADT_L1_V04_20240318T014043Z_S017G05,6.297664,33.509281,-89.946594,120,1,VNP46A3_A2024061,116,-3.176648e-02,0.019350,0.048791,0.100086,79.542946,12.730721,0.000000,0,70,8.348622e-03,-0.001626,0.019757,-0.003108,0.000264,0.000783,1.091115,1.198123,1.900288,1.491527,0.108047,0.416122
TEMPO_RADT_L1_V04_20240318T103224Z_S001G01,6.297664,33.575081,-93.321030,121,1,VNP46A3_A2024061,170,-2.539499e-02,0.015634,0.044638,0.095195,74.897697,107.553085,0.000000,0,9,4.857048e-03,0.002980,0.014691,0.004860,0.000194,0.001427,1.029752,1.189712,1.771296,1.514689,0.108780,0.426823
TEMPO_RADT_L1_V04_20240318T104514Z_S001G02,6.297664,33.629917,-99.608833,120,1,VNP46A3_A2024061,170,-2.539499e-02,0.015634,0.044638,0.095195,74.897697,105.857079,0.000000,0,69,5.750456e-03,-0.011448,0.017640,-0.011894,0.000052,0.000998,1.019977,1.206007,1.752318,1.498216,0.107555,0.416648
TEMPO_RADT_L1_V04_20240318T105803Z_S001G03,6.297664,33.751190,-106.018738,120,1,VNP46A3_A2024061,170,-2.539499e-02,0.015634,0.044638,0.095195,74.897697,103.951813,0.000000,0,0,9.894276e-03,0.008869,0.010714,0.009358,0.000144,0.002381,0.991207,1.168134,1.710718,1.446090,0.107527,0.416216
TEMPO_RADT_L1_V04_20240318T111053Z_S001G04,6.297664,33.974728,-112.781487,120,1,VNP46A3_A2024061,170,-2.539499e-02,0.015634,0.044638,0.095195,74.897697,101.688889,0.000000,0,2,1.030965e-02,0.011662,0.007980,0.013148,0.000022,0.002253,0.986025,1.168332,1.703792,1.454741,0.107110,0.418204
TEMPO_RADT_L1_V04_20240318T112343Z_S001G05,6.297664,34.299755,-120.138344,120,1,VNP46A3_A2024061,170,-2.539499e-02,0.015634,0.044638,0.095195,74.897697,98.917274,0.000000,0,0,1.142424e-02,0.009768,0.009899,0.014768,0.000112,0.002422,0.995665,1.185359,1.740964,1.498834,0.108362,0.425054
TEMPO_RADT_L1_V04_20240319T004856Z_S017G01,6.297664,34.162045,-63.452518,121,1,VNP46A3_A2024061,134,1.384775e-02,0.019722,0.035834,0.099846,68.156967,14.490311,0.000000,130,56,1.994009e-02,0.016239,0.007257,0.018300,-0.000244,0.001657,1.059332,1.200370,1.889909,1.527043,0.108979,0.424127
TEMPO_RADT_L1_V04_20240319T010146Z_S017G02,6.297664,33.866299,-70.712494,120,1,VNP46A3_A2024061,134,1.384775e-02,0.019722,0.035834,0.099846,68.156967,11.339149,0.000000,0,3,2.232869e-02,0.026128,0.013878,0.029453,-0.000022,0.002730,1.094002,1.180281,1.948256,1.471099,0.107568,0.417412
TEMPO_RADT_L1_V04_20240319T011435Z_S017G03,6.297664,33.670090,-77.383301,120,1,VNP46A3_A2024061,134,1.384775e-02,0.019722,0.035834,0.099846,68.156967,8.937066,0.000000,0,222,1.281406e-02,-0.014744,0.027643,-0.025686,-0.000132,-0.002166,1.164584,1.240029,2.063706,1.533847,0.107476,0.415332
TEMPO_RADT_L1_V04_20240319T012725Z_S017G04,6.297664,33.556065,-83.746140,120,1,VNP46A3_A2024061,134,1.384775e-02,0.019722,0.035834,0.099846,68.156967,7.297357,0.000000,0,62,7.114992e-04,-0.001340,0.028447,-0.000977,0.000098,0.001129,1.209314,1.232309,2.128814,1.527338,0.107514,0.416563
TEMPO_RADT_L1_V04_20240319T014015Z_S017G05,6.297664,33.514523,-89.957695,120,1,VNP46A3_A2024061,134,1.384775e-02,0.019722,0.035834,0.099846,68.156967,6.637647,0.000000,0,5,8.373484e-03,-0.002438,0.021074,0.007802,0.000640,0.002195,1.135766,1.222867,2.001579,1.542101,0.108895,0.420939
TEMPO_RADT_L1_V04_20240319T103217Z_S001G01,6.297664,33.580395,-93.325653,121,1,VNP46A3_A2024061,169,1.758837e-02,0.015391,0.044621,0.059318,63.616299,101.772003,0.000000,0,0,5.751873e-03,-0.008044,0.016521,-0.008402,0.000084,0.000895,1.038692,1.202083,1.785506,1.550358,0.109014,0.428880
TEMPO_RADT_L1_V04_20240319T104507Z_S001G02,6.297664,33.636860,-99.611069,120,1,VNP46A3_A2024061,169,1.758837e-02,0.015391,0.044621,0.059318,63.616299,99.761520,0.000000,0,2,5.733613e-03,-0.006251,0.018508,-0.004435,0.000045,0.001169,1.031170,1.204324,1.762062,1.500938,0.107657,0.419245
TEMPO_RADT_L1_V04_20240319T105756Z_S001G03,6.297664,33.759609,-106.023811,120,1,VNP46A3_A2024061,169,1.758837e-02,0.015391,0.044621,0.059318,63.616299,97.553215,0.000000,0,0,1.057743e-02,0.016234,0.011933,0.014942,0.000085,0.001232,0.997600,1.166465,1.718145,1.444088,0.107423,0.414300
TEMPO_RADT_L1_V04_20240319T111046Z_S001G04,6.297664,33.982014,-112.790619,120,1,VNP46A3_A2024061,169,1.758837e-02,0.015391,0.044621,0.059318,63.616299,94.990242,0.000000,0,5,1.030786e-02,0.011531,0.008582,0.011618,0.000110,0.000747,0.983337,1.172153,1.702893,1.471545,0.107903,0.420459
TEMPO_RADT_L1_V04_20240319T112336Z_S001G05,6.297664,34.307064,-120.151924,120,1,VNP46A3_A2024061,169,1.758837e-02,0.015391,0.044621,0.059318,63.616299,91.906685,0.000000,0,2,1.169883e-02,0.009585,0.008754,0.014487,0.000028,0.002120,0.997992,1.181986,1.740940,1.516986,0.108807,0.428188
TEMPO_RADT_L1_V04_20240320T004828Z_S013G01,6.297664,34.170650,-63.449749,121,1,VNP46A3_A2024061,155,2.396232e-02,0.029172,0.032413,0.049641,57.010632,10.041279,0.000000,0,274,2.407231e-02,0.004710,0.016610,-0.012648,-0.000218,-0.003425,1.199518,1.233503,2.183688,1.560905,0.107873,0.421563
TEMPO_RADT_L1_V04_20240320T010118Z_S013G02,6.297664,33.872993,-70.713562,120,1,VNP46A3_A2024061,155,2.396232e-02,0.029172,0.032413,0.049641,57.010632,9.769794,0.000000,0,58,3.431732e-02,0.026710,0.040513,0.025467,0.000063,0.001698,1.187273,1.226987,2.158638,1.525555,0.107708,0.415943
TEMPO_RADT_L1_V04_20240320T011407Z_S013G03,6.297664,33.678028,-77.384903,120,1,VNP46A3_A2024061,155,2.396232e-02,0.029172,0.032413,0.049641,57.010632,10.666518,0.000000,0,4,1.092485e-02,0.010467,0.028044,0.015084,0.000146,0.002573,1.184695,1.227435,2.088361,1.514042,0.106899,0.412767
TEMPO_RADT_L1_V04_20240320T012657Z_S013G04,6.297664,33.560890,-83.751404,120,1,VNP46A3_A2024061,155,2.396232e-02,0.029172,0.032413,0.049641,57.010632,12.223842,0.000000,0,4,-2.107311e-03,-0.008043,0.026578,0.000727,0.000154,0.002201,1.182194,1.252980,2.068405,1.554391,0.107412,0.416837
TEMPO_RADT_L1_V04_20240320T013947Z_S013G05,6.297664,33.520199,-89.966118,120,1,VNP46A3_A2024061,155,2.396232e-02,0.029172,0.032413,0.049641,57.010632,14.154664,0.000000,0,0,1.341229e-02,-0.001828,0.027780,0.007712,0.000308,0.002713,1.170854,1.245616,2.061126,1.558907,0.108269,0.416445
TEMPO_RADT_L1_V04_20240320T103209Z_S001G01,6.297664,33.577679,-93.319382,121,1,VNP46A3_A2024061,143,-1.681310e-04,0.020535,0.051558,0.114151,52.542973,95.930191,0.000000,0,0,5.545608e-03,0.001462,0.015403,-0.000985,0.000079,-0.000266,1.039376,1.193152,1.784262,1.509959,0.108433,0.424191
TEMPO_RADT_L1_V04_20240320T104459Z_S001G02,6.297664,33.638016,-99.602066,120,1,VNP46A3_A2024061,143,-1.681310e-04,0.020535,0.051558,0.114151,52.542973,93.675056,0.000000,0,0,7.658971e-03,-0.006104,0.019422,-0.004985,0.000087,0.001100,1.034135,1.207492,1.767812,1.501160,0.107306,0.417783
TEMPO_RADT_L1_V04_20240320T105748Z_S001G03,6.297664,33.763771,-106.008942,120,1,VNP46A3_A2024061,143,-1.681310e-04,0.020535,0.051558,0.114151,52.542973,91.239433,0.000000,0,2,1.002137e-02,0.012097,0.010001,0.012971,0.000092,0.001466,0.996837,1.172157,1.719687,1.451014,0.107955,0.416968
TEMPO_RADT_L1_V04_20240320T111038Z_S001G04,6.297664,33.989056,-112.771927,120,1,VNP46A3_A2024061,143,-1.681310e-04,0.020535,0.051558,0.114151,52.542973,88.454056,0.000000,0,0,1.225869e-02,0.011070,0.009500,0.011964,0.000149,0.001291,0.991206,1.168425,1.720501,1.450637,0.107692,0.416799
TEMPO_RADT_L1_V04_20240320T112328Z_S001G05,6.297664,34.317314,-120.129883,120,1,VNP46A3_A2024061,143,-1.681310e-04,0.020535,0.051558,0.114151,52.542973,85.144554,0.000000,0,7,1.110110e-02,0.005608,0.007326,0.012302,0.000096,0.002992,1.000886,1.193095,1.749081,1.496820,0.107698,0.424723
TEMPO_RADT_L1_V04_20240321T004801Z_S017G01,6.297664,34.160625,-63.451019,121,1,VNP46A3_A2024061,175,3.379419e-02,0.031192,0.030473,0.054489,46.033875,15.982060,0.000000,0,8,2.360449e-02,0.032324,0.023312,0.025183,-0.000118,-0.000191,1.287153,1.256094,2.385854,1.629419,0.108764,0.430719
TEMPO_RADT_L1_V04_20240321T010051Z_S017G02,6.297664,33.862923,-70.712914,120,1,VNP46A3_A2024061,175,3.379419e-02,0.031192,0.030473,0.054489,46.033875,18.030956,0.000000,0,0,2.807259e-02,0.034623,0.026320,0.029706,-0.000036,0.000398,1.156103,1.201230,2.087770,1.516772,0.107670,0.416488
TEMPO_RADT_L1_V04_20240321T011340Z_S017G03,6.297664,33.667374,-77.382812,120,1,VNP46A3_A2024061,175,3.379419e-02,0.031192,0.030473,0.054489,46.033875,20.233021,0.000000,0,4,1.336261e-02,-0.009718,0.034466,-0.006948,-0.000090,0.000537,1.151425,1.247888,2.030865,1.532687,0.106502,0.411861
TEMPO_RADT_L1_V04_20240321T012630Z_S017G04,6.297664,33.551357,-83.746437,120,1,VNP46A3_A2024061,175,3.379419e-02,0.031192,0.030473,0.054489,46.033875,22.499527,0.000000,0,0,-5.036149e-03,-0.022557,0.024503,-0.012365,0.000170,0.001578,1.179470,1.253336,2.062120,1.561927,0.107611,0.417354
TEMPO_RADT_L1_V04_20240321T013920Z_S017G05,6.297664,33.512161,-89.953110,120,1,VNP46A3_A2024061,175,3.379419e-02,0.031192,0.030473,0.054489,46.033875,24.817244,0.000000,0,0,1.187096e-02,0.003097,0.031406,0.014688,0.000448,0.002924,1.202056,1.256765,2.139903,1.675475,0.109736,0.435414
TEMPO_RADT_L1_V04_20240321T103201Z_S001G01,6.297664,33.585911,-93.317345,121,1,VNP46A3_A2024061,147,-2.695990e-02,0.024079,0.038916,0.104746,41.613194,90.136688,0.000000,0,20,6.967787e-03,0.004265,0.016879,0.002989,0.000034,0.000134,1.028915,1.183297,1.779481,1.498474,0.108882,0.420174
TEMPO_RADT_L1_V04_20240321T104451Z_S001G02,6.297664,33.644196,-99.602272,120,1,VNP46A3_A2024061,147,-2.695990e-02,0.024079,0.038916,0.104746,41.613194,87.701515,0.000000,0,62,6.725564e-03,-0.007038,0.018196,-0.009602,-0.000013,0.000002,1.022742,1.203364,1.767765,1.488407,0.107687,0.418677
TEMPO_RADT_L1_V04_20240321T105740Z_S001G03,6.297664,33.767174,-106.011734,120,1,VNP46A3_A2024061,147,-2.695990e-02,0.024079,0.038916,0.104746,41.613194,85.101143,0.000000,0,2,8.091079e-03,0.003083,0.010189,0.004886,0.000157,0.001468,1.008571,1.169576,1.744293,1.446558,0.107489,0.416627
TEMPO_RADT_L1_V04_20240321T111030Z_S001G04,6.297664,33.989120,-112.780418,120,1,VNP46A3_A2024061,147,-2.695990e-02,0.024079,0.038916,0.104746,41.613194,82.159790,0.000000,0,0,1.117304e-02,0.007380,0.009233,0.010226,0.000157,0.001811,1.002439,1.173035,1.749107,1.454217,0.107680,0.416214
TEMPO_RADT_L1_V04_20240321T112320Z_S001G05,6.297664,34.315414,-120.147171,120,1,VNP46A3_A2024061,147,-2.695990e-02,0.024079,0.038916,0.104746,41.613194,78.697197,0.000000,0,2,8.549835e-03,0.011753,0.005282,0.013964,-0.000116,0.001787,1.021807,1.188826,1.805222,1.490196,0.108385,0.422609
TEMPO_RADT_L1_V04_20240322T004733Z_S017G01,6.297664,34.157791,-63.453953,121,1,VNP46A3_A2024061,131,4.304872e-02,-0.025081,0.034256,0.058098,35.161579,25.790068,0.000000,7,4,2.977516e-02,0.035760,0.023002,0.035171,-0.000148,0.001999,1.247039,1.240800,2.296658,1.621159,0.109542,0.442407
TEMPO_RADT_L1_V04_20240322T010023Z_S017G02,6.297664,33.860462,-70.714249,120,1,VNP46A3_A2024061,131,4.304872e-02,-0.025081,0.034256,0.058098,35.161579,28.446608,0.000000,0,0,2.367644e-02,0.032813,0.013498,0.034064,0.000098,0.002396,1.148028,1.204874,2.088623,1.518298,0.107821,0.420356
TEMPO_RADT_L1_V04_20240322T011312Z_S017G03,6.297664,33.668205,-77.379547,120,1,VNP46A3_A2024061,131,4.304872e-02,-0.025081,0.034256,0.058098,35.161579,30.961735,0.000000,0,11,7.665759e-03,-0.010554,0.022111,-0.001939,0.000361,0.002930,1.154342,1.238426,2.024734,1.529849,0.107484,0.413481
TEMPO_RADT_L1_V04_20240322T012602Z_S017G04,6.297664,33.553848,-83.743271,120,1,VNP46A3_A2024061,131,4.304872e-02,-0.025081,0.034256,0.058098,35.161579,33.406853,0.000000,0,165,-7.123887e-03,-0.014841,0.024850,-0.012838,0.000217,0.001025,1.302548,1.285887,2.323249,1.591889,0.107511,0.420934
TEMPO_RADT_L1_V04_20240322T013852Z_S017G05,6.297664,33.513420,-89.957481,120,1,VNP46A3_A2024061,131,4.304872e-02,-0.025081,0.034256,0.058098,35.161579,35.835400,0.000000,0,386,1.145209e-02,-0.018818,0.020424,-0.026644,-0.000063,-0.002186,1.325211,1.306132,2.418189,1.744749,0.109854,0.442452
TEMPO_RADT_L1_V04_20240322T103153Z_S001G01,6.297664,33.581135,-93.326675,121,1,VNP46A3_A2024061,160,1.215502e-02,0.012758,0.049290,0.123146,30.767260,84.503532,0.000000,0,273,7.640809e-03,-0.017605,0.014008,-0.028294,-0.000088,-0.002343,1.036885,1.235733,1.804416,1.585302,0.109575,0.432668
TEMPO_RADT_L1_V04_20240322T104443Z_S001G02,6.297664,33.637371,-99.617462,120,1,VNP46A3_A2024061,160,1.215502e-02,0.012758,0.049290,0.123146,30.767260,81.948639,0.000000,0,0,6.082208e-03,-0.007509,0.018720,-0.002540,0.000152,0.002308,1.036317,1.216507,1.782827,1.504352,0.107719,0.416918
TEMPO_RADT_L1_V04_20240322T105732Z_S001G03,6.297664,33.759541,-106.032433,120,1,VNP46A3_A2024061,160,1.215502e-02,0.012758,0.049290,0.123146,30.767260,79.246445,0.000000,0,0,9.347419e-03,0.008286,0.012104,0.011302,0.000118,0.002670,1.026265,1.187637,1.780529,1.469579,0.107490,0.418625
TEMPO_RADT_L1_V04_20240322T111022Z_S001G04,6.297664,33.980988,-112.805763,120,1,VNP46A3_A2024061,160,1.215502e-02,0.012758,0.049290,0.123146,30.767260,76.222717,0.000000,0,0,1.158676e-02,0.017031,0.009693,0.019797,0.000140,0.002958,1.013014,1.180194,1.770875,1.472308,0.107521,0.418506
TEMPO_RADT_L1_V04_20240322T112312Z_S001G05,6.297664,34.304344,-120.174034,120,1,VNP46A3_A2024061,160,1.215502e-02,0.012758,0.049290,0.123146,30.767260,72.700081,0.000000,0,0,9.581043e-03,0.018307,0.006207,0.023329,0.000171,0.003470,1.041579,1.193305,1.846401,1.504503,0.108554,0.426279
TEMPO_RADT_L1_V04_20240323T004706Z_S017G01,6.297664,34.170593,-63.467640,121,1,VNP46A3_A2024061,64,3.802640e-02,-0.005226,0.051287,0.180087,24.346060,36.413754,0.000000,0,6,2.452366e-02,0.024427,0.032726,0.032998,0.000217,0.004686,1.324960,1.263140,2.469549,1.663004,0.109348,0.441436
TEMPO_RADT_L1_V04_20240323T005956Z_S017G02,6.297664,33.870682,-70.725433,120,1,VNP46A3_A2024061,64,3.802640e-02,-0.005226,0.051287,0.180087,24.346060,39.292065,0.000000,0,0,2.047124e-02,0.024335,0.023450,0.036049,0.000161,0.004921,1.357236,1.266448,2.535580,1.592305,0.108006,0.422300
TEMPO_RADT_L1_V04_20240323T011245Z_S017G03,6.297664,33.675400,-77.389404,120,1,VNP46A3_A2024061,64,3.802640e-02,-0.005226,0.051287,0.180087,24.346060,41.926876,0.000000,0,306,1.241504e-02,-0.000108,0.025026,-0.006432,-0.000159,-0.000203,1.349055,1.274870,2.448317,1.582813,0.107567,0.419931
TEMPO_RADT_L1_V04_20240323T012535Z_S017G04,6.297664,33.559505,-83.747429,120,1,VNP46A3_A2024061,64,3.802640e-02,-0.005226,0.051287,0.180087,24.346060,44.439037,0.000000,0,818,1.884425e-02,-0.046988,0.029838,-0.079003,-0.000525,-0.007867,1.522039,1.353489,2.777131,1.704491,0.108824,0.427209
TEMPO_RADT_L1_V04_20240323T013825Z_S017G05,6.297664,33.518963,-89.955788,120,1,VNP46A3_A2024061,64,3.802640e-02,-0.005226,0.051287,0.180087,24.346060,46.906662,0.000000,0,100,4.157147e-03,0.007105,0.019748,0.028410,0.000891,0.006821,1.385656,1.296720,2.539416,1.745465,0.111980,0.438727
TEMPO_RADT_L1_V04_20240323T103145Z_S001G01,6.297664,33.586571,-93.334122,120,1,VNP46A3_A2024061,153,1.918108e-02,-0.046106,0.044818,0.109378,19.962362,79.140358,0.000000,1,12,8.327155e-03,-0.001869,0.018916,-0.000906,0.000212,0.001066,1.062594,1.219753,1.833346,1.555842,0.115980,0.426627
TEMPO_RADT_L1_V04_20240323T104428Z_S001G02,6.297664,33.646095,-99.568077,120,1,VNP46A3_A2024061,153,1.918108e-02,-0.046106,0.044818,0.109378,19.962362,76.562851,0.000000,0,5,4.675970e-03,-0.023375,0.015870,-0.019670,0.000041,0.001755,1.059435,1.231579,1.832194,1.524532,0.109035,0.420682
TEMPO_RADT_L1_V04_20240323T105718Z_S001G03,6.297664,33.771187,-105.923607,119,1,VNP46A3_A2024061,153,1.918108e-02,-0.046106,0.044818,0.109378,19.962362,73.866867,0.000000,0,4,8.131062e-03,0.006517,0.009421,0.005848,-0.000477,0.001443,1.058505,1.195195,1.864478,1.481408,0.108452,0.416201
TEMPO_RADT_L1_V04_20240323T111001Z_S001G04,6.297664,33.993984,-112.624062,119,1,VNP46A3_A2024061,153,1.918108e-02,-0.046106,0.044818,0.109378,19.962362,70.890755,0.000000,0,0,1.118901e-02,0.018768,0.005418,0.020464,-0.000730,0.002435,1.077079,1.197646,1.926115,1.487751,0.110042,0.418245
TEMPO_RADT_L1_V04_20240323T112244Z_S001G05,6.297664,34.319576,-119.904572,119,1,VNP46A3_A2024061,153,1.918108e-02,-0.046106,0.044818,0.109378,19.962362,67.462410,0.000000,0,0,1.057049e-02,0.020948,0.009915,0.024243,-0.000565,0.002422,1.157692,1.243420,2.137734,1.556674,0.112016,0.423782
TEMPO_RADT_L1_V04_20240324T004639Z_S015G01,6.297664,34.149624,-63.454971,121,1,VNP46A3_A2024061,153,8.853991e-03,0.008107,0.028385,0.058769,13.549301,47.249821,0.000000,1535,4,3.483718e-02,0.054771,0.043840,0.052990,0.001454,0.002498,1.340292,1.292574,2.501778,1.723546,0.113137,0.452749
TEMPO_RADT_L1_V04_20240324T005929Z_S015G02,6.297664,33.853374,-70.718277,120,1,VNP46A3_A2024061,153,8.853991e-03,0.008107,0.028385,0.058769,13.549301,50.247967,0.000000,0,574,3.278866e-02,0.005345,0.029406,-0.026436,-0.000278,-0.006372,1.322627,1.271131,2.449552,1.609009,0.110956,0.427543
TEMPO_RADT_L1_V04_20240324T011218Z_S015G03,6.297664,33.662636,-77.387871,120,1,VNP46A3_A2024061,153,8.853991e-03,0.008107,0.028385,0.058769,13.549301,52.952602,0.000000,0,390,3.386822e-02,-0.026143,0.058543,-0.035729,-0.001609,-0.002171,1.614936,1.422458,2.945593,1.772060,0.109657,0.423818
TEMPO_RADT_L1_V04_20240324T012508Z_S015G04,6.297664,33.550072,-83.751968,120,1,VNP46A3_A2024061,153,8.853991e-03,0.008107,0.028385,0.058769,13.549301,55.508698,0.000000,0,2,1.070284e-02,-0.008524,0.055106,0.016586,-0.000684,0.007811,1.274124,1.290191,2.257072,1.602275,0.109207,0.424523
TEMPO_RADT_L1_V04_20240324T013758Z_S015G05,6.297664,33.509449,-89.970222,120,1,VNP46A3_A2024061,153,8.853991e-03,0.008107,0.028385,0.058769,13.549301,58.007099,0.000000,0,2,2.056465e-02,0.016984,0.047579,0.046802,0.000205,0.008031,1.165621,1.236390,2.068819,1.662766,0.112548,0.441841
TEMPO_RADT_L1_V04_20240324T103134Z_S001G01,6.297664,33.569847,-93.345093,121,1,VNP46A3_A2024061,114,2.053236e-02,0.056989,0.052338,0.229635,9.166274,74.152023,0.000000,7,2,9.722065e-03,0.019229,0.016252,0.028053,0.003099,0.004768,1.084681,1.217274,1.888162,1.592998,0.119529,0.437301
TEMPO_RADT_L1_V04_20240324T104424Z_S001G02,6.297664,33.629143,-99.632072,120,1,VNP46A3_A2024061,114,2.053236e-02,0.056989,0.052338,0.229635,9.166274,71.586716,0.000000,2,4,5.181532e-03,-0.008847,0.018648,-0.008494,-0.002522,0.001230,1.154184,1.237193,2.058357,1.543948,0.112380,0.421993
TEMPO_RADT_L1_V04_20240324T105713Z_S001G03,6.297664,33.755009,-106.043579,120,1,VNP46A3_A2024061,114,2.053236e-02,0.056989,0.052338,0.229635,9.166274,68.927574,0.000000,90,2,9.284213e-03,0.000778,0.012231,-0.000672,-0.000864,0.002228,1.159837,1.236746,2.091117,1.542109,0.111305,0.420719
TEMPO_RADT_L1_V04_20240324T111003Z_S001G04,6.297664,33.984764,-112.807671,120,1,VNP46A3_A2024061,114,2.053236e-02,0.056989,0.052338,0.229635,9.166274,66.028503,0.000000,188,9,1.566677e-02,0.006898,0.019386,0.000604,-0.003814,0.000237,1.201963,1.250364,2.204531,1.572756,0.113297,0.421608
TEMPO_RADT_L1_V04_20240324T112253Z_S001G05,6.297664,34.318756,-120.167786,120,1,VNP46A3_A2024061,114,2.053236e-02,0.056989,0.052338,0.229635,9.166274,62.732410,0.000000,8,2,1.477706e-02,0.001407,0.023394,0.002464,-0.000988,0.001886,1.312983,1.287333,2.474333,1.637715,0.117463,0.430907
TEMPO_RADT_L1_V04_20240325T004612Z_S017G01,6.297664,34.163143,-63.449478,121,1,VNP46A3_A2024061,149,8.087941e-03,0.017388,0.033872,0.059720,2.841283,58.224670,0.000000,0,101,2.930029e-02,0.019864,0.011031,0.006458,-0.000345,-0.002214,1.590034,1.360465,2.983632,1.753944,0.110171,0.430768
TEMPO_RADT_L1_V04_20240325T005902Z_S017G02,6.297664,33.861908,-70.718201,120,1,VNP46A3_A2024061,149,8.087941e-03,0.017388,0.033872,0.059720,2.841283,61.292660,0.000000,0,7,5.173812e-02,0.028143,0.057799,0.026402,-0.000076,0.001356,1.528747,1.291918,2.857264,1.607298,0.108100,0.418383
TEMPO_RADT_L1_V04_20240325T011151Z_S017G03,6.297664,33.664551,-77.387558,120,1,VNP46A3_A2024061,149,8.087941e-03,0.017388,0.033872,0.059720,2.841283,64.032822,0.000000,0,0,1.285471e-02,-0.015108,0.048250,-0.008029,0.000059,0.002190,1.360250,1.315272,2.482518,1.614786,0.107485,0.414226
TEMPO_RADT_L1_V04_20240325T012441Z_S017G04,6.297664,33.547539,-83.746254,120,1,VNP46A3_A2024061,149,8.087941e-03,0.017388,0.033872,0.059720,2.841283,66.605713,0.000000,0,0,-2.844359e-03,-0.005043,0.034613,0.006833,0.000235,0.002497,1.240458,1.276866,2.206113,1.578365,0.107710,0.417822
TEMPO_RADT_L1_V04_20240325T013731Z_S017G05,6.297664,33.504921,-89.960274,120,1,VNP46A3_A2024061,149,8.087941e-03,0.017388,0.033872,0.059720,2.841283,69.113136,0.000000,0,2,1.588132e-02,0.014578,0.030211,0.028800,0.000526,0.002450,1.219053,1.298408,2.199406,1.693594,0.111736,0.424344
TEMPO_RADT_L1_V04_20240325T103124Z_S001G01,6.297664,33.576088,-93.357750,121,1,VNP46A3_A2024061,128,3.839836e-03,-0.029571,0.047689,0.147566,1.987587,69.691292,0.000000,0,26,6.525957e-03,0.012406,0.010693,0.010916,0.000717,-0.000139,1.261387,1.302022,2.300465,1.652122,0.113023,0.422252
TEMPO_RADT_L1_V04_20240325T104414Z_S001G02,6.297664,33.630268,-99.645958,120,1,VNP46A3_A2024061,128,3.839836e-03,-0.029571,0.047689,0.147566,1.987587,67.247856,0.000000,0,43,5.508436e-03,-0.006742,0.020240,-0.005552,0.000601,0.001074,1.430670,1.358700,2.633590,1.685746,0.110547,0.419176
TEMPO_RADT_L1_V04_20240325T105703Z_S001G03,6.297664,33.751530,-106.058861,120,1,VNP46A3_A2024061,128,3.839836e-03,-0.029571,0.047689,0.147566,1.987587,64.750641,0.000000,0,0,2.087862e-02,0.002923,0.039029,0.006362,0.000177,0.002242,1.371526,1.342667,2.524072,1.664701,0.109104,0.418880
TEMPO_RADT_L1_V04_20240325T110953Z_S001G04,6.297664,33.976025,-112.825851,120,1,VNP46A3_A2024061,128,3.839836e-03,-0.029571,0.047689,0.147566,1.987587,62.076439,0.000000,0,11,3.401124e-02,0.012672,0.050528,0.013011,-0.000886,0.001507,1.460099,1.398299,2.725388,1.739263,0.110610,0.416920
TEMPO_RADT_L1_V04_20240325T112243Z_S001G05,6.297664,34.303535,-120.186676,120,1,VNP46A3_A2024061,128,3.839836e-03,-0.029571,0.047689,0.147566,1.987587,59.099922,0.000000,0,4,1.659212e-02,0.011146,0.022160,0.018440,-0.000468,0.002382,1.472001,1.372520,2.780802,1.722632,0.113961,0.422891
TEMPO_RADT_L1_V04_20240326T004546Z_S017G01,6.297664,34.172623,-63.382183,121,1,VNP46A3_A2024061,100,-2.504167e-02,0.030148,0.025819,0.059732,8.276655,69.225929,0.000000,0,46,1.430893e-02,0.019589,0.001746,0.014585,-0.000214,-0.000104,1.138732,1.232916,2.095480,1.589132,0.109115,0.433977
TEMPO_RADT_L1_V04_20240326T005836Z_S017G02,6.297664,33.868412,-70.656052,120,1,VNP46A3_A2024061,100,-2.504167e-02,0.030148,0.025819,0.059732,8.276655,72.343063,0.000000,0,2,1.494267e-02,0.021931,0.005642,0.021424,-0.000055,0.001644,1.070660,1.191478,1.912512,1.494152,0.107970,0.418710
TEMPO_RADT_L1_V04_20240326T011125Z_S017G03,6.297664,33.667152,-77.331635,120,1,VNP46A3_A2024061,100,-2.504167e-02,0.030148,0.025819,0.059732,8.276655,75.112816,0.000000,0,0,3.557960e-03,-0.021380,0.023196,-0.011307,-0.000004,0.003117,1.101701,1.226556,1.935553,1.513405,0.107483,0.416588
TEMPO_RADT_L1_V04_20240326T012415Z_S017G04,6.297664,33.548748,-83.695053,120,1,VNP46A3_A2024061,100,-2.504167e-02,0.030148,0.025819,0.059732,8.276655,77.704033,0.000000,0,50,-1.200959e-03,-0.004227,0.027019,0.000740,0.000220,0.002343,1.111503,1.226310,1.919176,1.507218,0.107598,0.415316
TEMPO_RADT_L1_V04_20240326T013705Z_S017G05,6.297664,33.500061,-89.911095,120,1,VNP46A3_A2024061,100,-2.504167e-02,0.030148,0.025819,0.059732,8.276655,80.219650,0.000000,0,121,1.467364e-02,0.009249,0.009746,0.003948,0.000595,0.000461,1.042826,1.211163,1.823589,1.627586,0.112828,0.430424
TEMPO_RADT_L1_V04_20240326T103114Z_S001G01,6.297664,33.574165,-93.285675,121,1,VNP46A3_A2024061,164,3.170414e-02,0.029174,0.039540,0.120548,12.710011,65.970261,0.000000,0,10,7.465777e-03,0.006383,0.013578,0.011495,0.000434,0.005382,1.196212,1.269652,2.162786,1.647529,0.111715,0.438209
TEMPO_RADT_L1_V04_20240326T104404Z_S001G02,6.297664,33.630291,-99.573219,120,1,VNP46A3_A2024061,164,3.170414e-02,0.029174,0.039540,0.120548,12.710011,63.754597,0.000000,0,0,8.389182e-04,-0.023084,0.015538,-0.014758,0.000205,0.005720,1.153737,1.268775,2.027001,1.589851,0.108106,0.434818
TEMPO_RADT_L1_V04_20240326T105653Z_S001G03,6.297664,33.751419,-105.986923,120,1,VNP46A3_A2024061,164,3.170414e-02,0.029174,0.039540,0.120548,12.710011,61.534000,0.000000,0,0,1.564892e-02,0.006114,0.023087,0.006874,0.000185,0.005177,1.145994,1.247658,2.051487,1.557411,0.108175,0.427927
TEMPO_RADT_L1_V04_20240326T110943Z_S001G04,6.297664,33.975811,-112.756798,120,1,VNP46A3_A2024061,164,3.170414e-02,0.029174,0.039540,0.120548,12.710011,59.218716,0.000000,0,2,1.982797e-02,0.019457,0.027637,0.018164,0.000033,0.005001,1.172516,1.258290,2.127332,1.579176,0.108946,0.430914
TEMPO_RADT_L1_V04_20240326T112233Z_S001G05,6.297664,34.301643,-120.115463,120,1,VNP46A3_A2024061,164,3.170414e-02,0.029174,0.039540,0.120548,12.710011,56.726776,0.000000,0,2,9.939619e-03,0.017594,0.008029,0.021387,-0.000001,0.006314,1.242784,1.280406,2.283472,1.642030,0.110220,0.437820
TEMPO_RADT_L1_V04_20240327T005545Z_S013G01,6.297664,33.909660,-69.426094,126,1,VNP46A3_A2024061,89,-7.295349e-03,0.031919,0.045073,0.120133,19.263508,82.961281,0.000000,0,2,1.732984e-02,0.020723,0.005046,0.021358,-0.000089,0.002451,0.984056,1.162898,1.703432,1.488047,0.108686,0.423819
TEMPO_RADT_L1_V04_20240327T010907Z_S013G02,6.297664,33.688122,-76.500519,126,1,VNP46A3_A2024061,89,-7.295349e-03,0.031919,0.045073,0.120133,19.263508,85.934998,0.000000,0,4,8.943082e-03,0.005454,0.013405,0.008892,-0.000007,0.003148,1.024869,1.185898,1.755608,1.480017,0.107658,0.419041
TEMPO_RADT_L1_V04_20240327T012235Z_S013G03,6.297664,33.555222,-83.206551,126,1,VNP46A3_A2024061,89,-7.295349e-03,0.031919,0.045073,0.120133,19.263508,88.681091,0.000000,0,107,6.228482e-03,0.000310,0.020452,-0.002345,0.000050,0.000550,1.046914,1.190888,1.790230,1.470200,0.107304,0.417725
TEMPO_RADT_L1_V04_20240327T013603Z_S013G04,6.297664,33.510426,-89.677589,125,1,VNP46A3_A2024061,89,-7.295349e-03,0.031919,0.045073,0.120133,19.263508,91.305489,0.000000,0,41,9.081147e-03,-0.006677,0.020427,0.001489,0.000558,0.002769,1.033485,1.200189,1.780682,1.604581,0.112388,0.422659
TEMPO_RADT_L1_V04_20240327T103104Z_S001G01,6.297664,33.580811,-93.273895,121,1,VNP46A3_A2024061,179,1.474626e-02,0.011503,0.050379,0.113987,23.718027,63.044758,0.000000,0,10,1.051928e-02,-0.015468,0.031817,-0.006965,0.000274,0.002642,1.141136,1.266938,2.008900,1.679813,0.112122,0.431394
TEMPO_RADT_L1_V04_20240327T104354Z_S001G02,6.297664,33.637573,-99.559929,120,1,VNP46A3_A2024061,179,1.474626e-02,0.011503,0.050379,0.113987,23.718027,61.170544,0.000000,0,2,9.445876e-03,-0.010633,0.028348,-0.003412,0.000113,0.003709,1.192693,1.275008,2.114618,1.600614,0.107961,0.428077
TEMPO_RADT_L1_V04_20240327T105643Z_S001G03,6.297664,33.759731,-105.971100,120,1,VNP46A3_A2024061,179,1.474626e-02,0.011503,0.050379,0.113987,23.718027,59.351868,0.000000,0,0,1.500229e-02,0.014630,0.020887,0.016025,0.000137,0.003738,1.078701,1.216231,1.898469,1.515785,0.108198,0.424327
TEMPO_RADT_L1_V04_20240327T110933Z_S001G04,6.297664,33.980846,-112.742752,120,1,VNP46A3_A2024061,179,1.474626e-02,0.011503,0.050379,0.113987,23.718027,57.532154,0.000000,0,4,1.600891e-02,0.022115,0.014145,0.021041,0.000109,0.003740,1.043045,1.195564,1.832965,1.507910,0.108373,0.425042
TEMPO_RADT_L1_V04_20240327T112223Z_S001G05,6.297664,34.304867,-120.107841,120,1,VNP46A3_A2024061,179,1.474626e-02,0.011503,0.050379,0.113987,23.718027,55.678940,0.000000,0,0,1.313001e-02,0.017952,0.011454,0.020778,0.000021,0.004870,1.144903,1.232602,2.080484,1.595024,0.109864,0.435846
TEMPO_RADT_L1_V04_20240328T103053Z_S001G01,6.297664,33.832787,-108.675232,101,1,VNP46A3_A2024061,45,-1.849619e-02,-0.006711,0.027396,0.049917,34.737564,55.098289,0.000000,0,0,4.378373e-03,0.005433,0.005742,0.005999,0.000106,0.001298,1.011385,1.165052,1.759691,1.452289,0.106994,0.417583
TEMPO_RADT_L1_V04_20240328T104134Z_S001G02,6.297664,34.051502,-114.508232,100,1,VNP46A3_A2024061,45,-1.849619e-02,-0.006711,0.027396,0.049917,34.737564,54.499126,0.000000,0,2,3.699385e-03,-0.001641,0.006021,-0.001180,0.000119,0.001555,1.029193,1.172677,1.806511,1.448297,0.106883,0.413347
TEMPO_RADT_L1_V04_20240328T105216Z_S001G03,6.297664,34.333874,-120.745064,100,1,VNP46A3_A2024061,45,-1.849619e-02,-0.006711,0.027396,0.049917,34.737564,54.061596,0.000000,0,2,5.217728e-03,0.002833,0.007204,0.005602,0.000066,0.002013,1.067137,1.185374,1.912332,1.475405,0.107129,0.417642
TEMPO_RADT_L1_V04_20240328T110324Z_S002G01,6.297664,33.832382,-108.676956,101,1,VNP46A3_A2024061,45,2.418440e-02,0.012508,0.033775,0.052149,34.993450,57.916588,0.000000,0,0,4.049286e-03,0.005190,0.005212,0.001646,0.000115,0.000701,1.008696,1.189116,1.758878,1.474764,0.107836,0.420291
TEMPO_RADT_L1_V04_20240328T111405Z_S002G02,6.297664,34.054180,-114.509178,100,1,VNP46A3_A2024061,45,2.418440e-02,0.012508,0.033775,0.052149,34.993450,56.935951,0.000000,0,2,4.024612e-03,-0.000989,0.007948,0.002699,0.000099,0.002851,1.023196,1.191090,1.800660,1.476966,0.107627,0.419629
TEMPO_RADT_L1_V04_20240328T112447Z_S002G03,6.297664,34.340336,-120.743454,100,1,VNP46A3_A2024061,45,2.418440e-02,0.012508,0.033775,0.052149,34.993450,56.046211,0.000000,0,0,5.544551e-03,0.003224,0.006319,0.006864,0.000176,0.002804,1.058743,1.198413,1.874737,1.497574,0.107970,0.421034
TEMPO_RADT_L1_V04_20240329T011632Z_S018G01,6.297664,33.613308,-79.953247,101,1,VNP46A3_A2024061,134,3.505421e-02,0.045976,0.033897,0.040060,41.673470,109.963470,0.000000,0,2,1.730596e-03,0.005414,0.010437,0.009146,-0.000147,0.000376,1.067501,1.243724,1.822558,1.585606,0.109195,0.418731
TEMPO_RADT_L1_V04_20240329T012713Z_S018G02,6.297664,33.534142,-85.251328,100,1,VNP46A3_A2024061,134,3.505421e-02,0.045976,0.033897,0.040060,41.673470,112.139336,0.000000,0,0,8.902308e-03,0.013912,0.013998,0.019173,-0.000078,0.001360,1.044267,1.207282,1.784201,1.503885,0.107404,0.415378
TEMPO_RADT_L1_V04_20240329T013755Z_S018G03,6.297664,33.512085,-90.414154,100,1,VNP46A3_A2024061,134,3.505421e-02,0.045976,0.033897,0.040060,41.673470,114.243156,0.000000,0,0,2.164773e-02,0.013033,0.029063,0.011929,0.000647,0.003281,1.043406,1.217412,1.802008,1.630446,0.112335,0.419757
TEMPO_RADT_L1_V04_20240329T103043Z_S001G01,6.297664,33.575344,-92.760956,101,1,VNP46A3_A2024061,115,3.792002e-02,-0.022719,0.042197,0.085045,46.046288,60.388344,0.000000,0,2,1.401862e-02,0.016710,0.022510,0.021000,0.000222,0.003284,1.062891,1.208519,1.842769,1.577600,0.110619,0.425265
TEMPO_RADT_L1_V04_20240329T104124Z_S001G02,6.297664,33.613441,-97.996834,100,1,VNP46A3_A2024061,115,3.792002e-02,-0.022719,0.042197,0.085045,46.046288,59.627598,0.000000,0,4,8.202627e-03,-0.012176,0.014789,-0.005544,0.000018,0.003494,1.058183,1.240554,1.809111,1.533904,0.107660,0.420869
TEMPO_RADT_L1_V04_20240329T105206Z_S001G03,6.297664,33.695473,-103.276848,100,1,VNP46A3_A2024061,115,3.792002e-02,-0.022719,0.042197,0.085045,46.046288,58.991379,0.000000,0,3,1.570703e-02,0.015439,0.017246,0.015553,0.000166,0.002500,1.057888,1.205341,1.829328,1.534673,0.109085,0.423191
TEMPO_RADT_L1_V04_20240329T110314Z_S002G01,6.297664,33.576656,-92.756577,101,1,VNP46A3_A2024061,117,4.056163e-02,0.017288,0.035307,0.095545,46.303825,63.475876,20963.000000,0,2,4.485515e-02,0.007589,0.026880,0.017148,0.014520,0.005040,1.160879,1.413112,2.209152,2.067441,0.143304,0.484623
TEMPO_RADT_L1_V04_20240329T111355Z_S002G02,6.297664,33.615177,-97.992912,100,1,VNP46A3_A2024061,117,4.056163e-02,0.017288,0.035307,0.095545,46.303825,62.447491,34.000000,0,2,-1.302653e-02,-0.012053,0.002833,-0.086224,-0.008387,0.000922,1.064085,1.291840,1.863667,1.685972,0.113154,0.427478
TEMPO_RADT_L1_V04_20240329T112437Z_S002G03,6.297664,33.698956,-103.273224,100,1,VNP46A3_A2024061,117,4.056163e-02,0.017288,0.035307,0.095545,46.303825,61.523560,0.000000,0,21,-4.084690e-04,0.018981,0.006938,-0.050328,-0.008816,0.002571,1.051427,1.246701,1.827345,1.848394,0.122856,0.440015
TEMPO_RADT_L1_V04_20240330T011607Z_S018G01,6.297664,34.207294,-62.739498,101,1,VNP46A3_A2024061,18,2.916236e-02,0.034845,0.025300,0.020909,53.098278,107.832550,0.000000,0,2,4.474519e-03,0.008526,0.001244,0.007712,0.000053,0.001521,0.972287,1.147473,1.689927,1.434411,0.106960,0.418734
TEMPO_RADT_L1_V04_20240330T012648Z_S018G02,6.297664,33.940273,-68.901543,100,1,VNP46A3_A2024061,18,2.916236e-02,0.034845,0.025300,0.020909,53.098278,110.556198,0.000000,0,0,5.295286e-03,0.010905,0.002365,0.011929,0.000114,0.001992,0.965355,1.137983,1.672769,1.411426,0.106235,0.414650
TEMPO_RADT_L1_V04_20240330T013730Z_S018G03,6.297664,33.751930,-74.582909,100,1,VNP46A3_A2024061,18,2.916236e-02,0.034845,0.025300,0.020909,53.098278,112.970535,0.000000,0,0,3.240782e-04,-0.013662,0.012515,-0.010232,0.000206,0.002136,1.000473,1.177549,1.727050,1.452799,0.106994,0.416809
TEMPO_RADT_L1_V04_20240330T103031Z_S001G01,6.297664,33.833340,-108.678001,101,1,VNP46A3_A2024061,40,-3.184102e-02,0.005221,0.052752,0.103188,57.556133,60.690510,0.000000,0,0,4.937947e-03,-0.000466,0.005067,-0.000301,0.000153,0.001992,1.006611,1.170989,1.745300,1.454543,0.107248,0.420357
TEMPO_RADT_L1_V04_20240330T104112Z_S001G02,6.297664,34.049519,-114.513680,100,1,VNP46A3_A2024061,40,-3.184102e-02,0.005221,0.052752,0.103188,57.556133,61.326630,0.000000,0,5,2.754990e-03,-0.003252,0.006062,-0.001057,0.000154,0.001891,1.009990,1.166975,1.752008,1.449084,0.107158,0.418608
TEMPO_RADT_L1_V04_20240330T105154Z_S001G03,6.297664,34.332375,-120.750046,100,1,VNP46A3_A2024061,40,-3.184102e-02,0.005221,0.052752,0.103188,57.556133,62.258732,0.000000,0,0,6.510024e-03,0.010420,0.008209,0.013328,0.000067,0.002926,1.018370,1.167357,1.791228,1.459209,0.107119,0.420749
TEMPO_RADT_L1_V04_20240330T110302Z_S002G01,6.297664,33.826847,-108.675110,101,1,VNP46A3_A2024061,43,8.883176e-03,-0.014092,0.042121,0.075193,57.818771,60.431717,0.000000,0,4,4.323417e-03,-0.000425,0.005600,-0.000357,0.000109,0.002754,1.008311,1.184421,1.763531,1.482209,0.107721,0.421856
TEMPO_RADT_L1_V04_20240330T111343Z_S002G02,6.297664,34.045277,-114.515511,100,1,VNP46A3_A2024061,43,8.883176e-03,-0.014092,0.042121,0.075193,57.818771,60.689587,0.000000,0,4,3.283497e-03,-0.000279,0.005865,0.001576,0.000142,0.002721,1.010713,1.183945,1.761403,1.467919,0.107594,0.419027
TEMPO_RADT_L1_V04_20240330T112425Z_S002G03,6.297664,34.331020,-120.754562,100,1,VNP46A3_A2024061,43,8.883176e-03,-0.014092,0.042121,0.075193,57.818771,61.206932,0.000000,0,0,6.702082e-03,0.009615,0.008201,0.011398,0.000068,0.003231,1.023361,1.183115,1.801962,1.484029,0.107592,0.425297
TEMPO_RADT_L1_V04_20240331T011543Z_S016G01,6.297664,33.615463,-79.942436,101,1,VNP46A3_A2024061,116,-3.035969e-02,0.008185,0.032094,0.069795,64.753265,132.951248,0.000000,0,56,-3.816427e-03,-0.001794,0.000401,0.004754,-0.000959,-0.000333,1.061980,1.236081,1.821822,1.598833,0.111534,0.420795
TEMPO_RADT_L1_V04_20240331T012624Z_S016G02,6.297664,33.534630,-85.239738,100,1,VNP46A3_A2024061,116,-3.035969e-02,0.008185,0.032094,0.069795,64.753265,135.152786,0.000000,0,25,2.469513e-03,0.012757,0.004938,0.025924,-0.000667,0.001011,1.036554,1.197740,1.780495,1.487430,0.107929,0.413551
TEMPO_RADT_L1_V04_20240331T013706Z_S016G03,6.297664,33.510788,-90.406731,100,1,VNP46A3_A2024061,116,-3.035969e-02,0.008185,0.032094,0.069795,64.753265,137.277115,166.000000,0,2,3.636082e-02,0.017821,0.047574,-0.003362,0.001099,0.003760,1.060898,1.219018,1.817533,1.672070,0.116179,0.421436
TEMPO_RADT_L1_V04_20240331T103020Z_S001G01,6.297664,33.567741,-92.761696,101,1,VNP46A3_A2024061,76,2.465561e-02,0.008644,0.035681,0.147628,69.315063,62.387661,0.000000,0,0,1.506943e-02,0.014506,0.019273,0.005772,0.000196,0.001053,1.035907,1.185166,1.798231,1.593789,0.112250,0.421960
TEMPO_RADT_L1_V04_20240331T104101Z_S001G02,6.297664,33.606922,-97.995468,100,1,VNP46A3_A2024061,76,2.465561e-02,0.008644,0.035681,0.147628,69.315063,62.636669,0.000000,0,4,6.385461e-03,-0.003809,0.014206,0.002109,0.000077,0.002481,1.044310,1.209173,1.780944,1.502894,0.107959,0.417050
TEMPO_RADT_L1_V04_20240331T105143Z_S001G03,6.297664,33.691277,-103.275642,100,1,VNP46A3_A2024061,76,2.465561e-02,0.008644,0.035681,0.147628,69.315063,63.039898,0.000000,0,2,1.092579e-02,0.000879,0.011083,0.004099,0.000056,0.002131,1.025884,1.187971,1.775046,1.521957,0.109613,0.417808
TEMPO_RADT_L1_V04_20240331T110251Z_S002G01,6.297664,33.527370,-90.547874,101,0,VNP46A3_A2024061,0,0,0.000000,NaN,NaN,69.583923,62.559395,67987.000000,0,10845,2.160199e-01,0.130683,0.580247,-0.099211,0.001564,0.171381,2.614613,1.429722,3.703579,1.820831,0.142969,0.505318
TEMPO_RADT_L1_V04_20240331T111332Z_S002G02,6.297664,33.534233,-90.552734,100,0,VNP46A3_A2024061,0,0,0.000000,NaN,NaN,69.583923,62.862499,127075.000000,0,0,-5.682645e-02,-0.031554,-0.008892,0.279613,0.024466,-0.135254,2.238643,1.565152,3.618054,2.035176,0.145535,0.568845
TEMPO_RADT_L1_V04_20240331T112414Z_S002G03,6.297664,33.540115,-90.556084,100,0,VNP46A3_A2024061,0,0,0.000000,NaN,NaN,69.583923,63.257271,199774.000000,0,0,-8.458590e-01,-0.164817,-0.939321,-1.020112,0.022965,-0.779170,4.343666,1.671331,4.791004,2.312327,0.185842,0.834050
TEMPO_RADT_L1_V04_20240401T011518Z_S018G01,6.297664,34.212543,-62.738258,101,1,VNP46A3_A2024092,26,-1.922364e-02,-0.041908,0.022820,0.037370,76.689735,130.672653,0.000000,0,34,6.886739e-03,0.004431,0.002332,0.002519,0.000022,0.000250,0.970261,1.142750,1.673377,1.428540,0.106688,0.417207
TEMPO_RADT_L1_V04_20240401T012559Z_S018G02,6.297664,33.945377,-68.902328,100,1,VNP46A3_A2024092,26,-1.922364e-02,-0.041908,0.022820,0.037370,76.689735,133.511597,0.000000,0,2,7.138025e-03,0.007201,0.004834,0.008001,0.000082,0.001775,0.966260,1.143424,1.676817,1.412635,0.106297,0.411224
TEMPO_RADT_L1_V04_20240401T013641Z_S018G03,6.297664,33.754475,-74.582954,100,1,VNP46A3_A2024092,26,-1.922364e-02,-0.041908,0.022820,0.037370,76.689735,136.007767,0.000000,0,0,-1.589951e-03,-0.006591,0.011190,-0.001534,0.000096,0.001427,1.008576,1.168322,1.732107,1.449773,0.106567,0.413828
TEMPO_RADT_L1_V04_20240401T103009Z_S001G01,6.297664,33.823284,-108.677025,101,1,VNP46A3_A2024092,47,2.114355e-02,0.038748,0.050037,0.050706,81.376091,70.919724,0.000000,0,2,3.853411e-03,0.006386,0.004927,0.006298,0.000131,0.000386,0.986823,1.158520,1.701464,1.441124,0.107127,0.417372
TEMPO_RADT_L1_V04_20240401T104050Z_S001G02,6.297664,34.046211,-114.510498,100,1,VNP46A3_A2024092,47,2.114355e-02,0.038748,0.050037,0.050706,81.376091,72.557358,0.000000,0,9,3.570320e-03,0.001876,0.007847,0.003652,0.000134,0.001556,0.988911,1.162387,1.712805,1.439804,0.106785,0.416480
TEMPO_RADT_L1_V04_20240401T105132Z_S001G03,6.297664,34.336021,-120.745399,100,1,VNP46A3_A2024092,47,2.114355e-02,0.038748,0.050037,0.050706,81.376091,74.544930,0.000000,0,0,4.388794e-03,-0.002237,0.004179,0.001962,0.000080,0.003135,0.980136,1.162756,1.697057,1.445584,0.106697,0.417068
TEMPO_RADT_L1_V04_20240402T011454Z_S018G01,6.297664,33.613461,-79.943962,101,1,VNP46A3_A2024092,64,-3.082611e-02,-0.012801,0.045733,0.121631,88.957359,156.119431,0.000000,0,36,-1.093263e-02,0.000235,-0.008900,0.011027,-0.000902,0.000903,1.085310,1.220730,1.841415,1.650472,0.112837,0.424767
TEMPO_RADT_L1_V04_20240402T012535Z_S018G02,6.297664,33.532879,-85.245186,100,1,VNP46A3_A2024092,64,-3.082611e-02,-0.012801,0.045733,0.121631,88.957359,158.336243,0.000000,0,58,-2.336902e-04,0.016845,-0.010093,0.025437,-0.000531,0.000846,1.027476,1.172537,1.761462,1.481716,0.108943,0.417778
TEMPO_RADT_L1_V04_20240402T013617Z_S018G03,6.297664,33.504810,-90.411064,100,1,VNP46A3_A2024092,64,-3.082611e-02,-0.012801,0.045733,0.121631,88.957359,160.444992,1427.000000,0,176,4.969438e-02,0.000723,0.067232,-0.052595,0.000888,0.004975,1.051832,1.221405,1.825156,1.740434,0.119639,0.431482
TEMPO_RADT_L1_V04_20240402T102957Z_S001G01,6.297664,33.573631,-92.752747,101,1,VNP46A3_A2024092,85,-4.006117e-02,0.021727,0.046608,0.119452,93.785301,69.134483,122.000000,0,88,3.092423e-02,0.012480,0.025319,-0.029293,0.001193,0.001552,1.043557,1.212766,1.824187,1.646730,0.117261,0.426408
TEMPO_RADT_L1_V04_20240402T104038Z_S001G02,6.297664,33.612518,-97.984299,100,1,VNP46A3_A2024092,85,-4.006117e-02,0.021727,0.046608,0.119452,93.785301,70.307632,0.000000,0,2,-3.062596e-03,-0.000382,0.006319,0.018253,-0.000963,0.003367,1.029844,1.220240,1.776086,1.522077,0.109115,0.420042
TEMPO_RADT_L1_V04_20240402T105120Z_S001G03,6.297664,33.697037,-103.261711,100,1,VNP46A3_A2024092,85,-4.006117e-02,0.021727,0.046608,0.119452,93.785301,71.618866,0.000000,0,3,5.205414e-03,0.003462,0.013484,0.021016,-0.001542,0.006010,1.025564,1.205563,1.762826,1.559515,0.114779,0.428270
TEMPO_RADT_L1_V04_20240402T110228Z_S002G01,6.297664,33.569172,-92.766426,101,1,VNP46A3_A2024092,80,-4.380446e-02,0.018844,0.035940,0.081232,94.070938,66.137726,41496.000000,0,82,3.508662e-02,-0.050870,-0.077946,0.009401,0.026575,-0.077854,1.211425,1.645769,2.378359,2.407129,0.162477,0.488913
TEMPO_RADT_L1_V04_20240402T111309Z_S002G02,6.297664,33.607540,-98.001579,100,1,VNP46A3_A2024092,80,-4.380446e-02,0.018844,0.035940,0.081232,94.070938,67.085297,5069.000000,0,7,-4.433843e-02,-0.006223,-0.068741,-0.131425,-0.017574,0.030783,1.133681,1.402192,2.089802,1.821543,0.123716,0.441221
TEMPO_RADT_L1_V04_20240402T112351Z_S002G03,6.297664,33.689075,-103.282120,100,1,VNP46A3_A2024092,80,-4.380446e-02,0.018844,0.035940,0.081232,94.070938,68.177422,0.000000,0,9,-7.607191e-02,0.003321,-0.096263,-0.099234,-0.026231,0.041554,1.091383,1.284372,1.922615,2.021810,0.145435,0.433123
TEMPO_RADT_L1_V04_20240403T012545Z_S015G01,6.297664,33.938210,-69.007614,98,1,VNP46A3_A2024092,13,3.458006e-02,-0.028471,0.053627,0.036876,101.648201,155.844727,0.000000,0,14,3.399443e-03,0.001667,0.002261,0.002351,0.000130,0.001181,0.970032,1.143474,1.680284,1.414875,0.106495,0.415282
TEMPO_RADT_L1_V04_20240403T013607Z_S015G02,6.297664,33.754314,-74.516586,97,1,VNP46A3_A2024092,13,3.458006e-02,-0.028471,0.053627,0.036876,101.648201,158.284851,0.000000,0,6,1.285546e-03,-0.000818,0.006273,0.001614,0.000194,0.001667,0.988887,1.143597,1.707132,1.417606,0.106462,0.415422
TEMPO_RADT_L1_V04_20240403T102945Z_S001G01,6.297664,33.831474,-108.665260,101,1,VNP46A3_A2024092,63,-4.863431e-02,0.007711,0.030853,0.049629,106.581596,84.101479,0.000000,0,2,3.837661e-03,0.008642,0.005400,0.006705,0.000079,0.001198,0.985283,1.158104,1.696194,1.444619,0.107302,0.418297
TEMPO_RADT_L1_V04_20240403T104026Z_S001G02,6.297664,34.051342,-114.500862,100,1,VNP46A3_A2024092,63,-4.863431e-02,0.007711,0.030853,0.049629,106.581596,86.409973,0.000000,0,0,4.347876e-03,0.000451,0.007326,0.001047,0.000049,0.001897,0.985215,1.166502,1.700289,1.443305,0.106822,0.414273
TEMPO_RADT_L1_V04_20240403T105108Z_S001G03,6.297664,34.335217,-120.739227,100,1,VNP46A3_A2024092,63,-4.863431e-02,0.007711,0.030853,0.049629,106.581596,89.086678,0.000000,0,0,4.222732e-03,0.001236,0.005127,0.003712,0.000037,0.001924,0.976978,1.173449,1.686809,1.449938,0.107156,0.419939
TEMPO_RADT_L1_V04_20240403T110216Z_S002G01,6.297664,33.833973,-108.670288,101,1,VNP46A3_A2024092,53,-1.816831e-02,-0.008099,0.030629,0.077719,106.875237,78.978851,0.000000,0,3,3.933408e-03,0.008330,0.006133,0.009130,0.000230,0.002535,0.984186,1.180080,1.697054,1.488396,0.107962,0.424465
TEMPO_RADT_L1_V04_20240403T111257Z_S002G02,6.297664,34.060558,-114.506187,100,1,VNP46A3_A2024092,53,-1.816831e-02,-0.008099,0.030629,0.077719,106.875237,81.167542,0.000000,0,0,3.810179e-03,-0.000980,0.007949,-0.000217,0.000090,0.002840,0.981205,1.174602,1.691611,1.457757,0.107438,0.420744
TEMPO_RADT_L1_V04_20240403T112339Z_S002G03,6.297664,34.349590,-120.745018,100,1,VNP46A3_A2024092,53,-1.816831e-02,-0.008099,0.030629,0.077719,106.875237,83.723206,0.000000,0,7,4.728615e-03,-0.000231,0.005420,0.001653,0.000081,0.002138,0.977698,1.183669,1.684251,1.494129,0.108061,0.425061
TEMPO_RADT_L1_V04_20240404T011408Z_S018G01,6.297664,33.609249,-79.949356,101,1,VNP46A3_A2024092,83,8.486496e-06,0.051275,0.025799,0.036725,114.641594,169.092056,0.000000,0,48,-1.814556e-02,-0.002790,-0.034734,-0.031491,-0.003069,-0.006195,1.069648,1.214416,1.824562,1.726674,0.115902,0.431670
TEMPO_RADT_L1_V04_20240404T012449Z_S018G02,6.297664,33.531010,-85.244629,100,1,VNP46A3_A2024092,83,8.486496e-06,0.051275,0.025799,0.036725,114.641594,168.783188,0.000000,0,7,-1.787549e-02,0.005826,-0.028964,-0.006877,-0.002591,-0.003208,1.039629,1.198375,1.788918,1.523096,0.108704,0.421775
TEMPO_RADT_L1_V04_20240404T013531Z_S018G03,6.297664,33.505573,-90.406830,100,1,VNP46A3_A2024092,83,8.486496e-06,0.051275,0.025799,0.036725,114.641594,168.011734,3925.000000,0,0,6.403767e-02,0.018665,0.086993,0.002998,0.003612,0.017581,1.086186,1.265118,1.882743,1.882303,0.124307,0.445532
TEMPO_RADT_L1_V04_20240404T102930Z_S001G01,2.999980,33.578251,-93.273300,121,1,VNP46A3_A2024092,171,-1.520744e-02,-0.051344,0.028846,0.087965,119.777267,80.346825,1026.000000,0,0,2.687259e-02,-0.003671,0.012610,-0.028352,0.000739,0.001974,1.678006,1.992186,2.871310,2.609000,0.187441,0.692379
TEMPO_RADT_L1_V04_20240404T103544Z_S001G02,2.999980,33.635197,-99.560814,120,1,VNP46A3_A2024092,171,-1.520744e-02,-0.051344,0.028846,0.087965,119.777267,83.731270,0.000000,0,0,3.300759e-03,-0.012328,0.013334,0.000810,0.000288,-0.000031,1.636240,1.959870,2.764735,2.400304,0.178487,0.687371
TEMPO_RADT_L1_V04_20240404T104158Z_S001G03,2.999980,33.759777,-105.971306,120,1,VNP46A3_A2024092,171,-1.520744e-02,-0.051344,0.028846,0.087965,119.777267,87.343307,0.000000,1,3,9.532493e-03,0.013370,0.008660,0.022065,0.000084,0.001142,1.598278,1.914983,2.731715,2.344183,0.178427,0.683184
TEMPO_RADT_L1_V04_20240404T104812Z_S001G04,2.999980,33.984589,-112.738831,120,1,VNP46A3_A2024092,171,-1.520744e-02,-0.051344,0.028846,0.087965,119.777267,91.347076,0.000000,0,0,1.254121e-02,0.015145,0.010229,0.024397,0.000135,0.000928,1.580204,1.914074,2.705894,2.358696,0.178692,0.680430
TEMPO_RADT_L1_V04_20240404T105426Z_S001G05,2.999980,34.312057,-120.099472,120,1,VNP46A3_A2024092,171,-1.520744e-02,-0.051344,0.028846,0.087965,119.777267,95.912743,0.000000,0,0,1.079255e-02,0.023135,0.009072,0.033591,0.000174,0.001649,1.585109,1.923086,2.695232,2.374059,0.178179,0.682717
TEMPO_RADT_L1_V04_20240404T110103Z_S002G01,2.999980,33.568371,-93.279541,121,1,VNP46A3_A2024092,144,3.622711e-03,0.043241,0.041917,0.095812,120.071869,75.153870,42997.000000,0,0,4.667750e-02,-0.094425,-0.072875,-0.106133,0.030628,-0.061888,1.883530,2.264053,3.244125,3.024903,0.237823,0.794524
TEMPO_RADT_L1_V04_20240404T110717Z_S002G02,2.999980,33.627899,-99.567856,120,1,VNP46A3_A2024092,144,3.622711e-03,0.043241,0.041917,0.095812,120.071869,78.355736,711.000000,0,0,-2.301218e-03,-0.003293,0.014786,0.005318,-0.003025,0.014315,1.661026,2.050758,2.822559,2.613288,0.184931,0.691503
TEMPO_RADT_L1_V04_20240404T111331Z_S002G03,2.999980,33.752460,-105.980507,120,1,VNP46A3_A2024092,144,3.622711e-03,0.043241,0.041917,0.095812,120.071869,81.809906,0.000000,0,0,8.698302e-03,0.033169,0.016736,0.031773,-0.003879,0.014967,1.610004,1.954068,2.727247,2.404746,0.180585,0.687960
TEMPO_RADT_L1_V04_20240404T111945Z_S002G04,2.999980,33.978546,-112.752220,120,1,VNP46A3_A2024092,144,3.622711e-03,0.043241,0.041917,0.095812,120.071869,85.678085,0.000000,0,0,1.117293e-02,0.035782,0.016821,0.036928,-0.003851,0.015575,1.601050,1.932873,2.722968,2.387268,0.181241,0.689731
TEMPO_RADT_L1_V04_20240404T112559Z_S002G05,2.999980,34.305767,-120.116234,120,1,VNP46A3_A2024092,144,3.622711e-03,0.043241,0.041917,0.095812,120.071869,90.123032,0.000000,0,0,8.945878e-03,0.042210,0.015788,0.044808,-0.003711,0.016823,1.597368,1.947115,2.754240,2.418349,0.181715,0.694435
TEMPO_RADT_L1_V04_20240405T004308Z_S018G01,2.999980,34.157013,-63.384624,121,1,VNP46A3_A2024092,119,2.961713e-02,0.041145,0.036422,0.104600,127.787918,163.038177,0.000000,0,0,7.382019e-04,0.013291,-0.017232,0.012919,-0.009715,0.013688,1.575616,1.920318,2.706187,2.477536,0.184120,0.690546
TEMPO_RADT_L1_V04_20240405T004922Z_S018G02,2.999980,33.857151,-70.645920,120,1,VNP46A3_A2024092,119,2.961713e-02,0.041145,0.036422,0.104600,127.787918,161.228882,0.000000,0,0,1.106940e-03,0.015057,-0.015664,0.014649,-0.009691,0.012866,1.574851,1.906051,2.706335,2.413677,0.182886,0.688835
TEMPO_RADT_L1_V04_20240405T005536Z_S018G03,2.999980,33.658066,-77.316383,120,1,VNP46A3_A2024092,119,2.961713e-02,0.041145,0.036422,0.104600,127.787918,158.624069,0.000000,5,0,-1.266396e-02,-0.002510,-0.012968,0.005153,-0.009567,0.012899,1.656063,1.976065,2.780436,2.438849,0.180293,0.686214
TEMPO_RADT_L1_V04_20240405T010150Z_S018G04,2.999980,33.538368,-83.682243,120,1,VNP46A3_A2024092,119,2.961713e-02,0.041145,0.036422,0.104600,127.787918,155.596268,4716.000000,0,2,2.837089e-02,0.012174,0.033562,-0.036017,-0.004214,0.024553,1.748264,2.060436,2.923415,2.698716,0.195143,0.693519
TEMPO_RADT_L1_V04_20240405T010804Z_S018G05,2.999980,33.491566,-89.896774,120,1,VNP46A3_A2024092,119,2.961713e-02,0.041145,0.036422,0.104600,127.787918,152.307404,59494.000000,0,0,5.228065e-02,-0.015305,-0.013373,0.052343,0.070134,-0.080509,1.878346,2.303681,3.133024,3.279969,0.282633,0.804305
TEMPO_RADT_L1_V04_20240405T011441Z_S019G01,2.999980,34.170033,-63.391644,121,1,VNP46A3_A2024092,131,4.204432e-02,-0.019269,0.035365,0.067141,128.086899,163.451263,0.000000,0,0,1.462930e-02,0.014712,0.000490,0.023345,-0.000692,-0.002753,1.573448,1.897700,2.703269,2.395335,0.179624,0.688288
TEMPO_RADT_L1_V04_20240405T012055Z_S019G02,2.999980,33.865925,-70.661491,120,1,VNP46A3_A2024092,131,4.204432e-02,-0.019269,0.035365,0.067141,128.086899,163.549606,0.000000,0,2,1.439592e-02,0.016318,-0.000405,0.026733,-0.000743,-0.002090,1.567671,1.896486,2.673388,2.379645,0.179814,0.683527
TEMPO_RADT_L1_V04_20240405T012709Z_S019G03,2.999980,33.665516,-77.335075,120,1,VNP46A3_A2024092,131,4.204432e-02,-0.019269,0.035365,0.067141,128.086899,162.275070,0.000000,0,2,7.449183e-04,-0.001616,0.003866,0.014319,-0.000659,-0.002620,1.649095,1.934906,2.778778,2.383681,0.178539,0.682471
TEMPO_RADT_L1_V04_20240405T013323Z_S019G04,2.999980,33.545933,-83.696838,120,1,VNP46A3_A2024092,131,4.204432e-02,-0.019269,0.035365,0.067141,128.086899,160.115280,0.000000,0,2,-3.368543e-03,-0.000585,0.001616,0.018491,-0.000460,-0.002675,1.686811,1.945628,2.822239,2.392713,0.177975,0.677745
TEMPO_RADT_L1_V04_20240405T013936Z_S019G05,2.999980,33.502266,-89.906418,120,1,VNP46A3_A2024092,131,4.204432e-02,-0.019269,0.035365,0.067141,128.086899,157.385406,4560.000000,0,2,5.006235e-02,0.012011,0.058119,-0.042742,0.004572,0.016628,1.701314,2.015952,2.872266,2.763135,0.198137,0.707025
TEMPO_RADT_L1_V04_20240405T102918Z_S001G01,2.999980,33.584023,-93.273315,121,1,VNP46A3_A2024092,171,-5.322099e-03,0.023645,0.038103,0.071192,133.360107,86.594872,1871.000000,4,0,2.580910e-02,0.003093,0.017024,-0.042279,0.001142,0.005083,1.694091,2.008073,2.881252,2.650301,0.195690,0.700491
TEMPO_RADT_L1_V04_20240405T103532Z_S001G02,2.999980,33.642372,-99.561691,120,1,VNP46A3_A2024092,171,-5.322099e-03,0.023645,0.038103,0.071192,133.360107,90.333519,0.000000,0,0,5.288583e-03,-0.013614,0.012541,0.004647,0.000146,-0.000315,1.642712,1.968740,2.764581,2.396811,0.179798,0.680543
TEMPO_RADT_L1_V04_20240405T104146Z_S001G03,2.999980,33.767128,-105.973366,120,1,VNP46A3_A2024092,171,-5.322099e-03,0.023645,0.038103,0.071192,133.360107,94.249741,0.000000,0,0,9.412284e-03,0.012896,0.007366,0.024737,-0.000013,-0.000042,1.609401,1.920849,2.724280,2.361824,0.178831,0.683912
TEMPO_RADT_L1_V04_20240405T104800Z_S001G04,2.999980,33.992619,-112.742943,120,1,VNP46A3_A2024092,171,-5.322099e-03,0.023645,0.038103,0.071192,133.360107,98.514282,0.000000,0,0,1.188425e-02,0.016198,0.008478,0.029289,-0.000174,0.000703,1.592760,1.914064,2.707049,2.352976,0.179302,0.686340
TEMPO_RADT_L1_V04_20240405T105414Z_S001G05,2.999980,34.319412,-120.104355,120,1,VNP46A3_A2024092,171,-5.322099e-03,0.023645,0.038103,0.071192,133.360107,103.298447,0.000000,0,0,1.147216e-02,0.017679,0.007786,0.033523,-0.000189,0.001308,1.584365,1.915236,2.698802,2.367134,0.182180,0.683714
TEMPO_RADT_L1_V04_20240406T011419Z_S018G01,2.999980,34.168980,-63.397507,121,1,VNP46A3_A2024092,154,2.728342e-02,-0.017881,0.030185,0.070325,141.874237,155.521622,0.000000,6,0,1.452441e-02,0.016298,-0.004453,0.025659,-0.001348,-0.004471,1.569710,1.923426,2.696673,2.430574,0.180752,0.691548
TEMPO_RADT_L1_V04_20240406T012033Z_S018G02,2.999980,33.870033,-70.659363,120,1,VNP46A3_A2024092,154,2.728342e-02,-0.017881,0.030185,0.070325,141.874237,153.288879,0.000000,0,0,1.581820e-02,0.017490,-0.003582,0.029139,-0.001452,-0.003992,1.571148,1.897696,2.684658,2.378652,0.180218,0.687111
TEMPO_RADT_L1_V04_20240406T012647Z_S018G03,2.999980,33.672104,-77.327621,120,1,VNP46A3_A2024092,154,2.728342e-02,-0.017881,0.030185,0.070325,141.874237,150.582291,0.000000,0,0,1.010373e-03,-0.005356,0.001872,0.011091,-0.001361,-0.003289,1.641284,1.941085,2.780351,2.394018,0.179477,0.682608
TEMPO_RADT_L1_V04_20240406T013301Z_S018G04,2.999980,33.552811,-83.692039,120,1,VNP46A3_A2024092,154,2.728342e-02,-0.017881,0.030185,0.070325,141.874237,147.582413,0.000000,0,0,-9.199197e-03,-0.003314,-0.004977,0.019139,-0.001006,-0.002515,1.698122,1.964422,2.836131,2.412278,0.179363,0.687778
TEMPO_RADT_L1_V04_20240406T013915Z_S018G05,2.999980,33.507553,-89.905113,120,1,VNP46A3_A2024092,154,2.728342e-02,-0.017881,0.030185,0.070325,141.874237,144.364868,6135.000000,0,0,5.790110e-02,0.019420,0.072618,-0.039865,0.007648,0.023199,1.714305,2.025320,2.891911,2.817751,0.200417,0.714803
TEMPO_RADT_L1_V04_20240406T102906Z_S001G01,2.999980,33.585415,-93.019272,110,1,VNP46A3_A2024092,84,2.867197e-02,-0.017378,0.045087,0.064758,147.166641,92.916893,2971.000000,0,2,3.269920e-02,0.014477,0.019490,-0.011678,0.002831,0.006242,1.671425,1.995054,2.828069,2.527136,0.186638,0.699065
TEMPO_RADT_L1_V04_20240406T103445Z_S001G02,2.999980,33.633118,-98.728470,110,1,VNP46A3_A2024092,84,2.867197e-02,-0.017378,0.045087,0.064758,147.166641,96.474304,0.000000,0,0,-2.092434e-03,0.000875,-0.008059,0.001540,-0.003529,-0.004436,1.648663,1.958617,2.784973,2.476042,0.180844,0.688739
TEMPO_RADT_L1_V04_20240407T011358Z_S016G01,2.999980,34.149982,-63.393723,121,1,VNP46A3_A2024092,164,3.876649e-02,-0.008655,0.038488,0.063354,155.919662,143.809525,0.000000,0,2,1.523718e-02,0.015218,0.001420,0.029035,-0.001140,-0.003592,1.573690,1.894433,2.698313,2.376921,0.179945,0.683858
TEMPO_RADT_L1_V04_20240407T012012Z_S016G02,2.999980,33.852619,-70.656418,120,1,VNP46A3_A2024092,164,3.876649e-02,-0.008655,0.038488,0.063354,155.919662,140.673676,0.000000,0,2,1.593403e-02,0.017177,0.000768,0.030873,-0.001082,-0.003452,1.572445,1.884892,2.681648,2.355998,0.179780,0.683995
TEMPO_RADT_L1_V04_20240407T012626Z_S016G03,2.999980,33.657482,-77.325745,120,1,VNP46A3_A2024092,164,3.876649e-02,-0.008655,0.038488,0.063354,155.919662,137.440598,0.000000,0,0,-6.669896e-04,-0.004178,0.001738,0.013886,-0.000949,-0.003538,1.644587,1.943288,2.773551,2.399325,0.178577,0.684642
TEMPO_RADT_L1_V04_20240407T013240Z_S016G04,2.999980,33.540428,-83.688660,120,1,VNP46A3_A2024092,164,3.876649e-02,-0.008655,0.038488,0.063354,155.919662,134.120743,0.000000,0,0,-1.358998e-02,-0.010326,0.000097,0.018338,-0.000532,-0.003542,1.696197,1.975460,2.838336,2.431868,0.178354,0.683418
TEMPO_RADT_L1_V04_20240407T013854Z_S016G05,2.999980,33.498035,-89.902008,120,1,VNP46A3_A2024092,164,3.876649e-02,-0.008655,0.038488,0.063354,155.919662,130.699692,7798.000000,0,0,6.585243e-02,0.030457,0.059335,-0.037251,0.007130,0.024088,1.729093,2.037414,2.885960,2.798572,0.202134,0.719494
TEMPO_RADT_L1_V04_20240407T102854Z_S001G01,2.999980,33.585888,-93.286072,121,1,VNP46A3_A2024092,142,2.318885e-02,0.000798,0.042964,0.116761,161.375885,99.478027,4346.000000,0,4,3.573815e-02,0.015208,0.025599,-0.036463,0.002877,0.007912,1.678350,1.993746,2.858152,2.706036,0.194829,0.705493
TEMPO_RADT_L1_V04_20240407T103508Z_S001G02,2.999980,33.642498,-99.572662,120,1,VNP46A3_A2024092,142,2.318885e-02,0.000798,0.042964,0.116761,161.375885,103.397240,0.000000,0,0,2.093029e-03,-0.010170,0.007666,0.011832,-0.000055,-0.000282,1.639641,1.954106,2.757401,2.403353,0.178016,0.684636
TEMPO_RADT_L1_V04_20240407T104122Z_S001G03,2.999980,33.766502,-105.982689,120,1,VNP46A3_A2024092,142,2.318885e-02,0.000798,0.042964,0.116761,161.375885,107.384453,0.000000,0,2,7.287627e-03,0.007738,0.003777,0.026108,-0.000073,0.000628,1.604224,1.913801,2.731749,2.360915,0.178108,0.691209
TEMPO_RADT_L1_V04_20240407T104736Z_S001G04,2.999980,33.990612,-112.749123,120,1,VNP46A3_A2024092,142,2.318885e-02,0.000798,0.042964,0.116761,161.375885,111.584343,0.000000,0,0,8.689051e-03,0.010306,0.003653,0.027035,-0.000142,0.000432,1.596051,1.915809,2.705411,2.373937,0.178055,0.686826
TEMPO_RADT_L1_V04_20240407T105350Z_S001G05,2.999980,34.316433,-120.107452,120,1,VNP46A3_A2024092,142,2.318885e-02,0.000798,0.042964,0.116761,161.375885,116.134171,0.000000,0,0,7.816963e-03,0.007624,0.003853,0.026521,-0.000243,0.000827,1.572226,1.926568,2.695242,2.381086,0.179711,0.687255
TEMPO_RADT_L1_V04_20240408T011337Z_S018G01,2.999980,34.158829,-63.393810,121,1,VNP46A3_A2024092,136,3.954132e-02,-0.004726,0.037153,0.080522,170.086487,130.838135,0.000000,0,0,9.857151e-03,0.010438,-0.008571,0.028586,-0.001499,-0.002574,1.568073,1.903640,2.681765,2.371313,0.179920,0.686792
TEMPO_RADT_L1_V04_20240408T011951Z_S018G02,2.999980,33.859970,-70.657555,120,1,VNP46A3_A2024092,136,3.954132e-02,-0.004726,0.037153,0.080522,170.086487,127.265884,0.000000,0,0,1.095223e-02,0.010523,-0.003989,0.029402,-0.001586,-0.002345,1.569627,1.899755,2.679663,2.369235,0.179856,0.684452
TEMPO_RADT_L1_V04_20240408T012605Z_S018G03,2.999980,33.661991,-77.327576,120,1,VNP46A3_A2024092,136,3.954132e-02,-0.004726,0.037153,0.080522,170.086487,123.766945,0.000000,0,0,-8.229924e-03,-0.014097,-0.004041,0.010170,-0.001403,-0.002856,1.647722,1.950709,2.786796,2.402559,0.178566,0.683389
TEMPO_RADT_L1_V04_20240408T013219Z_S018G04,2.999980,33.544151,-83.691544,120,1,VNP46A3_A2024092,136,3.954132e-02,-0.004726,0.037153,0.080522,170.086487,120.272568,0.000000,2,0,-1.046115e-02,-0.002090,-0.002091,0.020657,-0.001109,-0.003080,1.686797,1.944926,2.815052,2.407298,0.178633,0.682167
TEMPO_RADT_L1_V04_20240408T013833Z_S018G05,2.999980,33.500473,-89.904922,120,1,VNP46A3_A2024092,136,3.954132e-02,-0.004726,0.037153,0.080522,170.086487,116.733536,10172.000000,0,55,8.079027e-02,0.037353,0.077652,-0.046376,0.009235,0.019181,1.723529,2.043151,2.880340,2.852756,0.206614,0.718229
TEMPO_RADT_L1_V04_20240408T102841Z_S001G01,2.999980,33.583115,-93.293221,121,1,VNP46A3_A2024092,157,2.546259e-02,0.015451,0.042779,0.113892,175.541046,105.453644,5863.000000,0,0,3.656802e-02,0.009970,0.034358,-0.070953,0.003628,0.010433,1.695324,2.008424,2.888414,2.708402,0.199525,0.709285
TEMPO_RADT_L1_V04_20240408T103455Z_S001G02,2.999980,33.640465,-99.577225,120,1,VNP46A3_A2024092,157,2.546259e-02,0.015451,0.042779,0.113892,175.541046,109.160553,0.000000,0,0,3.282558e-03,-0.005936,0.011005,0.019413,-0.000215,-0.002132,1.642025,1.955049,2.771645,2.408561,0.179270,0.687333
TEMPO_RADT_L1_V04_20240408T104109Z_S001G03,2.999980,33.764111,-105.984207,120,1,VNP46A3_A2024092,157,2.546259e-02,0.015451,0.042779,0.113892,175.541046,112.859802,0.000000,0,9,8.499631e-03,0.008939,0.004181,0.031070,-0.000198,-0.001091,1.599793,1.909371,2.720100,2.363650,0.178563,0.683454
TEMPO_RADT_L1_V04_20240408T104723Z_S001G04,2.999980,33.989391,-112.747208,120,1,VNP46A3_A2024092,157,2.546259e-02,0.015451,0.042779,0.113892,175.541046,116.659676,0.000000,3,0,8.987399e-03,0.011667,0.005583,0.032374,-0.000230,-0.000647,1.591716,1.907186,2.706756,2.366782,0.178376,0.685274
TEMPO_RADT_L1_V04_20240408T105337Z_S001G05,2.999980,34.316643,-120.102051,120,1,VNP46A3_A2024092,157,2.546259e-02,0.015451,0.042779,0.113892,175.541046,120.649811,0.000000,0,0,8.716391e-03,0.008336,0.005009,0.032593,-0.000195,-0.000179,1.590681,1.920505,2.702322,2.386401,0.179386,0.682837
TEMPO_RADT_L1_V04_20240409T011317Z_S018G01,2.999980,34.153290,-63.399754,121,1,VNP46A3_A2024092,133,4.107789e-02,0.018594,0.033281,0.068021,175.762360,117.468956,0.000000,0,0,6.627507e-03,0.012501,-0.010252,0.032203,-0.001479,-0.005564,1.568160,1.892391,2.680898,2.389805,0.180808,0.682588
TEMPO_RADT_L1_V04_20240409T011931Z_S018G02,2.999980,33.853966,-70.664940,120,1,VNP46A3_A2024092,133,4.107789e-02,0.018594,0.033281,0.068021,175.762360,113.623894,0.000000,0,0,5.742757e-03,0.012856,-0.008649,0.030586,-0.001538,-0.006066,1.568037,1.895079,2.679903,2.382322,0.180038,0.682569
TEMPO_RADT_L1_V04_20240409T012545Z_S018G03,2.999980,33.654900,-77.339149,120,1,VNP46A3_A2024092,133,4.107789e-02,0.018594,0.033281,0.068021,175.762360,109.946373,0.000000,0,0,-1.150160e-02,-0.003726,-0.007654,0.018228,-0.001391,-0.006712,1.645163,1.934422,2.781442,2.395910,0.178714,0.683010
TEMPO_RADT_L1_V04_20240409T013159Z_S018G04,2.999980,33.537556,-83.704491,120,1,VNP46A3_A2024092,133,4.107789e-02,0.018594,0.033281,0.068021,175.762360,106.328987,0.000000,0,2,-1.721261e-02,-0.007282,-0.001711,0.021194,-0.000868,-0.006866,1.693629,1.962246,2.839879,2.449435,0.179707,0.682322
TEMPO_RADT_L1_V04_20240409T013813Z_S018G05,2.999980,33.494293,-89.917938,120,1,VNP46A3_A2024092,133,4.107789e-02,0.018594,0.033281,0.068021,175.762360,102.701897,12593.000000,0,62,1.029460e-01,0.029011,0.083248,-0.062521,0.010961,0.034487,1.745181,2.073859,2.907386,2.930326,0.215164,0.720297
TEMPO_RADT_L1_V04_20240409T102829Z_S001G01,2.999980,33.580551,-93.286766,121,1,VNP46A3_A2024092,141,3.618789e-02,0.009650,0.046444,0.116104,170.365799,110.633659,7815.000000,0,356,5.722255e-02,-0.030402,0.034751,-0.182007,0.004516,0.006805,1.715977,2.057677,2.897800,2.806481,0.204559,0.720809
TEMPO_RADT_L1_V04_20240409T103443Z_S001G02,2.999980,33.637264,-99.571518,120,1,VNP46A3_A2024092,141,3.618789e-02,0.009650,0.046444,0.116104,170.365799,113.907394,0.000000,0,77,-1.648607e-03,-0.005595,0.008339,0.027908,-0.000253,-0.002120,1.634977,1.969589,2.761617,2.431377,0.179093,0.688295
TEMPO_RADT_L1_V04_20240409T104057Z_S001G03,2.999980,33.759827,-105.980492,120,1,VNP46A3_A2024092,141,3.618789e-02,0.009650,0.046444,0.116104,170.365799,117.079086,0.000000,0,23,8.372356e-04,0.017226,0.002466,0.053782,-0.000319,0.000049,1.595403,1.919876,2.713587,2.366383,0.179112,0.687164
TEMPO_RADT_L1_V04_20240409T104711Z_S001G04,2.999980,33.985958,-112.743736,120,1,VNP46A3_A2024092,141,3.618789e-02,0.009650,0.046444,0.116104,170.365799,120.203606,0.000000,0,0,4.367367e-03,0.020975,0.003884,0.058683,-0.000298,0.001242,1.579748,1.907076,2.694746,2.370199,0.179242,0.685411
TEMPO_RADT_L1_V04_20240409T105325Z_S001G05,2.999980,34.310562,-120.098869,120,1,VNP46A3_A2024092,141,3.618789e-02,0.009650,0.046444,0.116104,170.365799,123.311981,0.000000,0,0,3.144849e-03,0.018583,0.004355,0.060857,-0.000351,0.002249,1.586109,1.922645,2.705977,2.397147,0.181898,0.684277
TEMPO_RADT_L1_V04_20240410T011257Z_S015G01,2.999980,34.169758,-63.411613,121,1,VNP46A3_A2024092,97,-6.526101e-03,0.018154,0.056183,0.165679,161.841949,104.067467,0.000000,0,0,2.812271e-03,0.008431,-0.010827,0.030122,-0.001645,-0.002760,1.570024,1.905760,2.694842,2.396407,0.180818,0.688568
TEMPO_RADT_L1_V04_20240410T011911Z_S015G02,2.999980,33.868122,-70.671783,120,1,VNP46A3_A2024092,97,-6.526101e-03,0.018154,0.056183,0.165679,161.841949,100.026558,0.000000,0,0,3.388711e-03,0.008354,-0.008057,0.030264,-0.001789,-0.002489,1.563420,1.895573,2.683003,2.370071,0.180210,0.684841
TEMPO_RADT_L1_V04_20240410T012525Z_S015G03,2.999980,33.670174,-77.339439,120,1,VNP46A3_A2024092,97,-6.526101e-03,0.018154,0.056183,0.165679,161.841949,96.217758,0.000000,0,3,-1.415269e-02,-0.004463,-0.009614,0.017133,-0.001577,-0.004034,1.646454,1.933941,2.782542,2.386382,0.178562,0.682550
TEMPO_RADT_L1_V04_20240410T013139Z_S015G04,2.999980,33.550423,-83.701180,120,1,VNP46A3_A2024092,97,-6.526101e-03,0.018154,0.056183,0.165679,161.841949,92.506416,0.000000,0,10,-6.637686e-03,-0.004885,0.003851,0.018159,-0.001148,-0.004826,1.668771,1.940723,2.798003,2.429337,0.179287,0.681758
TEMPO_RADT_L1_V04_20240410T013753Z_S015G05,2.999980,33.506073,-89.911949,120,1,VNP46A3_A2024092,97,-6.526101e-03,0.018154,0.056183,0.165679,161.841949,88.808624,15180.000000,0,145,9.420073e-02,0.029054,0.073128,-0.062495,0.011874,0.023197,1.729454,2.098029,2.887326,2.933041,0.214149,0.718694
TEMPO_RADT_L1_V04_20240410T102817Z_S001G01,2.999980,33.583801,-93.275421,121,1,VNP46A3_A2024092,153,8.683874e-03,-0.006621,0.049664,0.121194,156.555374,114.714127,10032.000000,0,574,6.618860e-02,-0.045332,0.045646,-0.201146,0.004848,-0.002179,1.707411,2.090753,2.905850,2.818791,0.205714,0.723675
TEMPO_RADT_L1_V04_20240410T103431Z_S001G02,2.999980,33.638321,-99.563606,120,1,VNP46A3_A2024092,153,8.683874e-03,-0.006621,0.049664,0.121194,156.555374,117.335976,0.000000,0,0,-6.093281e-03,0.007361,0.001610,0.045699,-0.000169,0.002236,1.634624,1.962671,2.764184,2.415499,0.178892,0.683794
TEMPO_RADT_L1_V04_20240410T104045Z_S001G03,2.999980,33.759926,-105.974602,120,1,VNP46A3_A2024092,153,8.683874e-03,-0.006621,0.049664,0.121194,156.555374,119.745857,0.000000,0,4,9.374281e-04,0.018697,-0.000284,0.053241,-0.000262,0.002476,1.597972,1.920992,2.741045,2.371123,0.178808,0.687546
TEMPO_RADT_L1_V04_20240410T104659Z_S001G04,2.999980,33.982201,-112.741638,120,1,VNP46A3_A2024092,153,8.683874e-03,-0.006621,0.049664,0.121194,156.555374,121.949539,0.000000,0,0,1.163348e-03,0.022094,0.000183,0.056842,-0.000379,0.003548,1.581251,1.919442,2.697392,2.380669,0.179223,0.687149
TEMPO_RADT_L1_V04_20240410T105313Z_S001G05,2.999980,34.305336,-120.099777,120,1,VNP46A3_A2024092,153,8.683874e-03,-0.006621,0.049664,0.121194,156.555374,123.911537,0.000000,0,2,1.350887e-03,0.021083,-0.002692,0.060565,-0.000239,0.004185,1.586291,1.926610,2.707923,2.407955,0.180147,0.681380
TEMPO_RADT_L1_V04_20240411T011238Z_S018G01,2.999980,34.166496,-63.421093,121,1,VNP46A3_A2024092,58,-1.963970e-02,-0.020334,0.047893,0.167990,148.252197,90.910339,0.000000,0,0,-3.674197e-03,0.010118,-0.011901,0.031993,-0.002038,-0.002124,1.569891,1.905919,2.692470,2.411437,0.180681,0.685568
TEMPO_RADT_L1_V04_20240411T011852Z_S018G02,2.999980,33.865753,-70.680573,120,1,VNP46A3_A2024092,58,-1.963970e-02,-0.020334,0.047893,0.167990,148.252197,86.700455,0.000000,0,5,-1.887361e-03,0.012530,-0.010424,0.035705,-0.002055,-0.002172,1.561743,1.894027,2.688710,2.376381,0.179937,0.680792
TEMPO_RADT_L1_V04_20240411T012506Z_S018G03,2.999980,33.665592,-77.349678,120,1,VNP46A3_A2024092,58,-1.963970e-02,-0.020334,0.047893,0.167990,148.252197,82.772545,0.000000,0,0,-1.594792e-02,-0.001779,-0.009039,0.023185,-0.002015,-0.002022,1.642646,1.940897,2.773351,2.395837,0.179384,0.683024
TEMPO_RADT_L1_V04_20240411T013120Z_S018G04,2.999980,33.545223,-83.711761,120,1,VNP46A3_A2024092,58,-1.963970e-02,-0.020334,0.047893,0.167990,148.252197,78.972435,0.000000,0,31,-4.881524e-03,0.004988,0.001785,0.016958,-0.001685,-0.003272,1.633314,1.929231,2.768494,2.456144,0.181116,0.685383
TEMPO_RADT_L1_V04_20240411T013733Z_S018G05,2.999980,33.498581,-89.922043,120,1,VNP46A3_A2024092,58,-1.963970e-02,-0.020334,0.047893,0.167990,148.252197,75.207382,17678.000000,0,198,9.588776e-02,0.003674,0.067302,-0.114786,0.013980,0.018016,1.739047,2.114426,2.923538,2.898187,0.216112,0.724989
TEMPO_RADT_L1_V04_20240411T102804Z_S001G01,2.999980,33.573174,-93.294601,121,1,VNP46A3_A2024092,163,2.431988e-03,0.001862,0.033554,0.092618,143.119354,117.508606,12423.000000,0,0,6.967807e-02,-0.006070,0.038825,-0.120494,0.005361,0.012695,1.727997,2.054546,2.900211,2.767171,0.204424,0.727381
TEMPO_RADT_L1_V04_20240411T103418Z_S001G02,2.999980,33.629555,-99.577652,120,1,VNP46A3_A2024092,163,2.431988e-03,0.001862,0.033554,0.092618,143.119354,119.285278,0.000000,0,3,-5.772860e-03,-0.007677,0.001913,0.025807,-0.000386,-0.001435,1.656166,1.970898,2.797486,2.446411,0.179901,0.687058
TEMPO_RADT_L1_V04_20240411T104032Z_S001G03,2.999980,33.753166,-105.982986,120,1,VNP46A3_A2024092,163,2.431988e-03,0.001862,0.033554,0.092618,143.119354,120.749657,0.000000,0,0,1.138281e-03,0.014320,0.001658,0.041023,-0.000430,-0.000741,1.602955,1.917844,2.733223,2.360282,0.179282,0.681975
TEMPO_RADT_L1_V04_20240411T104646Z_S001G04,2.999980,33.977631,-112.744263,120,1,VNP46A3_A2024092,163,2.431988e-03,0.001862,0.033554,0.092618,143.119354,121.862503,0.000000,0,0,2.078885e-03,0.018751,-0.000688,0.045560,-0.000492,-0.000627,1.586313,1.915153,2.706071,2.380529,0.179273,0.688683
TEMPO_RADT_L1_V04_20240411T105300Z_S001G05,2.999980,34.302814,-120.097527,120,1,VNP46A3_A2024092,163,2.431988e-03,0.001862,0.033554,0.092618,143.119354,122.546349,0.000000,0,0,9.306281e-04,0.018082,-0.000896,0.045686,-0.000488,-0.000462,1.592035,1.920109,2.706956,2.413252,0.180425,0.684039
TEMPO_RADT_L1_V04_20240412T011219Z_S018G01,2.999980,34.164143,-63.421883,121,1,VNP46A3_A2024092,86,-1.729190e-03,-0.013144,0.032171,0.064438,135.088577,78.158943,0.000000,0,0,-2.061775e-03,0.002162,-0.008941,0.021368,-0.002353,-0.006684,1.578595,1.899799,2.685966,2.444424,0.182063,0.687504
TEMPO_RADT_L1_V04_20240412T011833Z_S018G02,2.999980,33.865555,-70.682510,120,1,VNP46A3_A2024092,86,-1.729190e-03,-0.013144,0.032171,0.064438,135.088577,73.793137,0.000000,0,3,-9.562604e-04,0.003574,-0.010733,0.021760,-0.002353,-0.006813,1.558956,1.897196,2.673190,2.384878,0.180413,0.685228
TEMPO_RADT_L1_V04_20240412T012447Z_S018G03,2.999980,33.668507,-77.352829,120,1,VNP46A3_A2024092,86,-1.729190e-03,-0.013144,0.032171,0.064438,135.088577,69.751808,0.000000,0,33,-9.207095e-03,-0.002453,-0.009605,0.013963,-0.002300,-0.008548,1.605368,1.916938,2.720183,2.372665,0.178771,0.684062
TEMPO_RADT_L1_V04_20240412T013101Z_S018G04,2.999980,33.549755,-83.716888,120,1,VNP46A3_A2024092,86,-1.729190e-03,-0.013144,0.032171,0.064438,135.088577,65.864883,80.000000,1,5,3.624801e-03,-0.004530,0.015088,-0.009339,-0.002163,-0.005639,1.659509,1.951520,2.811049,2.499887,0.182290,0.686307
TEMPO_RADT_L1_V04_20240412T013715Z_S018G05,2.999980,33.507149,-89.929802,120,1,VNP46A3_A2024092,86,-1.729190e-03,-0.013144,0.032171,0.064438,135.088577,62.030647,21031.000000,0,3,7.627813e-02,0.034605,0.042005,-0.046027,0.015434,0.041571,1.751309,2.126548,2.918579,2.962811,0.217800,0.743284
TEMPO_RADT_L1_V04_20240412T102752Z_S001G01,2.999980,33.575619,-93.283325,121,1,VNP46A3_A2024092,164,2.228533e-02,-0.001214,0.032850,0.102597,130.134735,118.873108,15086.000000,0,0,7.374782e-02,-0.012955,0.023258,-0.153515,0.006973,0.010546,1.764911,2.097801,2.977575,2.878888,0.212827,0.728205
TEMPO_RADT_L1_V04_20240412T103406Z_S001G02,2.999980,33.632500,-99.566315,120,1,VNP46A3_A2024092,164,2.228533e-02,-0.001214,0.032850,0.102597,130.134735,119.697327,0.000000,0,0,-3.742807e-03,-0.006976,0.007164,0.032406,-0.000111,0.000171,1.645231,1.979058,2.794108,2.469486,0.180267,0.686419
TEMPO_RADT_L1_V04_20240412T104020Z_S001G03,2.999980,33.756050,-105.972595,120,1,VNP46A3_A2024092,164,2.228533e-02,-0.001214,0.032850,0.102597,130.134735,120.141197,0.000000,0,0,5.999928e-04,0.016616,0.000664,0.048022,-0.000660,-0.000610,1.601604,1.916887,2.724508,2.367698,0.179931,0.687205
TEMPO_RADT_L1_V04_20240412T104634Z_S001G04,2.999980,33.981251,-112.733910,120,1,VNP46A3_A2024092,164,2.228533e-02,-0.001214,0.032850,0.102597,130.134735,120.132675,0.000000,0,0,2.934962e-03,0.019679,-0.000082,0.049597,-0.000568,0.000013,1.580289,1.918124,2.714783,2.390227,0.180637,0.685707
TEMPO_RADT_L1_V04_20240412T105248Z_S001G05,2.999980,34.306240,-120.088440,120,1,VNP46A3_A2024092,164,2.228533e-02,-0.001214,0.032850,0.102597,130.134735,119.573303,0.000000,0,0,5.026633e-04,0.023859,-0.001592,0.054502,-0.000520,0.000513,1.587311,1.920009,2.715502,2.430917,0.181203,0.684013
TEMPO_RADT_L1_V04_20240413T011201Z_S018G01,2.999980,34.175095,-63.420547,121,1,VNP46A3_A2024092,150,-4.034120e-02,0.019284,0.027737,0.072705,122.395447,65.930542,0.000000,0,0,1.992683e-03,0.011220,-0.012494,0.010586,-0.003634,-0.010530,1.576696,1.905841,2.699164,2.464517,0.182912,0.684765
TEMPO_RADT_L1_V04_20240413T011815Z_S018G02,2.999980,33.873112,-70.685753,120,1,VNP46A3_A2024092,150,-4.034120e-02,0.019284,0.027737,0.072705,122.395447,61.413837,0.000000,1,18,1.617088e-03,0.004399,-0.012058,0.003560,-0.003679,-0.012061,1.578371,1.910634,2.696078,2.415915,0.180946,0.688120
TEMPO_RADT_L1_V04_20240413T012429Z_S018G03,2.999980,33.674244,-77.358521,120,1,VNP46A3_A2024092,150,-4.034120e-02,0.019284,0.027737,0.072705,122.395447,57.261646,0.000000,0,14,-1.147881e-02,-0.012256,-0.007587,-0.007282,-0.003540,-0.011141,1.646811,1.941672,2.758155,2.406885,0.179348,0.684913
TEMPO_RADT_L1_V04_20240413T013043Z_S018G04,2.999980,33.554733,-83.723373,120,1,VNP46A3_A2024092,150,-4.034120e-02,0.019284,0.027737,0.072705,122.395447,53.289970,383.000000,0,5,8.628967e-03,-0.007347,0.013395,-0.036924,-0.002857,-0.007477,1.711728,2.012713,2.869177,2.564407,0.184656,0.688091
TEMPO_RADT_L1_V04_20240413T013657Z_S018G05,2.999980,33.510838,-89.936707,120,1,VNP46A3_A2024092,150,-4.034120e-02,0.019284,0.027737,0.072705,122.395447,49.390079,24129.000000,0,0,6.798192e-02,0.046298,0.041548,0.058079,0.021015,0.055052,1.745857,2.082401,2.930936,3.056484,0.222949,0.749332
TEMPO_RADT_L1_V04_20240413T102740Z_S001G01,2.999980,33.575481,-93.274124,121,1,VNP46A3_A2024092,160,-4.331766e-03,-0.024837,0.050860,0.092692,117.623489,118.890511,17985.000000,0,0,5.971674e-02,-0.041330,0.012527,-0.183630,0.006581,0.001530,1.748617,2.112840,2.925834,2.787005,0.207935,0.730784
TEMPO_RADT_L1_V04_20240413T103354Z_S001G02,2.999980,33.631084,-99.560143,120,1,VNP46A3_A2024092,160,-4.331766e-03,-0.024837,0.050860,0.092692,117.623489,118.742165,0.000000,0,0,-3.041278e-03,0.002768,0.008807,0.025682,-0.000628,0.001309,1.658355,1.997392,2.819959,2.492398,0.182031,0.683141
TEMPO_RADT_L1_V04_20240413T104008Z_S001G03,2.999980,33.752979,-105.970726,120,1,VNP46A3_A2024092,160,-4.331766e-03,-0.024837,0.050860,0.092692,117.623489,118.187164,0.000000,0,0,3.033202e-03,0.021056,0.004823,0.048902,-0.000701,0.002158,1.606444,1.911864,2.734308,2.366468,0.178796,0.682998
TEMPO_RADT_L1_V04_20240413T104622Z_S001G04,2.999980,33.977314,-112.737114,120,1,VNP46A3_A2024092,160,-4.331766e-03,-0.024837,0.050860,0.092692,117.623489,117.131142,0.000000,0,4,5.213718e-03,0.020521,0.005651,0.049215,-0.000737,0.001963,1.594861,1.923329,2.710476,2.403821,0.179106,0.683926
TEMPO_RADT_L1_V04_20240413T105236Z_S001G05,2.999980,34.300999,-120.097519,120,1,VNP46A3_A2024092,160,-4.331766e-03,-0.024837,0.050860,0.092692,117.623489,115.463112,0.000000,0,0,4.348143e-03,0.031041,0.003138,0.061057,-0.000623,0.003127,1.582071,1.920696,2.718327,2.383890,0.180699,0.685050
TEMPO_RADT_L1_V04_20240414T011143Z_S016G01,2.999980,34.159561,-63.423367,121,1,VNP46A3_A2024092,140,1.482983e-02,0.000138,0.024457,0.042780,110.166382,54.333893,0.000000,0,14,2.087010e-03,0.023278,-0.008869,0.028167,-0.003798,-0.008485,1.580908,1.910249,2.706940,2.452773,0.181698,0.687901
TEMPO_RADT_L1_V04_20240414T011757Z_S016G02,2.999980,33.858879,-70.685226,120,1,VNP46A3_A2024092,140,1.482983e-02,0.000138,0.024457,0.042780,110.166382,49.673599,0.000000,0,0,2.595791e-03,0.024056,-0.008920,0.030385,-0.003904,-0.008226,1.571023,1.899197,2.686157,2.420739,0.180982,0.683465
TEMPO_RADT_L1_V04_20240414T012411Z_S016G03,2.999980,33.659840,-77.355186,120,1,VNP46A3_A2024092,140,1.482983e-02,0.000138,0.024457,0.042780,110.166382,45.415878,0.000000,0,0,-1.565576e-02,-0.002014,-0.009447,0.010029,-0.003728,-0.009300,1.654779,1.955608,2.775164,2.404464,0.179802,0.684552
TEMPO_RADT_L1_V04_20240414T013025Z_S016G04,2.999980,33.541733,-83.717995,120,1,VNP46A3_A2024092,140,1.482983e-02,0.000138,0.024457,0.042780,110.166382,41.363842,873.000000,0,11,4.750541e-03,-0.004915,0.004412,-0.042255,-0.003092,-0.004820,1.748053,2.030869,2.895637,2.605623,0.186591,0.689933
TEMPO_RADT_L1_V04_20240414T013639Z_S016G05,2.999980,33.499165,-89.926659,120,1,VNP46A3_A2024092,140,1.482983e-02,0.000138,0.024457,0.042780,110.166382,37.407249,26961.000000,0,0,8.560716e-02,0.005227,0.035673,-0.010455,0.021593,0.043571,1.787383,2.164436,3.008568,2.995230,0.222573,0.740094
TEMPO_RADT_L1_V04_20240414T102727Z_S001G01,2.999980,33.565029,-93.312134,121,1,VNP46A3_A2024092,156,-8.820000e-04,-0.008052,0.045402,0.092973,105.561234,117.713936,20832.000000,0,0,5.156666e-02,-0.064287,0.002953,-0.161712,0.006283,0.006427,1.736438,2.080009,2.883305,2.789472,0.208435,0.746018
TEMPO_RADT_L1_V04_20240414T103341Z_S001G02,2.999980,33.620014,-99.594208,120,1,VNP46A3_A2024092,156,-8.820000e-04,-0.008052,0.045402,0.092973,105.561234,116.647789,80.000000,0,0,2.495247e-03,0.007559,0.009857,0.010452,-0.000545,-0.000197,1.658013,2.007653,2.801928,2.479610,0.182373,0.686196
TEMPO_RADT_L1_V04_20240414T103955Z_S001G03,2.999980,33.740780,-105.999718,120,1,VNP46A3_A2024092,156,-8.820000e-04,-0.008052,0.045402,0.092973,105.561234,115.187714,0.000000,0,0,3.669775e-03,0.025925,0.006580,0.054920,-0.000698,0.000986,1.606084,1.925841,2.722925,2.374006,0.178890,0.684340
TEMPO_RADT_L1_V04_20240414T104609Z_S001G04,2.999980,33.962433,-112.763474,120,1,VNP46A3_A2024092,156,-8.820000e-04,-0.008052,0.045402,0.092973,105.561234,113.221603,0.000000,0,0,5.835687e-03,0.026525,0.006658,0.053406,-0.000641,0.001069,1.586748,1.920032,2.704163,2.389604,0.180183,0.684900
TEMPO_RADT_L1_V04_20240414T105223Z_S001G05,2.999980,34.286537,-120.118889,120,1,VNP46A3_A2024092,156,-8.820000e-04,-0.008052,0.045402,0.092973,105.561234,110.623383,0.000000,0,0,5.676678e-03,0.030182,0.004659,0.058425,-0.000579,0.001558,1.581871,1.916835,2.698442,2.408996,0.181478,0.683983
TEMPO_RADT_L1_V04_20240415T011127Z_S018G01,2.999980,34.167828,-63.419361,121,1,VNP46A3_A2024092,129,-4.894630e-02,0.024861,0.031115,0.052816,98.357117,43.512718,0.000000,0,0,-2.829796e-03,0.010826,-0.016723,-0.015428,-0.005669,-0.016661,1.584872,1.918352,2.731526,2.466357,0.183580,0.688151
TEMPO_RADT_L1_V04_20240415T011741Z_S018G02,2.999980,33.868111,-70.684860,120,1,VNP46A3_A2024092,129,-4.894630e-02,0.024861,0.031115,0.052816,98.357117,38.722534,0.000000,0,0,-2.031104e-03,0.012348,-0.017131,-0.017630,-0.005558,-0.017360,1.573477,1.907098,2.703418,2.423875,0.182415,0.683010
TEMPO_RADT_L1_V04_20240415T012355Z_S018G03,2.999980,33.671192,-77.357521,120,1,VNP46A3_A2024092,129,-4.894630e-02,0.024861,0.031115,0.052816,98.357117,34.377068,0.000000,0,31,-1.432802e-02,-0.003399,-0.015476,-0.030272,-0.005643,-0.018375,1.639440,1.949708,2.761806,2.397055,0.180084,0.678396
TEMPO_RADT_L1_V04_20240415T013009Z_S018G04,2.999980,33.553497,-83.722786,120,1,VNP46A3_A2024092,129,-4.894630e-02,0.024861,0.031115,0.052816,98.357117,30.271610,1687.000000,0,14,1.278554e-02,-0.004532,0.030780,-0.092865,-0.004107,-0.007580,1.748455,2.043910,2.923811,2.654372,0.188629,0.693627
TEMPO_RADT_L1_V04_20240415T013623Z_S018G05,2.999980,33.512344,-89.933937,120,1,VNP46A3_A2024092,129,-4.894630e-02,0.024861,0.031115,0.052816,98.357117,26.297651,30368.000000,0,2,8.881516e-02,0.005185,0.016836,0.168293,0.027900,0.073838,1.800857,2.188238,2.993648,3.057595,0.225238,0.754909
TEMPO_RADT_L1_V04_20240415T102715Z_S001G01,2.999980,33.564770,-93.325760,121,1,VNP46A3_A2024092,144,-2.277504e-02,-0.034980,0.051906,0.171316,93.898926,115.530731,24081.000000,0,0,4.669001e-02,-0.009255,0.016105,-0.100217,0.011272,0.015120,1.728505,2.056743,2.905823,2.843636,0.214869,0.745022
TEMPO_RADT_L1_V04_20240415T103329Z_S001G02,2.999980,33.624714,-99.611015,120,1,VNP46A3_A2024092,144,-2.277504e-02,-0.034980,0.051906,0.171316,93.898926,113.653305,387.000000,0,0,3.176115e-03,0.001078,0.011960,0.005656,-0.001029,-0.001006,1.652521,1.978899,2.813618,2.489731,0.182063,0.682398
TEMPO_RADT_L1_V04_20240415T103943Z_S001G03,2.999980,33.751076,-106.022209,120,1,VNP46A3_A2024092,144,-2.277504e-02,-0.034980,0.051906,0.171316,93.898926,111.415619,0.000000,0,4,1.094233e-03,0.011101,-0.003029,0.035980,-0.001674,-0.001016,1.592338,1.922106,2.724580,2.377617,0.180561,0.686684
TEMPO_RADT_L1_V04_20240415T104557Z_S001G04,2.999980,33.978619,-112.792358,120,1,VNP46A3_A2024092,144,-2.277504e-02,-0.034980,0.051906,0.171316,93.898926,108.688896,0.000000,0,0,3.583633e-03,0.013160,-0.003080,0.036890,-0.001649,-0.001380,1.581116,1.906443,2.711825,2.389661,0.181160,0.680844
TEMPO_RADT_L1_V04_20240415T105211Z_S001G05,2.999980,34.308449,-120.159073,120,1,VNP46A3_A2024092,144,-2.277504e-02,-0.034980,0.051906,0.171316,93.898926,105.332130,0.000000,0,0,5.978396e-03,0.013131,0.003374,0.038341,-0.001653,-0.001585,1.603041,1.917565,2.781404,2.411082,0.180969,0.688481
TEMPO_RADT_L1_V04_20240416T011110Z_S018G01,2.999980,34.163826,-63.425598,121,1,VNP46A3_A2024092,136,-5.483702e-02,0.024715,0.035009,0.069209,86.904915,33.748524,0.000000,208,104,-6.866095e-03,-0.014333,-0.021959,-0.068058,-0.012485,-0.025558,1.600904,1.935249,2.771506,2.555399,0.192049,0.697852
TEMPO_RADT_L1_V04_20240416T011724Z_S018G02,2.999980,33.863308,-70.688507,120,1,VNP46A3_A2024092,136,-5.483702e-02,0.024715,0.035009,0.069209,86.904915,28.925888,0.000000,0,29,-6.882345e-03,-0.012564,-0.021548,-0.055097,-0.013157,-0.022632,1.596760,1.931748,2.735945,2.498340,0.189123,0.689092
TEMPO_RADT_L1_V04_20240416T012338Z_S018G03,2.999980,33.663929,-77.360695,120,1,VNP46A3_A2024092,136,-5.483702e-02,0.024715,0.035009,0.069209,86.904915,24.617506,0.000000,0,23,-2.212678e-02,-0.028103,-0.021216,-0.061511,-0.011879,-0.021729,1.661650,1.961518,2.806153,2.415085,0.180742,0.683241
TEMPO_RADT_L1_V04_20240416T012952Z_S018G04,2.999980,33.546257,-83.723770,120,1,VNP46A3_A2024092,136,-5.483702e-02,0.024715,0.035009,0.069209,86.904915,20.640078,2675.000000,7,12,2.962259e-02,-0.010826,0.026180,-0.105011,-0.003421,-0.004714,1.783898,2.042562,2.937575,2.723191,0.197271,0.697749
TEMPO_RADT_L1_V04_20240416T013606Z_S018G05,2.999980,33.504345,-89.934044,120,1,VNP46A3_A2024092,136,-5.483702e-02,0.024715,0.035009,0.069209,86.904915,16.932894,33358.000000,0,0,6.694009e-02,0.106675,0.004479,0.232060,0.042084,0.095510,1.770097,2.138530,2.951865,3.079161,0.229631,0.778788
TEMPO_RADT_L1_V04_20240416T102703Z_S001G01,2.999980,33.569580,-93.298790,121,1,VNP46A3_A2024092,120,6.419764e-03,-0.000030,0.043450,0.122867,82.561829,112.578674,27269.000000,22,73,1.060248e-01,-0.021390,0.018474,0.032889,0.046057,0.056656,1.754713,2.117601,2.909011,2.905547,0.229789,0.749464
TEMPO_RADT_L1_V04_20240416T103317Z_S001G02,2.999980,33.627876,-99.582367,120,1,VNP46A3_A2024092,120,6.419764e-03,-0.000030,0.043450,0.122867,82.561829,110.034096,929.000000,434,119,5.656308e-03,-0.003991,0.021383,-0.079591,-0.011761,-0.015600,1.677546,2.004432,2.853982,2.581460,0.200141,0.701530
TEMPO_RADT_L1_V04_20240416T103931Z_S001G03,2.999980,33.750706,-105.992393,120,1,VNP46A3_A2024092,120,6.419764e-03,-0.000030,0.043450,0.122867,82.561829,107.175385,0.000000,240,0,-1.921183e-02,0.011051,-0.021839,-0.005584,-0.015767,-0.015957,1.600161,1.922352,2.729453,2.421221,0.192974,0.695075
TEMPO_RADT_L1_V04_20240416T104545Z_S001G04,2.999980,33.975506,-112.757797,120,1,VNP46A3_A2024092,120,6.419764e-03,-0.000030,0.043450,0.122867,82.561829,103.857750,0.000000,599,0,-1.765170e-02,0.017389,-0.019473,0.001291,-0.016252,-0.012055,1.603715,1.934497,2.719689,2.452356,0.197577,0.691283
TEMPO_RADT_L1_V04_20240416T105159Z_S001G05,2.999980,34.301861,-120.116898,120,1,VNP46A3_A2024092,120,6.419764e-03,-0.000030,0.043450,0.122867,82.561829,99.927391,0.000000,1091,0,-1.622638e-02,0.009544,-0.017908,-0.014774,-0.012907,-0.015622,1.611159,1.955222,2.740795,2.560161,0.210211,0.705186
TEMPO_RADT_L1_V04_20240417T011742Z_S014G01,2.999980,33.848526,-71.106880,118,1,VNP46A3_A2024092,105,-3.707620e-02,0.043283,0.027664,0.040546,75.702507,21.100492,0.000000,12,0,-3.796187e-02,-0.027629,-0.092113,-0.118590,-0.017851,-0.031381,1.627823,1.941310,2.819472,2.613544,0.190007,0.696811
TEMPO_RADT_L1_V04_20240417T012346Z_S014G02,2.999980,33.657993,-77.639748,118,1,VNP46A3_A2024092,105,-3.707620e-02,0.043283,0.027664,0.040546,75.702507,17.501795,0.000000,0,0,-6.008195e-02,-0.055158,-0.095574,-0.139168,-0.017277,-0.031890,1.683615,1.992075,2.866099,2.531421,0.183377,0.688162
TEMPO_RADT_L1_V04_20240417T012954Z_S014G03,2.999980,33.543968,-83.834900,117,1,VNP46A3_A2024092,105,-3.707620e-02,0.043283,0.027664,0.040546,75.702507,14.640067,4005.000000,0,2,1.808651e-02,-0.013848,-0.000704,-0.115517,-0.005212,-0.008843,1.787050,2.029627,2.992501,2.588861,0.189065,0.691417
TEMPO_RADT_L1_V04_20240417T013559Z_S014G04,2.999980,33.499748,-89.888626,117,1,VNP46A3_A2024092,105,-3.707620e-02,0.043283,0.027664,0.040546,75.702507,12.675694,35199.000000,0,77,7.779047e-02,0.111330,0.019017,0.194620,0.043505,0.078384,1.784159,2.207705,3.020901,3.034632,0.229875,0.769056
TEMPO_RADT_L1_V04_20240417T102651Z_S001G01,2.999980,33.574863,-93.283913,121,1,VNP46A3_A2024092,127,1.125028e-02,0.031391,0.050895,0.124777,71.469810,109.028206,30018.000000,0,0,6.547835e-02,-0.032822,0.035210,-0.214702,0.012970,-0.002878,1.750051,2.121851,2.947382,2.938272,0.224894,0.755460
TEMPO_RADT_L1_V04_20240417T103305Z_S001G02,2.999980,33.631638,-99.571663,120,1,VNP46A3_A2024092,127,1.125028e-02,0.031391,0.050895,0.124777,71.469810,105.949623,1693.000000,0,0,7.777000e-03,0.007270,0.011825,-0.021296,-0.000843,0.005312,1.677774,2.008331,2.830256,2.577629,0.188837,0.693852
TEMPO_RADT_L1_V04_20240417T103919Z_S001G03,2.999980,33.755222,-105.983170,120,1,VNP46A3_A2024092,127,1.125028e-02,0.031391,0.050895,0.124777,71.469810,102.603271,0.000000,1,0,-4.452757e-03,0.015053,-0.013214,0.062253,-0.002018,0.000189,1.593776,1.928786,2.727021,2.384905,0.180487,0.685645
TEMPO_RADT_L1_V04_20240417T104533Z_S001G04,2.999980,33.979008,-112.752090,120,1,VNP46A3_A2024092,127,1.125028e-02,0.031391,0.050895,0.124777,71.469810,98.830750,0.000000,0,0,-4.020411e-03,0.012951,-0.012714,0.062268,-0.002142,0.001871,1.593368,1.921364,2.713836,2.427875,0.182219,0.684937
TEMPO_RADT_L1_V04_20240417T105147Z_S001G05,2.999980,34.305809,-120.111603,120,1,VNP46A3_A2024092,127,1.125028e-02,0.031391,0.050895,0.124777,71.469810,94.467995,0.000000,0,7,-5.476725e-03,0.012035,-0.013946,0.061052,-0.002145,0.001512,1.590213,1.929375,2.715122,2.450491,0.183108,0.691822
TEMPO_RADT_L1_V04_20240418T011040Z_S018G01,2.999980,34.158600,-63.435116,121,1,VNP46A3_A2024092,90,-4.861134e-02,0.016272,0.034597,0.090032,64.747276,21.280701,0.000000,0,0,-9.864794e-03,-0.007628,-0.024886,-0.031721,-0.007171,-0.014160,1.622958,1.908628,2.814274,2.516411,0.185315,0.688938
TEMPO_RADT_L1_V04_20240418T011654Z_S018G02,2.999980,33.858490,-70.695107,120,1,VNP46A3_A2024092,90,-4.861134e-02,0.016272,0.034597,0.090032,64.747276,18.306673,0.000000,0,3,-9.689892e-03,-0.007698,-0.025483,-0.031469,-0.007263,-0.013774,1.637055,1.918200,2.839040,2.474115,0.183508,0.684662
TEMPO_RADT_L1_V04_20240418T012311Z_S018G03,2.999980,33.660423,-77.363510,120,1,VNP46A3_A2024092,90,-4.861134e-02,0.016272,0.034597,0.090032,64.747276,16.665369,0.000000,0,16,-1.949001e-02,-0.022550,-0.029681,-0.041665,-0.006957,-0.014552,1.660186,1.937543,2.828287,2.410431,0.179376,0.686827
TEMPO_RADT_L1_V04_20240418T012922Z_S018G04,2.999980,33.541988,-83.725815,120,1,VNP46A3_A2024092,90,-4.861134e-02,0.016272,0.034597,0.090032,64.747276,16.314972,5354.000000,0,44,2.353015e-02,-0.005533,0.019126,-0.103856,-0.000984,0.004885,1.779261,2.042416,2.974421,2.704226,0.195079,0.704380
TEMPO_RADT_L1_V04_20240418T013536Z_S018G05,2.999980,33.500679,-89.935059,120,1,VNP46A3_A2024092,90,-4.861134e-02,0.016272,0.034597,0.090032,64.747276,17.166103,39728.000000,0,0,7.127820e-02,0.062316,-0.001339,0.103488,0.030646,0.044994,1.842113,2.173891,3.091163,3.110067,0.235147,0.763526
TEMPO_RADT_L1_V04_20240418T102639Z_S001G01,2.999980,33.573147,-93.302605,121,1,VNP46A3_A2024092,143,2.829707e-03,0.022641,0.028753,0.123257,60.543247,105.009735,33451.000000,0,19,4.546142e-02,-0.028051,0.010685,-0.165049,0.013021,0.003365,1.709989,2.115440,2.901486,2.914529,0.220183,0.758846
TEMPO_RADT_L1_V04_20240418T103253Z_S001G02,2.999980,33.631760,-99.583740,120,1,VNP46A3_A2024092,143,2.829707e-03,0.022641,0.028753,0.123257,60.543247,101.533821,2588.000000,0,0,1.304969e-02,-0.004053,0.010515,-0.051002,-0.001225,0.004702,1.679431,2.005196,2.846400,2.602055,0.188861,0.699820
TEMPO_RADT_L1_V04_20240418T103907Z_S001G03,2.999980,33.758156,-105.987099,120,1,VNP46A3_A2024092,143,2.829707e-03,0.022641,0.028753,0.123257,60.543247,97.835869,0.000000,0,0,-4.700456e-03,0.014088,-0.012476,0.048534,-0.002526,-0.001778,1.604641,1.922764,2.726697,2.381909,0.179996,0.687502
TEMPO_RADT_L1_V04_20240418T104521Z_S001G04,2.999980,33.984180,-112.747223,120,1,VNP46A3_A2024092,143,2.829707e-03,0.022641,0.028753,0.123257,60.543247,93.748138,0.000000,0,0,-4.979203e-03,0.015261,-0.012973,0.052574,-0.002469,0.000129,1.578727,1.925738,2.694637,2.420701,0.181477,0.687019
TEMPO_RADT_L1_V04_20240418T105135Z_S001G05,2.999980,34.312790,-120.098984,120,1,VNP46A3_A2024092,143,2.829707e-03,0.022641,0.028753,0.123257,60.543247,89.097870,0.000000,0,0,-6.638847e-03,0.021487,-0.014298,0.059822,-0.002379,0.000487,1.608937,1.924858,2.743367,2.449626,0.182126,0.686554
TEMPO_RADT_L1_V04_20240419T011025Z_S018G01,2.999980,34.166996,-63.440254,121,1,VNP46A3_A2024092,97,-3.312396e-02,0.021702,0.043896,0.090868,53.883366,22.136703,0.000000,0,0,-6.708207e-03,-0.002620,-0.021819,-0.036177,-0.008825,-0.016328,1.714696,1.943983,2.989329,2.560611,0.184995,0.687006
TEMPO_RADT_L1_V04_20240419T011639Z_S018G02,2.999980,33.866634,-70.700508,120,1,VNP46A3_A2024092,97,-3.312396e-02,0.021702,0.043896,0.090868,53.883366,21.587193,0.000000,0,73,-5.148661e-03,-0.013572,-0.020729,-0.058290,-0.009104,-0.019496,1.686383,1.940061,2.923641,2.510644,0.184094,0.690537
TEMPO_RADT_L1_V04_20240419T012253Z_S018G03,2.999980,33.666386,-77.369881,120,1,VNP46A3_A2024092,97,-3.312396e-02,0.021702,0.043896,0.090868,53.883366,22.262617,0.000000,0,0,-2.309460e-02,-0.020463,-0.024209,-0.043152,-0.008447,-0.015968,1.703283,1.958556,2.912378,2.445464,0.179936,0.690619
TEMPO_RADT_L1_V04_20240419T012907Z_S018G04,2.999980,33.547192,-83.732979,120,1,VNP46A3_A2024092,97,-3.312396e-02,0.021702,0.043896,0.090868,53.883366,23.836229,7080.000000,0,5,2.073760e-02,0.012311,0.020400,-0.086751,-0.001053,0.010128,1.846567,2.057663,3.068521,2.753532,0.196918,0.702476
TEMPO_RADT_L1_V04_20240419T013521Z_S018G05,2.999980,33.503708,-89.940681,120,1,VNP46A3_A2024092,97,-3.312396e-02,0.021702,0.043896,0.090868,53.883366,26.072994,42260.000000,0,167,7.574628e-02,0.025075,-0.040757,0.147140,0.033740,0.051345,1.890212,2.299404,3.249289,3.167664,0.232009,0.764274
