Granule,exposure,lat0,lon0,steps,reg_status,VIIRS_Ref,verf_pnts,mu_dx,mu_dy,sig_dx,sig_dy,LPA,LZA0,solar_contam,aurora_pix,lightning_pix,mu_city_vis,mu_city_uv,mu_full_vis,mu_full_uv,mu_aurora,mu_lightning,sig_city_vis,sig_city_uv,sig_full_vis,sig_full_uv,sig_aurora,sig_lightning
-,s,deg,deg,-,-,-,-,pixels,pixels,pixels,pixels,deg,deg,-,-,-,nW/(cm2 sr),nW/(cm2 sr),nW/(cm2 sr),nW/(cm2 sr),nW/(cm2 sr),nW/(cm2 sr),nW/(cm2 sr),nW/(cm2 sr),nW/(cm2 sr),nW/(cm2 sr),nW/(cm2 sr),nW/(cm2 sr)
TEMPO_RADT_L1_V04_20260106T095732Z_S001G01,12.595327,33.582821,-85.923805,134,1,VNP46A3_A2025305,182,2.074959e-02,-0.005188,0.050459,0.160771,40.613888,29.927656,0.000000,0,0,2.139915e-02,0.013140,0.049346,-0.034484,-0.000148,-0.007265,1.096831,0.994678,1.989429,1.478457,0.080547,0.381033
TEMPO_RADT_L1_V04_20260106T102556Z_S001G02,12.595327,33.557751,-92.840874,134,1,VNP46A3_A2025305,182,2.074959e-02,-0.005188,0.050459,0.160771,40.613888,29.963831,0.000000,0,0,1.955865e-02,0.000052,0.043553,-0.027508,0.000047,-0.001119,1.026045,0.958603,1.864919,1.280931,0.078533,0.343451
TEMPO_RADT_L1_V04_20260106T105421Z_S001G03,12.595327,33.613762,-99.800453,134,1,VNP46A3_A2025305,182,2.074959e-02,-0.005188,0.050459,0.160771,40.613888,30.017721,0.000000,0,2,1.680737e-02,-0.023931,0.041497,-0.027504,0.000146,0.002256,1.072514,0.996584,1.930774,1.264267,0.078016,0.322275
TEMPO_RADT_L1_V04_20260106T112245Z_S001G04,12.595327,33.760365,-106.924988,133,1,VNP46A3_A2025305,182,2.074959e-02,-0.005188,0.050459,0.160771,40.613888,29.984259,0.000000,0,19,9.451111e-03,0.004612,0.008957,0.017760,0.000335,0.006345,0.979925,0.949419,1.788707,1.215145,0.077874,0.321251
TEMPO_RADT_L1_V04_20260106T115057Z_S001G05,12.595327,34.033180,-114.504997,133,1,VNP46A3_A2025305,182,2.074959e-02,-0.005188,0.050459,0.160771,40.613888,29.736153,0.000000,0,4,9.956873e-03,0.008791,0.006295,0.044776,0.000393,0.010376,0.930524,0.943894,1.709322,1.312400,0.079348,0.352141
TEMPO_RADT_L1_V04_20260106T121909Z_S001G06,12.595327,34.440655,-122.914719,133,1,VNP46A3_A2025305,182,2.074959e-02,-0.005188,0.050459,0.160771,40.613888,29.078384,0.000000,0,2,1.398655e-02,0.032708,0.005392,0.084006,0.000192,0.017300,1.088664,1.004483,2.067278,1.482217,0.080905,0.423731
TEMPO_RADT_L1_V04_20260106T233415Z_S013G01,12.595327,34.138290,-63.873844,134,1,VNP46A3_A2025305,174,-2.938212e-02,0.008680,0.043602,0.102100,47.687870,105.677788,0.000000,0,5,2.272337e-02,0.038157,0.015681,0.058728,0.000297,0.002033,0.722983,0.882296,1.279057,1.502918,0.083964,0.374267
TEMPO_RADT_L1_V04_20260107T000239Z_S013G02,12.595327,33.830570,-71.838615,134,1,VNP46A3_A2025305,174,-2.938212e-02,0.008680,0.043602,0.102100,47.687870,106.693771,0.000000,0,3,1.908166e-02,0.041020,0.015038,0.054497,0.000209,0.003615,0.727358,0.844983,1.255701,1.238237,0.080342,0.342289
TEMPO_RADT_L1_V04_20260107T003104Z_S013G03,12.595327,33.644276,-79.188805,134,1,VNP46A3_A2025305,174,-2.938212e-02,0.008680,0.043602,0.102100,47.687870,107.201706,0.000000,0,23,2.714981e-03,-0.014966,0.018865,-0.004344,0.000351,0.002626,0.796061,0.906250,1.354471,1.166090,0.078023,0.317850
TEMPO_RADT_L1_V04_20260107T005928Z_S013G04,12.595327,33.542202,-86.195534,133,1,VNP46A3_A2025305,174,-2.938212e-02,0.008680,0.043602,0.102100,47.687870,107.452286,0.000000,0,2,7.839302e-03,0.020303,0.020401,0.022383,-0.000018,0.003204,0.772342,0.860633,1.324590,1.131894,0.077504,0.317483
TEMPO_RADT_L1_V04_20260107T012740Z_S013G05,12.595327,33.534153,-93.072151,133,1,VNP46A3_A2025305,174,-2.938212e-02,0.008680,0.043602,0.102100,47.687870,107.565468,0.000000,0,4,6.301849e-03,-0.023001,0.011719,-0.027325,0.000097,0.002858,0.770747,0.882275,1.321091,1.306571,0.079899,0.335706
TEMPO_RADT_L1_V04_20260107T015552Z_S013G06,12.595327,33.610836,-100.000023,133,1,VNP46A3_A2025305,174,-2.938212e-02,0.008680,0.043602,0.102100,47.687870,107.681755,0.000000,0,0,6.728496e-03,-0.040162,0.012633,-0.064185,0.000054,0.002868,0.790414,0.924350,1.358283,1.517149,0.083710,0.366201
TEMPO_RADT_L1_V04_20260107T095810Z_S001G01,12.595327,33.583443,-85.933563,134,1,VNP46A3_A2025305,182,3.401065e-02,0.012356,0.047935,0.140157,53.003162,28.700846,0.000000,0,0,1.072618e-02,0.020198,0.029444,-0.027053,0.000011,-0.005455,0.934171,0.920068,1.677295,1.319839,0.079793,0.360440
TEMPO_RADT_L1_V04_20260107T102634Z_S001G02,12.595327,33.562302,-92.837540,134,1,VNP46A3_A2025305,182,3.401065e-02,0.012356,0.047935,0.140157,53.003162,28.787472,0.000000,0,0,1.606288e-02,-0.015427,0.033258,-0.040553,0.000160,-0.000120,0.895258,0.917721,1.585768,1.213922,0.078163,0.334449
TEMPO_RADT_L1_V04_20260107T105459Z_S001G03,12.595327,33.624741,-99.788506,134,1,VNP46A3_A2025305,182,3.401065e-02,0.012356,0.047935,0.140157,53.003162,28.929255,0.000000,0,4,7.510178e-03,-0.030073,0.019686,-0.028850,0.000174,0.003564,0.906491,0.945563,1.599955,1.198756,0.077656,0.322895
TEMPO_RADT_L1_V04_20260107T112323Z_S001G04,12.595327,33.775688,-106.906044,133,1,VNP46A3_A2025305,182,3.401065e-02,0.012356,0.047935,0.140157,53.003162,29.068163,0.000000,0,4,9.342401e-03,0.005789,0.009531,0.017778,0.000305,0.006101,0.860096,0.912083,1.535344,1.164803,0.077675,0.319137
TEMPO_RADT_L1_V04_20260107T115135Z_S001G05,12.595327,34.053272,-114.481468,133,1,VNP46A3_A2025305,182,3.401065e-02,0.012356,0.047935,0.140157,53.003162,29.160732,0.000000,0,6,7.451665e-03,0.014372,0.004297,0.046924,0.000234,0.009129,0.968286,0.936135,1.780901,1.260698,0.078793,0.341292
TEMPO_RADT_L1_V04_20260107T121947Z_S001G06,12.595327,34.462940,-122.887184,133,1,VNP46A3_A2025305,182,3.401065e-02,0.012356,0.047935,0.140157,53.003162,29.132822,0.000000,0,9,1.188029e-02,0.033510,0.005190,0.075801,0.000119,0.013779,1.007113,0.935428,1.892083,1.365844,0.081308,0.408452
TEMPO_RADT_L1_V04_20260108T233441Z_S013G01,12.595327,34.131100,-63.883709,134,1,VNP46A3_A2025305,173,-4.552240e-02,-0.033017,0.041100,0.150509,71.575348,129.227264,0.000000,0,2,2.140930e-02,0.034425,0.012613,0.026547,-0.000395,-0.005697,0.715975,0.846912,1.244986,1.179063,0.078629,0.339198
TEMPO_RADT_L1_V04_20260109T000305Z_S013G02,12.595327,33.821884,-71.862595,134,1,VNP46A3_A2025305,173,-4.552240e-02,-0.033017,0.041100,0.150509,71.575348,130.224854,0.000000,0,2,1.956934e-02,0.030448,0.013849,0.031126,-0.000048,-0.002262,0.722973,0.846326,1.254355,1.116367,0.077951,0.313939
TEMPO_RADT_L1_V04_20260109T003130Z_S013G03,12.595327,33.636612,-79.205666,134,1,VNP46A3_A2025305,173,-4.552240e-02,-0.033017,0.041100,0.150509,71.575348,130.713226,0.000000,0,4,-4.759318e-03,-0.029588,0.012873,-0.022512,0.000304,-0.000416,0.816674,0.921155,1.385840,1.148538,0.077860,0.303721
TEMPO_RADT_L1_V04_20260109T005954Z_S013G04,12.595327,33.540497,-86.205368,133,1,VNP46A3_A2025305,173,-4.552240e-02,-0.033017,0.041100,0.150509,71.575348,130.947266,0.000000,0,7,7.303354e-03,0.020005,0.013198,0.026171,0.000490,0.003327,0.773078,0.853005,1.318297,1.057337,0.078123,0.301548
TEMPO_RADT_L1_V04_20260109T012806Z_S013G05,12.595327,33.538258,-93.076096,133,1,VNP46A3_A2025305,173,-4.552240e-02,-0.033017,0.041100,0.150509,71.575348,131.042236,0.000000,0,10,1.498519e-02,-0.005265,0.020716,-0.001991,0.000031,0.004784,0.761327,0.868490,1.300051,1.146460,0.078471,0.315495
TEMPO_RADT_L1_V04_20260109T015618Z_S013G06,12.595327,33.617531,-100.001106,133,1,VNP46A3_A2025305,173,-4.552240e-02,-0.033017,0.041100,0.150509,71.575348,131.134613,0.000000,0,0,1.017850e-02,-0.030625,0.021830,-0.028914,-0.000010,0.006363,0.790955,0.908905,1.350021,1.313383,0.081245,0.338208
TEMPO_RADT_L1_V04_20260109T095925Z_S001G01,12.595327,33.573662,-85.972839,134,1,VNP46A3_A2025305,189,-4.169932e-02,0.013835,0.067904,0.169448,76.554619,38.916161,0.000000,0,16,1.082098e-02,0.018486,0.019742,-0.010269,-0.000008,-0.004435,0.791523,0.870056,1.382718,1.261009,0.079638,0.369397
TEMPO_RADT_L1_V04_20260109T102749Z_S001G02,12.595327,33.548199,-92.882767,134,1,VNP46A3_A2025305,189,-4.169932e-02,0.013835,0.067904,0.169448,76.554619,39.006931,0.000000,0,4,7.189360e-03,0.001183,0.014554,-0.012524,0.000106,-0.001100,0.811595,0.871438,1.415946,1.165920,0.078176,0.338902
TEMPO_RADT_L1_V04_20260109T105614Z_S001G03,12.595327,33.604591,-99.837051,134,1,VNP46A3_A2025305,189,-4.169932e-02,0.013835,0.067904,0.169448,76.554619,39.187149,0.000000,0,0,2.033758e-03,-0.020926,0.010720,-0.019037,0.000236,0.001130,0.824390,0.903792,1.424576,1.138867,0.077338,0.313950
TEMPO_RADT_L1_V04_20260109T112438Z_S001G04,12.595327,33.750248,-106.956619,133,1,VNP46A3_A2025305,189,-4.169932e-02,0.013835,0.067904,0.169448,76.554619,39.493389,0.000000,0,2,8.364321e-03,0.001986,0.011995,0.009198,0.000220,0.003624,0.785624,0.877134,1.372821,1.105435,0.077448,0.310497
TEMPO_RADT_L1_V04_20260109T115250Z_S001G05,12.595327,34.018589,-114.546822,133,1,VNP46A3_A2025305,189,-4.169932e-02,0.013835,0.067904,0.169448,76.554619,40.011868,0.000000,0,4,1.035426e-02,-0.005187,0.008971,0.014241,0.000148,0.004512,0.750500,0.873477,1.319637,1.184128,0.078716,0.339363
TEMPO_RADT_L1_V04_20260109T122102Z_S001G06,12.595327,34.421638,-122.968536,133,1,VNP46A3_A2025305,189,-4.169932e-02,0.013835,0.067904,0.169448,76.554619,40.852856,0.000000,0,2,1.913683e-02,0.025139,0.015136,0.052841,0.000313,0.007786,0.762836,0.877044,1.355178,1.289674,0.080817,0.404224
TEMPO_RADT_L1_V04_20260109T233453Z_S013G01,12.595327,34.135029,-63.885754,134,1,VNP46A3_A2025305,170,-6.016677e-03,0.012380,0.049765,0.140139,82.962112,140.270096,0.000000,0,7,1.990694e-02,0.030773,0.012680,0.044260,0.000495,-0.000092,0.715585,0.848937,1.242072,1.253865,0.080370,0.336292
TEMPO_RADT_L1_V04_20260110T000317Z_S013G02,12.595327,33.824165,-71.866798,134,1,VNP46A3_A2025305,170,-6.016677e-03,0.012380,0.049765,0.140139,82.962112,141.249496,0.000000,0,8,2.046977e-02,0.035296,0.013155,0.042623,0.000308,0.001643,0.712419,0.831388,1.235157,1.152543,0.078742,0.322187
TEMPO_RADT_L1_V04_20260110T003142Z_S013G03,12.595327,33.632538,-79.226654,134,1,VNP46A3_A2025305,170,-6.016677e-03,0.012380,0.049765,0.140139,82.962112,141.745789,0.000000,0,0,2.642069e-03,-0.006017,0.016795,0.008047,0.000037,0.002884,0.784486,0.887610,1.337926,1.137568,0.077488,0.308945
TEMPO_RADT_L1_V04_20260110T010006Z_S013G04,12.595327,33.531322,-86.234650,133,1,VNP46A3_A2025305,170,-6.016677e-03,0.012380,0.049765,0.140139,82.962112,141.986176,0.000000,0,97,8.092153e-03,0.004795,0.015629,0.003559,0.000038,0.002040,0.767745,0.851037,1.312179,1.072997,0.077278,0.305082
TEMPO_RADT_L1_V04_20260110T012818Z_S013G05,12.595327,33.527390,-93.102837,133,1,VNP46A3_A2025305,170,-6.016677e-03,0.012380,0.049765,0.140139,82.962112,142.077026,0.000000,0,126,8.832082e-03,-0.012072,0.015823,-0.018137,-0.000156,0.000298,0.762832,0.867814,1.313853,1.201157,0.078662,0.319010
TEMPO_RADT_L1_V04_20260110T015630Z_S013G06,12.595327,33.603394,-100.029243,133,1,VNP46A3_A2025305,170,-6.016677e-03,0.012380,0.049765,0.140139,82.962112,142.161896,0.000000,0,51,2.567115e-03,-0.035611,0.013398,-0.048214,-0.000160,0.001715,0.791447,0.905572,1.353162,1.395770,0.082310,0.343214
TEMPO_RADT_L1_V04_20260110T100003Z_S001G01,12.595327,33.582996,-85.961525,134,1,VNP46A3_A2025305,180,-9.303301e-03,-0.013123,0.062783,0.160483,87.816162,47.088242,0.000000,0,184,1.224348e-02,0.023818,0.019823,-0.047549,0.000242,-0.011699,0.768104,0.870265,1.335287,1.264023,0.080516,0.362614
TEMPO_RADT_L1_V04_20260110T102827Z_S001G02,12.595327,33.555958,-92.869019,134,1,VNP46A3_A2025305,180,-9.303301e-03,-0.013123,0.062783,0.160483,87.816162,47.166256,0.000000,0,254,4.888563e-03,-0.018055,0.011174,-0.075407,-0.000240,-0.009457,0.780779,0.889662,1.358458,1.174903,0.078506,0.328240
TEMPO_RADT_L1_V04_20260110T105652Z_S001G03,12.595327,33.612553,-99.819405,134,1,VNP46A3_A2025305,180,-9.303301e-03,-0.013123,0.062783,0.160483,87.816162,47.337383,0.000000,0,8,-3.361144e-04,-0.015890,0.010238,-0.002779,0.000980,0.007345,0.795437,0.909973,1.368847,1.147945,0.081219,0.319444
TEMPO_RADT_L1_V04_20260110T112516Z_S001G04,12.595327,33.755955,-106.937218,133,1,VNP46A3_A2025305,180,-9.303301e-03,-0.013123,0.062783,0.160483,87.816162,47.661869,0.000000,0,2,8.315477e-03,0.004536,0.012166,0.041846,-0.000116,0.013604,0.749928,0.871462,1.302959,1.125115,0.078257,0.325755
TEMPO_RADT_L1_V04_20260110T115328Z_S001G05,12.595327,34.020855,-114.523750,133,1,VNP46A3_A2025305,180,-9.303301e-03,-0.013123,0.062783,0.160483,87.816162,48.262314,0.000000,0,13,8.864762e-03,-0.002315,0.006722,0.036483,-0.000647,0.012253,0.733002,0.886755,1.276401,1.199932,0.080153,0.340923
TEMPO_RADT_L1_V04_20260110T122140Z_S001G06,12.595327,34.419029,-122.939613,133,1,VNP46A3_A2025305,180,-9.303301e-03,-0.013123,0.062783,0.160483,87.816162,49.293682,0.000000,0,16,1.702118e-02,0.028757,0.014185,0.082129,-0.000431,0.015612,0.749235,0.894916,1.329783,1.258739,0.083120,0.383526
TEMPO_RADT_L1_V04_20260110T233503Z_S012G01,12.595327,34.140621,-63.885117,134,1,VNP46A3_A2025305,179,4.840847e-02,-0.011308,0.046639,0.156183,94.074364,150.781326,0.000000,1845,14,2.227770e-02,0.041583,0.014469,0.005749,-0.007827,-0.011813,0.725157,0.858016,1.277568,1.494282,0.092361,0.392496
TEMPO_RADT_L1_V04_20260111T000327Z_S012G02,12.595327,33.831440,-71.868073,134,1,VNP46A3_A2025305,179,4.840847e-02,-0.011308,0.046639,0.156183,94.074364,151.724442,0.000000,369,0,2.076481e-02,0.037771,0.013555,0.032040,-0.000747,-0.002657,0.719218,0.834930,1.253320,1.230684,0.090616,0.340191
TEMPO_RADT_L1_V04_20260111T003152Z_S012G03,12.595327,33.646152,-79.212959,134,1,VNP46A3_A2025305,179,4.840847e-02,-0.011308,0.046639,0.156183,94.074364,152.196167,0.000000,0,2,4.777631e-03,0.000266,0.013886,0.010233,-0.000482,0.001798,0.780881,0.880830,1.331589,1.112300,0.078430,0.305901
TEMPO_RADT_L1_V04_20260111T010016Z_S012G04,12.595327,33.542076,-86.216156,133,1,VNP46A3_A2025305,179,4.840847e-02,-0.011308,0.046639,0.156183,94.074364,152.434799,0.000000,0,2,7.341430e-03,-0.007675,0.022306,-0.000779,-0.001073,0.003361,0.772944,0.870163,1.327146,1.127495,0.081707,0.311315
TEMPO_RADT_L1_V04_20260111T012828Z_S012G05,12.595327,33.540192,-93.083015,133,1,VNP46A3_A2025305,179,4.840847e-02,-0.011308,0.046639,0.156183,94.074364,152.522583,0.000000,0,186,2.814118e-03,-0.030511,0.010904,-0.031485,-0.001217,0.003117,0.780318,0.885665,1.332328,1.301807,0.088070,0.339066
TEMPO_RADT_L1_V04_20260111T015640Z_S012G06,12.595327,33.616623,-100.007385,133,1,VNP46A3_A2025305,179,4.840847e-02,-0.011308,0.046639,0.156183,94.074364,152.593933,0.000000,0,4,5.619748e-03,-0.023455,0.011341,-0.019573,-0.000474,0.006351,0.791138,0.901809,1.362345,1.466583,0.094223,0.362499
TEMPO_RADT_L1_V04_20260111T100041Z_S001G01,12.595327,33.574348,-85.979523,134,1,VNP46A3_A2025305,183,-3.288352e-02,0.014593,0.069746,0.106336,98.835312,55.922543,0.000000,0,0,9.193349e-03,-0.007186,0.029898,-0.037817,-0.000288,-0.004914,0.794731,0.882515,1.375009,1.260645,0.080244,0.358243
TEMPO_RADT_L1_V04_20260111T102905Z_S001G02,12.595327,33.547501,-92.886383,134,1,VNP46A3_A2025305,183,-3.288352e-02,0.014593,0.069746,0.106336,98.835312,55.989098,0.000000,0,14,5.281754e-03,-0.010084,0.013094,-0.026814,0.000001,-0.000812,0.779992,0.880168,1.345773,1.179122,0.078775,0.336903
TEMPO_RADT_L1_V04_20260111T105730Z_S001G03,12.595327,33.602295,-99.836700,134,1,VNP46A3_A2025305,183,-3.288352e-02,0.014593,0.069746,0.106336,98.835312,56.146313,0.000000,0,0,1.324443e-03,-0.004617,0.008070,-0.000983,0.000940,0.003061,0.780755,0.891767,1.340190,1.128818,0.079693,0.314562
TEMPO_RADT_L1_V04_20260111T112554Z_S001G04,12.595327,33.748051,-106.956505,133,1,VNP46A3_A2025305,183,-3.288352e-02,0.014593,0.069746,0.106336,98.835312,56.479156,0.000000,0,4,1.076669e-02,0.015602,0.009260,0.026518,0.000296,0.004815,0.742364,0.859102,1.285374,1.087401,0.078349,0.310776
TEMPO_RADT_L1_V04_20260111T115406Z_S001G05,12.595327,34.015163,-114.550171,133,1,VNP46A3_A2025305,183,-3.288352e-02,0.014593,0.069746,0.106336,98.835312,57.132072,0.000000,0,0,1.122463e-02,0.001652,0.006234,0.024769,0.000020,0.005245,0.727729,0.876190,1.265160,1.170501,0.078763,0.334695
TEMPO_RADT_L1_V04_20260111T122218Z_S001G06,12.595327,34.415699,-122.978020,133,1,VNP46A3_A2025305,183,-3.288352e-02,0.014593,0.069746,0.106336,98.835312,58.292103,0.000000,0,0,1.829777e-02,0.033081,0.011915,0.058664,-0.000449,0.006860,0.748942,0.875607,1.326936,1.281490,0.082619,0.395887
TEMPO_RADT_L1_V04_20260111T233512Z_S013G01,12.595327,34.129711,-63.923851,134,1,VNP46A3_A2025305,177,-4.641648e-02,-0.021860,0.032826,0.152202,104.989937,160.489944,0.000000,117,4,2.385553e-02,0.047037,0.014206,0.054245,-0.000642,0.001155,0.721840,0.866223,1.265165,1.480354,0.085334,0.393251
TEMPO_RADT_L1_V04_20260112T000336Z_S013G02,12.595327,33.827755,-71.887032,134,1,VNP46A3_A2025305,177,-4.641648e-02,-0.021860,0.032826,0.152202,104.989937,161.318634,0.000000,0,0,2.193681e-02,0.043221,0.015292,0.058632,0.000567,0.005679,0.720530,0.850089,1.250125,1.231223,0.080879,0.348901
TEMPO_RADT_L1_V04_20260112T003201Z_S013G03,12.595327,33.643131,-79.226631,134,1,VNP46A3_A2025305,177,-4.641648e-02,-0.021860,0.032826,0.152202,104.989937,161.753067,0.000000,0,0,-8.376832e-04,-0.032068,0.017289,-0.018020,0.000324,0.004324,0.805200,0.930802,1.374048,1.191279,0.077445,0.321301
TEMPO_RADT_L1_V04_20260112T010025Z_S013G04,12.595327,33.555016,-86.222954,133,1,VNP46A3_A2025305,177,-4.641648e-02,-0.021860,0.032826,0.152202,104.989937,161.971298,0.000000,0,0,6.780851e-03,-0.001448,0.022003,0.001044,0.000389,0.004026,0.792682,0.883399,1.342167,1.149405,0.077861,0.320618
TEMPO_RADT_L1_V04_20260112T012837Z_S013G05,12.595327,33.553741,-93.100357,133,1,VNP46A3_A2025305,177,-4.641648e-02,-0.021860,0.032826,0.152202,104.989937,162.063766,0.000000,0,0,7.097671e-03,-0.020337,0.015157,-0.023072,0.000274,0.003130,0.778460,0.886432,1.336012,1.293958,0.079959,0.340286
TEMPO_RADT_L1_V04_20260112T015649Z_S013G06,12.595327,33.632694,-100.027901,133,1,VNP46A3_A2025305,177,-4.641648e-02,-0.021860,0.032826,0.152202,104.989937,162.113678,0.000000,0,0,8.971867e-03,-0.005521,0.015964,-0.029959,0.000154,0.002939,0.796942,0.907348,1.366568,1.445496,0.083834,0.364889
TEMPO_RADT_L1_V04_20260112T100118Z_S001G01,12.595327,33.580887,-85.978455,134,1,VNP46A3_A2025305,182,-3.345649e-02,-0.021623,0.061103,0.163206,109.695915,65.053429,0.000000,0,0,7.627502e-03,-0.014120,0.028439,-0.064682,0.000354,-0.002369,0.790738,0.901298,1.357149,1.254694,0.078848,0.349321
TEMPO_RADT_L1_V04_20260112T102942Z_S001G02,12.595327,33.550426,-92.892670,134,1,VNP46A3_A2025305,182,-3.345649e-02,-0.021623,0.061103,0.163206,109.695915,65.110840,0.000000,0,2,5.100697e-03,-0.010163,0.012776,-0.037555,0.000323,0.003492,0.781252,0.891697,1.331065,1.166316,0.077966,0.336650
TEMPO_RADT_L1_V04_20260112T105807Z_S001G03,12.595327,33.598358,-99.855278,134,1,VNP46A3_A2025305,182,-3.345649e-02,-0.021623,0.061103,0.163206,109.695915,65.256805,0.000000,0,4,3.783975e-03,-0.008067,0.009971,-0.011249,0.000249,0.006710,0.779295,0.904472,1.329087,1.161703,0.077736,0.329858
TEMPO_RADT_L1_V04_20260112T112631Z_S001G04,12.595327,33.738358,-106.973160,133,1,VNP46A3_A2025305,182,-3.345649e-02,-0.021623,0.061103,0.163206,109.695915,65.582741,0.000000,0,61,1.145048e-02,0.019224,0.009303,0.030885,0.000231,0.007633,0.741308,0.873556,1.277651,1.130100,0.077819,0.328499
TEMPO_RADT_L1_V04_20260112T115443Z_S001G05,12.595327,34.006588,-114.559074,133,1,VNP46A3_A2025305,182,-3.345649e-02,-0.021623,0.061103,0.163206,109.695915,66.259750,0.000000,0,0,1.147953e-02,0.005521,0.007638,0.043630,0.000242,0.012013,0.729380,0.889050,1.261715,1.198430,0.078426,0.347006
TEMPO_RADT_L1_V04_20260112T122255Z_S001G06,12.595327,34.405807,-122.979462,133,1,VNP46A3_A2025305,182,-3.345649e-02,-0.021623,0.061103,0.163206,109.695915,67.494530,0.000000,0,8,1.930128e-02,0.039194,0.013642,0.102800,0.000146,0.018283,0.743240,0.899559,1.302647,1.291539,0.079781,0.389634
TEMPO_RADT_L1_V04_20260113T100156Z_S001G01,12.595327,33.570755,-85.935898,134,1,VNP46A3_A2025305,181,5.857455e-03,-0.017283,0.074624,0.160374,120.479935,74.266029,0.000000,0,3,8.470034e-03,-0.004019,0.028952,-0.079551,0.000416,-0.003579,0.792410,0.895998,1.360611,1.269183,0.079016,0.357243
TEMPO_RADT_L1_V04_20260113T103020Z_S001G02,12.595327,33.538887,-92.849464,134,1,VNP46A3_A2025305,181,5.857455e-03,-0.017283,0.074624,0.160374,120.479935,74.313820,0.000000,0,6,2.985719e-03,-0.001333,0.010700,-0.044072,0.000606,0.004159,0.778487,0.889115,1.327772,1.185400,0.078451,0.347038
TEMPO_RADT_L1_V04_20260113T105845Z_S001G03,12.595327,33.592709,-99.802216,134,1,VNP46A3_A2025305,181,5.857455e-03,-0.017283,0.074624,0.160374,120.479935,74.447243,0.000000,0,10,3.964249e-03,-0.005249,0.010027,-0.010672,0.000401,0.010777,0.775701,0.908613,1.322998,1.184279,0.078187,0.345763
TEMPO_RADT_L1_V04_20260113T112709Z_S001G04,12.595327,33.737026,-106.920776,133,1,VNP46A3_A2025305,181,5.857455e-03,-0.017283,0.074624,0.160374,120.479935,74.772064,0.000000,0,10,1.015246e-02,0.018034,0.007407,0.044917,0.000467,0.016050,0.739229,0.878223,1.268737,1.157301,0.078609,0.345245
TEMPO_RADT_L1_V04_20260113T115521Z_S001G05,12.595327,34.000744,-114.514404,133,1,VNP46A3_A2025305,181,5.857455e-03,-0.017283,0.074624,0.160374,120.479935,75.465775,0.000000,0,16,1.052376e-02,-0.001853,0.007082,0.051961,0.000313,0.017293,0.729862,0.908642,1.261653,1.260054,0.079107,0.366011
TEMPO_RADT_L1_V04_20260113T122333Z_S001G06,12.595327,34.394478,-122.932785,133,1,VNP46A3_A2025305,181,5.857455e-03,-0.017283,0.074624,0.160374,120.479935,76.750397,0.000000,0,18,1.781812e-02,0.029613,0.013172,0.107559,0.000142,0.022892,0.754717,0.919828,1.340430,1.337197,0.080245,0.395943
TEMPO_RADT_L1_V04_20260113T233527Z_S013G01,12.595327,34.144070,-63.869732,134,1,VNP46A3_A2025305,171,-1.274528e-02,-0.012318,0.035804,0.170978,126.564049,167.828125,0.000000,0,0,2.205449e-02,0.034863,0.013172,0.132302,0.000503,0.027475,0.721761,0.889649,1.254118,2.020704,0.094240,0.568801
TEMPO_RADT_L1_V04_20260114T000351Z_S013G02,12.595327,33.842392,-71.828606,134,1,VNP46A3_A2025305,171,-1.274528e-02,-0.012318,0.035804,0.170978,126.564049,167.409576,0.000000,0,2,1.960653e-02,0.037083,0.014598,0.064660,0.000336,0.012847,0.728659,0.864900,1.263542,1.410819,0.082428,0.409297
TEMPO_RADT_L1_V04_20260114T003216Z_S013G03,12.595327,33.642120,-79.212929,134,1,VNP46A3_A2025305,171,-1.274528e-02,-0.012318,0.035804,0.170978,126.564049,167.240997,0.000000,0,2,3.851567e-05,-0.008680,0.017683,0.005426,0.000311,0.007533,0.808477,0.915967,1.371136,1.200146,0.078566,0.344109
TEMPO_RADT_L1_V04_20260114T010040Z_S013G04,12.595327,33.547642,-86.220879,133,1,VNP46A3_A2025305,171,-1.274528e-02,-0.012318,0.035804,0.170978,126.564049,167.209885,0.000000,0,0,6.481419e-03,-0.005351,0.018946,-0.009579,0.000431,0.005275,0.782058,0.888764,1.334799,1.273578,0.079545,0.362472
TEMPO_RADT_L1_V04_20260114T012852Z_S013G05,12.595327,33.546097,-93.087143,133,1,VNP46A3_A2025305,171,-1.274528e-02,-0.012318,0.035804,0.170978,126.564049,167.215149,0.000000,0,6,8.250909e-03,-0.001713,0.014616,-0.027958,0.000680,0.002462,0.775757,0.876040,1.327902,1.429340,0.082510,0.391177
TEMPO_RADT_L1_V04_20260114T015704Z_S013G06,12.595327,33.617386,-100.021530,133,1,VNP46A3_A2025305,171,-1.274528e-02,-0.012318,0.035804,0.170978,126.564049,167.132294,0.000000,0,0,6.805917e-03,-0.018797,0.011000,-0.075969,0.000439,-0.003501,0.785447,0.898674,1.341981,1.609204,0.086075,0.411143
TEMPO_RADT_L1_V04_20260114T100234Z_S001G01,12.595327,33.582230,-85.933350,134,1,VNP46A3_A2025305,184,-1.006803e-02,0.010312,0.063351,0.114341,131.261017,83.558762,0.000000,0,10,1.142208e-02,0.024484,0.022621,-0.046663,0.000470,0.000506,0.764643,0.880245,1.322134,1.277439,0.080819,0.377849
TEMPO_RADT_L1_V04_20260114T103058Z_S001G02,12.595327,33.551521,-92.846825,134,1,VNP46A3_A2025305,184,-1.006803e-02,0.010312,0.063351,0.114341,131.261017,83.600052,0.000000,0,0,5.065791e-03,-0.006702,0.011052,-0.046160,0.000555,0.006181,0.766213,0.898380,1.308750,1.221608,0.079473,0.363976
TEMPO_RADT_L1_V04_20260114T105923Z_S001G03,12.595327,33.610329,-99.782654,134,1,VNP46A3_A2025305,184,-1.006803e-02,0.010312,0.063351,0.114341,131.261017,83.714005,0.000000,0,7,1.203490e-03,-0.017812,0.007830,-0.024076,0.000606,0.009536,0.773992,0.916773,1.318665,1.200872,0.078484,0.354012
TEMPO_RADT_L1_V04_20260114T112747Z_S001G04,12.595327,33.750896,-106.899010,133,1,VNP46A3_A2025305,184,-1.006803e-02,0.010312,0.063351,0.114341,131.261017,84.028038,0.000000,0,10,8.161373e-03,0.008965,0.008491,0.020213,0.000717,0.012022,0.740857,0.888330,1.278201,1.172087,0.078973,0.353861
TEMPO_RADT_L1_V04_20260114T115559Z_S001G05,12.595327,34.014545,-114.485497,133,1,VNP46A3_A2025305,184,-1.006803e-02,0.010312,0.063351,0.114341,131.261017,84.725586,0.000000,0,6,9.347822e-03,-0.006235,0.007990,0.041699,0.000406,0.016711,0.731040,0.925174,1.267050,1.300479,0.080208,0.380242
TEMPO_RADT_L1_V04_20260114T122411Z_S001G06,12.595327,34.410393,-122.902657,133,1,VNP46A3_A2025305,184,-1.006803e-02,0.010312,0.063351,0.114341,131.261017,86.050140,0.000000,0,15,1.758987e-02,0.028763,0.013462,0.123616,0.000311,0.031163,0.746589,0.946161,1.302013,1.402955,0.081517,0.437181
TEMPO_RADT_L1_V04_20260114T233533Z_S013G01,12.595327,34.130947,-63.874947,134,1,VNP46A3_A2025305,176,-3.371990e-02,0.016569,0.044029,0.190095,137.365677,160.494751,0.000000,0,4,2.228489e-02,0.043035,0.014090,0.166361,0.000331,0.038554,0.725480,0.905302,1.260175,1.659098,0.086836,0.481296
TEMPO_RADT_L1_V04_20260115T000357Z_S013G02,12.595327,33.828156,-71.840538,134,1,VNP46A3_A2025305,176,-3.371990e-02,0.016569,0.044029,0.190095,137.365677,159.698502,0.000000,0,63,2.171639e-02,0.046140,0.016116,0.113135,0.000456,0.025970,0.726888,0.873482,1.256774,1.294877,0.080878,0.388795
TEMPO_RADT_L1_V04_20260115T003222Z_S013G03,12.595327,33.632469,-79.216652,134,1,VNP46A3_A2025305,176,-3.371990e-02,0.016569,0.044029,0.190095,137.365677,159.333862,0.000000,0,0,1.490517e-03,0.017919,0.014711,0.033198,0.000627,0.010411,0.806926,0.899148,1.362901,1.186468,0.078960,0.347508
TEMPO_RADT_L1_V04_20260115T010046Z_S013G04,12.595327,33.548302,-86.206963,133,1,VNP46A3_A2025305,176,-3.371990e-02,0.016569,0.044029,0.190095,137.365677,159.215424,0.000000,0,0,5.428428e-03,-0.029411,0.023832,-0.056827,0.000659,0.002561,0.797586,0.936866,1.354200,1.242590,0.078845,0.343230
TEMPO_RADT_L1_V04_20260115T012858Z_S013G05,12.595327,33.548679,-93.083786,133,1,VNP46A3_A2025305,176,-3.371990e-02,0.016569,0.044029,0.190095,137.365677,159.172241,0.000000,0,8,6.740891e-03,-0.021817,0.011927,-0.091929,0.000554,-0.007483,0.774343,0.893589,1.326759,1.292311,0.079887,0.346435
TEMPO_RADT_L1_V04_20260115T015710Z_S013G06,12.595327,33.624931,-100.011284,133,1,VNP46A3_A2025305,176,-3.371990e-02,0.016569,0.044029,0.190095,137.365677,159.074173,0.000000,0,0,7.551128e-03,-0.032030,0.011628,-0.119186,0.000631,-0.008650,0.782456,0.916185,1.343850,1.429541,0.083399,0.363838
TEMPO_RADT_L1_V04_20260115T100311Z_S001G01,12.595327,33.567760,-88.303322,126,1,VNP46A3_A2025305,174,-2.214866e-02,-0.011142,0.061012,0.154873,142.059464,94.653297,0.000000,0,0,6.200453e-03,-0.015247,0.025200,-0.054163,0.001292,-0.000568,0.790047,0.908784,1.353019,1.245088,0.081933,0.353818
TEMPO_RADT_L1_V04_20260115T102953Z_S001G02,12.595327,33.564564,-94.749634,125,1,VNP46A3_A2025305,174,-2.214866e-02,-0.011142,0.061012,0.154873,142.059464,94.696053,0.000000,0,2,3.973802e-03,-0.020425,0.011949,-0.045017,0.001142,0.002788,0.773863,0.900872,1.325564,1.169089,0.080913,0.339382
TEMPO_RADT_L1_V04_20260115T105623Z_S001G03,12.595327,33.632236,-101.267525,125,1,VNP46A3_A2025305,174,-2.214866e-02,-0.011142,0.061012,0.154873,142.059464,94.829102,0.000000,0,6,6.433491e-03,-0.005306,0.012857,-0.013318,-0.000054,0.003638,0.770317,0.898064,1.314776,1.160440,0.078582,0.330568
TEMPO_RADT_L1_V04_20260115T112253Z_S001G04,12.595327,33.776928,-108.015800,125,1,VNP46A3_A2025305,174,-2.214866e-02,-0.011142,0.061012,0.154873,142.059464,95.165466,0.000000,0,2,1.183323e-02,0.022399,0.010548,0.032966,-0.000359,0.006764,0.725592,0.856883,1.260233,1.100432,0.079212,0.325285
TEMPO_RADT_L1_V04_20260115T114923Z_S001G05,12.595327,34.044136,-115.225334,125,1,VNP46A3_A2025305,174,-2.214866e-02,-0.011142,0.061012,0.154873,142.059464,95.892067,0.000000,0,0,1.146760e-02,0.005605,0.009422,0.041949,-0.000492,0.010353,0.728599,0.887289,1.262652,1.195857,0.080517,0.351062
TEMPO_RADT_L1_V04_20260115T121553Z_S001G06,12.595327,34.432465,-123.192062,125,1,VNP46A3_A2025305,174,-2.214866e-02,-0.011142,0.061012,0.154873,142.059464,97.218185,0.000000,0,2,1.882572e-02,0.041383,0.013595,0.095224,-0.000594,0.017252,0.751446,0.893025,1.323643,1.350859,0.082891,0.429834
TEMPO_RADT_L1_V04_20260115T234614Z_S013G01,12.595327,34.145664,-63.629532,126,1,VNP46A3_A2025305,158,-7.100027e-03,-0.034619,0.046345,0.118280,148.293442,152.927795,0.000000,0,24,2.185661e-02,0.062625,0.011402,0.100266,0.000699,0.009199,0.717865,0.858932,1.243529,1.310123,0.080816,0.356893
TEMPO_RADT_L1_V04_20260116T001256Z_S013G02,12.595327,33.854595,-71.109322,125,1,VNP46A3_A2025305,158,-7.100027e-03,-0.034619,0.046345,0.118280,148.293442,152.060410,0.000000,0,122,2.319416e-02,0.062399,0.014957,0.052825,-0.000150,0.000200,0.717519,0.844052,1.246782,1.157988,0.078906,0.333312
TEMPO_RADT_L1_V04_20260116T003926Z_S013G03,12.595327,33.653683,-78.059563,125,1,VNP46A3_A2025305,158,-7.100027e-03,-0.034619,0.046345,0.118280,148.293442,151.612000,0.000000,0,6,-4.160528e-04,-0.049675,0.015569,-0.043768,0.000077,0.001309,0.798433,0.964752,1.359671,1.223878,0.077626,0.318768
TEMPO_RADT_L1_V04_20260116T010556Z_S013G04,12.595327,33.555614,-84.663719,125,1,VNP46A3_A2025305,158,-7.100027e-03,-0.034619,0.046345,0.118280,148.293442,151.442139,0.000000,0,0,1.059591e-03,-0.060341,0.021097,-0.061702,0.000202,0.001877,0.817385,0.953823,1.377980,1.210548,0.077329,0.314076
TEMPO_RADT_L1_V04_20260116T013226Z_S013G05,12.595327,33.536045,-91.141312,125,1,VNP46A3_A2025305,158,-7.100027e-03,-0.034619,0.046345,0.118280,148.293442,151.373795,0.000000,0,0,9.162421e-03,0.020627,0.015716,0.014359,0.000318,0.004070,0.769722,0.868164,1.318693,1.163161,0.078237,0.323273
TEMPO_RADT_L1_V04_20260116T015856Z_S013G06,12.595327,33.581493,-97.620316,125,1,VNP46A3_A2025305,158,-7.100027e-03,-0.034619,0.046345,0.118280,148.293442,151.302643,0.000000,0,0,3.748953e-03,-0.025199,0.008102,-0.040497,0.000277,0.003927,0.783613,0.931112,1.342769,1.334617,0.080479,0.344162
TEMPO_RADT_L1_V04_20260116T100348Z_S001G01,12.595327,33.567276,-88.316071,126,1,VNP46A3_A2025305,181,-1.547179e-02,0.007185,0.077854,0.167993,152.991623,103.990738,0.000000,0,0,7.043424e-03,0.011785,0.022993,-0.022995,0.000957,-0.003636,0.783128,0.874496,1.337115,1.197295,0.081086,0.343638
TEMPO_RADT_L1_V04_20260116T103030Z_S001G02,12.595327,33.562698,-94.764412,125,1,VNP46A3_A2025305,181,-1.547179e-02,0.007185,0.077854,0.167993,152.991623,104.025833,0.000000,0,7,2.455950e-03,-0.023948,0.009339,-0.041459,0.000708,-0.000385,0.770194,0.889008,1.323836,1.149495,0.079698,0.329331
TEMPO_RADT_L1_V04_20260116T105700Z_S001G03,12.595327,33.633259,-101.276169,125,1,VNP46A3_A2025305,181,-1.547179e-02,0.007185,0.077854,0.167993,152.991623,104.143333,0.000000,0,0,4.707154e-03,-0.014415,0.013230,-0.012167,-0.000149,0.002620,0.771325,0.893421,1.318122,1.140573,0.077585,0.319667
TEMPO_RADT_L1_V04_20260116T112330Z_S001G04,12.595327,33.782043,-108.021637,125,1,VNP46A3_A2025305,181,-1.547179e-02,0.007185,0.077854,0.167993,152.991623,104.468849,0.000000,0,3,1.271918e-02,0.018564,0.010885,0.028781,-0.000230,0.004892,0.725858,0.853577,1.248478,1.076271,0.078146,0.313217
TEMPO_RADT_L1_V04_20260116T115000Z_S001G05,12.595327,34.050079,-115.230148,125,1,VNP46A3_A2025305,181,-1.547179e-02,0.007185,0.077854,0.167993,152.991623,105.190544,0.000000,0,0,1.062705e-02,-0.001697,0.009271,0.023705,-0.000268,0.006909,0.726170,0.876291,1.261376,1.161635,0.079091,0.335115
TEMPO_RADT_L1_V04_20260116T121630Z_S001G06,12.595327,34.435043,-123.206657,125,1,VNP46A3_A2025305,181,-1.547179e-02,0.007185,0.077854,0.167993,152.991623,106.534119,0.000000,0,3,1.901487e-02,0.033816,0.013234,0.066346,-0.000493,0.011056,0.747883,0.880967,1.307478,1.257275,0.079981,0.389985
TEMPO_RADT_L1_V04_20260116T234618Z_S013G01,12.595327,34.155445,-63.629044,126,1,VNP46A3_A2025305,170,1.292105e-02,0.023802,0.048714,0.188795,159.277145,142.449692,0.000000,0,0,2.194143e-02,0.048057,0.012968,0.084689,-0.000625,0.008626,0.721101,0.857283,1.257153,1.391746,0.082095,0.365718
TEMPO_RADT_L1_V04_20260117T001300Z_S013G02,12.595327,33.863514,-71.101593,125,1,VNP46A3_A2025305,170,1.292105e-02,0.023802,0.048714,0.188795,159.277145,141.545456,0.000000,0,0,2.018767e-02,0.045930,0.013031,0.052581,-0.000749,0.002909,0.718219,0.842891,1.249491,1.131944,0.078887,0.322999
TEMPO_RADT_L1_V04_20260117T003930Z_S013G03,12.595327,33.661568,-78.048492,125,1,VNP46A3_A2025305,170,1.292105e-02,0.023802,0.048714,0.188795,159.277145,141.069275,0.000000,0,0,2.207220e-03,-0.032455,0.018698,-0.032476,0.000620,-0.000029,0.799855,0.921291,1.359088,1.178605,0.080563,0.315971
TEMPO_RADT_L1_V04_20260117T010600Z_S013G04,12.595327,33.556599,-84.664856,125,1,VNP46A3_A2025305,170,1.292105e-02,0.023802,0.048714,0.188795,159.277145,140.869629,0.000000,0,4,5.068057e-03,-0.002416,0.019562,-0.011908,0.000066,0.000682,0.791806,0.879423,1.345958,1.130156,0.077953,0.312848
TEMPO_RADT_L1_V04_20260117T013230Z_S013G05,12.595327,33.526482,-91.145691,125,1,VNP46A3_A2025305,170,1.292105e-02,0.023802,0.048714,0.188795,159.277145,140.786545,0.000000,0,4,9.140435e-03,0.005853,0.017708,-0.008188,0.000465,0.000978,0.771006,0.868334,1.317939,1.160668,0.081683,0.315177
TEMPO_RADT_L1_V04_20260117T015900Z_S013G06,12.595327,33.566807,-97.622849,125,1,VNP46A3_A2025305,170,1.292105e-02,0.023802,0.048714,0.188795,159.277145,140.711792,0.000000,0,0,2.220592e-03,-0.035329,0.009007,-0.047660,0.000298,0.002387,0.796476,0.912483,1.364126,1.311923,0.083065,0.339785
TEMPO_RADT_L1_V04_20260117T100425Z_S001G01,12.595327,33.574474,-88.310432,126,1,VNP46A3_A2025305,188,-1.480238e-02,-0.032552,0.070796,0.131715,164.003540,113.158867,0.000000,0,19,8.582832e-03,-0.003004,0.027417,-0.051985,0.000018,-0.007071,0.782937,0.890557,1.347820,1.250497,0.079464,0.349630
TEMPO_RADT_L1_V04_20260117T103107Z_S001G02,12.595327,33.576153,-94.752434,125,1,VNP46A3_A2025305,188,-1.480238e-02,-0.032552,0.070796,0.131715,164.003540,113.181320,0.000000,0,6,3.048528e-03,-0.030037,0.011451,-0.056627,0.000143,-0.002152,0.783994,0.891679,1.334210,1.160886,0.077689,0.329279
TEMPO_RADT_L1_V04_20260117T105737Z_S001G03,12.595327,33.644909,-101.262497,125,1,VNP46A3_A2025305,188,-1.480238e-02,-0.032552,0.070796,0.131715,164.003540,113.281395,0.000000,0,0,3.634966e-03,0.004549,0.010881,0.000854,-0.000349,0.003964,0.772877,0.885965,1.328936,1.119140,0.079291,0.316772
TEMPO_RADT_L1_V04_20260117T112407Z_S001G04,12.595327,33.793179,-108.007477,125,1,VNP46A3_A2025305,188,-1.480238e-02,-0.032552,0.070796,0.131715,164.003540,113.590157,0.000000,0,6,1.214792e-02,0.020199,0.009930,0.029341,0.000168,0.006614,0.727078,0.850048,1.259926,1.078645,0.077938,0.318291
TEMPO_RADT_L1_V04_20260117T115037Z_S001G05,12.595327,34.063995,-115.215599,125,1,VNP46A3_A2025305,188,-1.480238e-02,-0.032552,0.070796,0.131715,164.003540,114.298332,0.000000,0,12,1.059054e-02,-0.002372,0.007796,0.034681,0.000395,0.011361,0.728970,0.882998,1.266841,1.183120,0.078362,0.339197
TEMPO_RADT_L1_V04_20260117T121707Z_S001G06,12.595327,34.451511,-123.193886,125,1,VNP46A3_A2025305,188,-1.480238e-02,-0.032552,0.070796,0.131715,164.003540,115.640862,0.000000,0,8,1.869795e-02,0.034979,0.012918,0.087036,0.000480,0.014967,0.727080,0.872793,1.277730,1.222964,0.079548,0.364232
TEMPO_RADT_L1_V04_20260117T234620Z_S012G01,12.595327,34.156029,-63.613667,126,1,VNP46A3_A2025305,163,8.506068e-03,0.012917,0.054571,0.239432,170.213898,131.528854,0.000000,0,2,2.175449e-02,0.053303,0.011641,0.107732,0.000436,0.016461,0.724845,0.866545,1.258943,1.306772,0.082012,0.371169
TEMPO_RADT_L1_V04_20260118T001302Z_S012G02,12.595327,33.864262,-71.089455,125,1,VNP46A3_A2025305,163,8.506068e-03,0.012917,0.054571,0.239432,170.213898,130.599213,0.000000,0,2,2.113463e-02,0.051878,0.012363,0.086061,0.000279,0.012351,0.723108,0.856526,1.255001,1.158392,0.079025,0.346107
TEMPO_RADT_L1_V04_20260118T003932Z_S012G03,12.595327,33.662094,-78.042969,125,1,VNP46A3_A2025305,163,8.506068e-03,0.012917,0.054571,0.239432,170.213898,130.099731,0.000000,0,30,-7.290110e-04,-0.045303,0.018366,-0.039305,0.000254,0.004406,0.809692,0.961230,1.376167,1.232324,0.077866,0.331207
TEMPO_RADT_L1_V04_20260118T010602Z_S012G04,12.595327,33.563786,-84.649117,125,1,VNP46A3_A2025305,163,8.506068e-03,0.012917,0.054571,0.239432,170.213898,129.896530,0.000000,0,95,6.140858e-03,-0.014353,0.021718,-0.033892,0.000318,0.000355,0.801663,0.905792,1.358026,1.153482,0.077868,0.320465
TEMPO_RADT_L1_V04_20260118T013232Z_S012G05,12.595327,33.540714,-91.122353,125,1,VNP46A3_A2025305,163,8.506068e-03,0.012917,0.054571,0.239432,170.213898,129.811920,0.000000,0,22,7.106832e-03,-0.007232,0.017987,-0.030542,0.000317,0.001079,0.791356,0.892144,1.350545,1.184837,0.078472,0.326871
TEMPO_RADT_L1_V04_20260118T015902Z_S012G06,12.595327,33.586281,-97.603096,125,1,VNP46A3_A2025305,163,8.506068e-03,0.012917,0.054571,0.239432,170.213898,129.730392,0.000000,0,0,3.874357e-03,-0.015820,0.007623,-0.050820,0.000329,0.000546,0.789823,0.914341,1.353091,1.281137,0.080190,0.343460
TEMPO_RADT_L1_V04_20260118T100502Z_S001G01,12.595327,33.568016,-88.322807,126,1,VNP46A3_A2025305,176,-6.492673e-03,0.020848,0.058717,0.173681,174.545486,122.022942,0.000000,0,65,7.419095e-03,-0.016113,0.025727,-0.085831,0.000092,-0.004258,0.786695,0.922203,1.351863,1.245281,0.079401,0.351417
TEMPO_RADT_L1_V04_20260118T103144Z_S001G02,12.595327,33.567650,-94.763748,125,1,VNP46A3_A2025305,176,-6.492673e-03,0.020848,0.058717,0.173681,174.545486,122.031036,0.000000,0,6,1.540279e-03,-0.028212,0.010188,-0.065200,0.000330,0.003413,0.779841,0.913994,1.332410,1.191987,0.078360,0.343925
TEMPO_RADT_L1_V04_20260118T105814Z_S001G03,12.595327,33.634201,-101.282822,125,1,VNP46A3_A2025305,176,-6.492673e-03,0.020848,0.058717,0.173681,174.545486,122.117905,0.000000,0,15,4.147995e-03,-0.004347,0.010252,-0.002992,0.000438,0.010497,0.766904,0.903009,1.317259,1.178424,0.078300,0.343152
TEMPO_RADT_L1_V04_20260118T112444Z_S001G04,12.595327,33.779140,-108.035851,125,1,VNP46A3_A2025305,176,-6.492673e-03,0.020848,0.058717,0.173681,174.545486,122.408028,0.000000,0,6,1.180452e-02,0.025246,0.008956,0.047777,0.000544,0.013192,0.725679,0.870149,1.259071,1.135924,0.078817,0.341425
TEMPO_RADT_L1_V04_20260118T115114Z_S001G05,12.595327,34.044186,-115.258995,125,1,VNP46A3_A2025305,176,-6.492673e-03,0.020848,0.058717,0.173681,174.545486,123.097954,0.000000,0,10,1.113965e-02,0.006094,0.008036,0.047261,0.000462,0.014983,0.728003,0.897010,1.259383,1.210171,0.078835,0.358907
TEMPO_RADT_L1_V04_20260118T121744Z_S001G06,12.595327,34.423759,-123.252579,125,1,VNP46A3_A2025305,176,-6.492673e-03,0.020848,0.058717,0.173681,174.545486,124.423927,0.000000,0,10,1.791316e-02,0.044421,0.012933,0.116470,0.000470,0.023871,0.740534,0.897660,1.309894,1.297304,0.080747,0.410367
TEMPO_RADT_L1_V04_20260118T234622Z_S013G01,12.595327,34.152260,-63.621868,126,1,VNP46A3_A2025305,173,2.044988e-02,0.007061,0.056304,0.120399,175.940521,120.253296,0.000000,0,2,2.403160e-02,0.054753,0.013066,0.078595,-0.000302,0.007780,0.718917,0.869185,1.255500,1.432984,0.082371,0.385820
TEMPO_RADT_L1_V04_20260119T001304Z_S013G02,12.595327,33.851856,-71.112404,125,1,VNP46A3_A2025305,173,2.044988e-02,0.007061,0.056304,0.120399,175.940521,119.294609,0.000000,0,106,2.461304e-02,0.056381,0.015557,0.064518,0.000280,0.005143,0.720861,0.849254,1.250270,1.177694,0.079244,0.339791
TEMPO_RADT_L1_V04_20260119T003934Z_S013G03,12.595327,33.651718,-78.060593,125,1,VNP46A3_A2025305,173,2.044988e-02,0.007061,0.056304,0.120399,175.940521,118.786789,0.000000,0,41,-4.410015e-03,-0.033888,0.014760,-0.013656,0.000627,0.007478,0.817274,0.964991,1.389054,1.233214,0.080337,0.330596
TEMPO_RADT_L1_V04_20260119T010604Z_S013G04,12.595327,33.548397,-84.666473,125,1,VNP46A3_A2025305,173,2.044988e-02,0.007061,0.056304,0.120399,175.940521,118.573296,0.000000,0,2,3.169170e-03,-0.007662,0.026126,-0.019433,0.000466,0.002976,0.820364,0.902583,1.388440,1.162943,0.078307,0.322640
TEMPO_RADT_L1_V04_20260119T013234Z_S013G05,12.595327,33.520653,-91.150970,125,1,VNP46A3_A2025305,173,2.044988e-02,0.007061,0.056304,0.120399,175.940521,118.471779,0.000000,0,0,9.914326e-03,-0.010685,0.020078,-0.020907,0.000131,0.006134,0.785636,0.908026,1.337063,1.259796,0.080270,0.334625
TEMPO_RADT_L1_V04_20260119T015904Z_S013G06,12.595327,33.564915,-97.634865,125,1,VNP46A3_A2025305,173,2.044988e-02,0.007061,0.056304,0.120399,175.940521,118.383369,0.000000,0,2,5.818933e-03,-0.038284,0.009203,-0.058949,0.000155,0.005493,0.795954,0.935332,1.361408,1.373521,0.083171,0.348839
TEMPO_RADT_L1_V04_20260119T100538Z_S001G01,12.595327,33.577312,-88.327545,126,1,VNP46A3_A2025305,178,3.200356e-02,0.026865,0.051978,0.125325,172.001175,130.297882,0.000000,0,0,5.933452e-03,-0.047241,0.026640,-0.116912,0.000281,-0.005365,0.797047,0.959087,1.364529,1.302458,0.079627,0.363035
TEMPO_RADT_L1_V04_20260119T103220Z_S001G02,12.595327,33.573551,-94.777359,125,1,VNP46A3_A2025305,178,3.200356e-02,0.026865,0.051978,0.125325,172.001175,130.296341,0.000000,0,0,2.138362e-03,-0.030840,0.010414,-0.060025,0.000619,0.003322,0.778783,0.918905,1.332716,1.219776,0.078955,0.354218
TEMPO_RADT_L1_V04_20260119T105850Z_S001G03,12.595327,33.640087,-101.307121,125,1,VNP46A3_A2025305,178,3.200356e-02,0.026865,0.051978,0.125325,172.001175,130.364746,0.000000,0,0,5.319233e-03,-0.004434,0.012439,-0.005209,0.000386,0.007499,0.778469,0.913342,1.331759,1.207756,0.078378,0.345534
TEMPO_RADT_L1_V04_20260119T112520Z_S001G04,12.595327,33.786217,-108.065689,125,1,VNP46A3_A2025305,178,3.200356e-02,0.026865,0.051978,0.125325,172.001175,130.621368,0.000000,0,13,1.277979e-02,0.032484,0.010370,0.054456,0.000453,0.010754,0.726938,0.865332,1.260876,1.125381,0.078536,0.338138
TEMPO_RADT_L1_V04_20260119T115150Z_S001G05,12.595327,34.054108,-115.287621,125,1,VNP46A3_A2025305,178,3.200356e-02,0.026865,0.051978,0.125325,172.001175,131.255676,0.000000,0,15,1.058926e-02,0.014918,0.007451,0.067253,0.000244,0.015705,0.731523,0.899780,1.267416,1.246609,0.079709,0.371341
TEMPO_RADT_L1_V04_20260119T121820Z_S001G06,12.595327,34.437721,-123.280289,125,1,VNP46A3_A2025305,178,3.200356e-02,0.026865,0.051978,0.125325,172.001175,132.509583,0.000000,0,0,1.876683e-02,0.050105,0.012627,0.109667,0.000047,0.020650,0.733168,0.894685,1.308368,1.342678,0.081937,0.430869
TEMPO_RADT_L1_V04_20260119T234622Z_S013G01,12.595327,34.141315,-63.629597,126,1,VNP46A3_A2025305,168,1.798161e-02,0.034816,0.047474,0.065008,165.669952,108.676300,0.000000,1,0,2.269484e-02,0.086983,0.009226,0.100237,-0.002589,-0.000404,0.723135,0.873301,1.263439,1.881096,0.111060,0.471772
TEMPO_RADT_L1_V04_20260120T001304Z_S013G02,12.595327,33.843250,-71.122787,125,1,VNP46A3_A2025305,168,1.798161e-02,0.034816,0.047474,0.065008,165.669952,107.703125,0.000000,0,4,2.311842e-02,0.066236,0.014445,0.069368,0.001020,0.000866,0.724340,0.854922,1.256658,1.256379,0.089545,0.336444
TEMPO_RADT_L1_V04_20260120T003934Z_S013G03,12.595327,33.649960,-78.054428,125,1,VNP46A3_A2025305,168,1.798161e-02,0.034816,0.047474,0.065008,165.669952,107.199501,0.000000,0,4,-1.685344e-03,-0.069412,0.016653,-0.060125,-0.000599,-0.000243,0.813833,0.977088,1.385602,1.235000,0.079398,0.307268
TEMPO_RADT_L1_V04_20260120T010604Z_S013G04,12.595327,33.544033,-84.664192,125,1,VNP46A3_A2025305,168,1.798161e-02,0.034816,0.047474,0.065008,165.669952,106.973976,0.000000,0,0,1.572028e-03,-0.052059,0.021694,-0.046034,-0.002733,-0.001407,0.816642,0.938674,1.379385,1.269112,0.081781,0.320515
TEMPO_RADT_L1_V04_20260120T013234Z_S013G05,12.595327,33.519131,-91.135681,125,1,VNP46A3_A2025305,168,1.798161e-02,0.034816,0.047474,0.065008,165.669952,106.877335,0.000000,0,6,1.026104e-02,-0.014688,0.020551,-0.016931,-0.003615,-0.000581,0.788745,0.919930,1.349595,1.390635,0.094989,0.345942
TEMPO_RADT_L1_V04_20260120T015904Z_S013G06,12.595327,33.558720,-97.620522,125,1,VNP46A3_A2025305,168,1.798161e-02,0.034816,0.047474,0.065008,165.669952,106.783096,0.000000,0,0,4.660376e-03,-0.008810,0.008836,-0.017068,-0.002537,0.002034,0.809077,0.946128,1.382327,1.572827,0.104791,0.375316
TEMPO_RADT_L1_V04_20260120T100614Z_S001G01,12.595327,33.566994,-88.311913,126,1,VNP46A3_A2025305,173,-5.004711e-02,-0.023538,0.052766,0.135498,160.692520,137.490448,0.000000,1697,0,4.124106e-03,-0.046641,0.030811,-0.068145,-0.003713,-0.008505,0.812720,0.987273,1.418757,1.419263,0.098358,0.399662
TEMPO_RADT_L1_V04_20260120T103256Z_S001G02,12.595327,33.568829,-94.754883,125,1,VNP46A3_A2025305,173,-5.004711e-02,-0.023538,0.052766,0.135498,160.692520,137.460495,0.000000,10066,2,-8.771252e-03,0.044405,0.002219,0.060899,0.008302,0.021149,0.812756,0.971977,1.436184,1.431499,0.093747,0.411035
TEMPO_RADT_L1_V04_20260120T105926Z_S001G03,12.595327,33.637421,-101.275032,125,1,VNP46A3_A2025305,173,-5.004711e-02,-0.023538,0.052766,0.135498,160.692520,137.482010,0.000000,3679,2,6.324042e-03,0.023605,0.016546,-0.011335,-0.006842,-0.009767,0.805979,0.935950,1.418101,1.284883,0.096183,0.360222
TEMPO_RADT_L1_V04_20260120T112556Z_S001G04,12.595327,33.782654,-108.029198,125,1,VNP46A3_A2025305,173,-5.004711e-02,-0.023538,0.052766,0.135498,160.692520,137.674240,0.000000,7753,38,1.472451e-02,0.059773,0.006405,-0.021968,-0.006496,-0.012804,0.760004,0.932423,1.365183,1.296993,0.095302,0.382045
TEMPO_RADT_L1_V04_20260120T115226Z_S001G05,12.595327,34.049881,-115.254616,125,1,VNP46A3_A2025305,173,-5.004711e-02,-0.023538,0.052766,0.135498,160.692520,138.211670,0.000000,3771,2,1.402595e-02,-0.023284,0.007717,-0.025990,-0.003938,-0.010974,0.764429,0.936449,1.384490,1.369626,0.099890,0.414849
TEMPO_RADT_L1_V04_20260120T121856Z_S001G06,12.595327,34.433060,-123.241753,125,1,VNP46A3_A2025305,173,-5.004711e-02,-0.023538,0.052766,0.135498,160.692520,139.309357,0.000000,6231,4,2.685481e-02,-0.047233,0.008671,-0.192712,-0.008250,-0.049162,0.768455,1.091820,1.394551,1.463551,0.100585,0.439161
TEMPO_RADT_L1_V04_20260121T013040Z_S011G01,12.595327,33.509705,-91.108414,126,1,VNP46A3_A2025305,97,3.143044e-02,0.020652,0.033030,0.132803,153.564056,94.688576,0.000000,0,4,9.931367e-03,-0.005849,0.018852,0.008135,-0.000550,0.004050,0.784521,0.891925,1.340572,1.120364,0.079665,0.307442
TEMPO_RADT_L1_V04_20260121T015722Z_S011G02,12.595327,33.548115,-97.589928,125,1,VNP46A3_A2025305,97,3.143044e-02,0.020652,0.033030,0.132803,153.564056,94.595970,0.000000,1573,0,1.118353e-02,0.015696,0.014014,0.001261,0.000066,-0.001165,0.782969,0.891968,1.343864,1.121044,0.081151,0.307672
TEMPO_RADT_L1_V04_20260121T100649Z_S001G01,12.595327,33.570282,-88.311539,126,1,VNP46A3_A2025305,176,1.713698e-02,-0.011575,0.050918,0.201458,148.848923,142.858490,0.000000,2659,0,7.721380e-03,0.011355,0.029793,-0.031236,-0.000323,0.003997,0.809085,0.903573,1.391615,1.281215,0.089045,0.375164
TEMPO_RADT_L1_V04_20260121T103331Z_S001G02,12.595327,33.569008,-94.760056,125,1,VNP46A3_A2025305,176,1.713698e-02,-0.011575,0.050918,0.201458,148.848923,142.805420,0.000000,85,0,4.804084e-03,-0.001366,0.012926,-0.066849,0.002466,-0.006098,0.781665,0.891390,1.352382,1.200880,0.091065,0.345988
TEMPO_RADT_L1_V04_20260121T110001Z_S001G03,12.595327,33.637375,-101.283943,125,1,VNP46A3_A2025305,176,1.713698e-02,-0.011575,0.050918,0.201458,148.848923,142.776764,0.000000,180,4,6.205115e-03,-0.000270,0.012245,-0.053201,-0.002416,-0.007221,0.778663,0.889288,1.338509,1.153649,0.088732,0.326985
TEMPO_RADT_L1_V04_20260121T112631Z_S001G04,12.595327,33.783768,-108.039795,125,1,VNP46A3_A2025305,176,1.713698e-02,-0.011575,0.050918,0.201458,148.848923,142.876221,0.000000,1125,4,1.159376e-02,0.015089,0.009313,-0.016646,-0.005566,0.000510,0.726018,0.867959,1.266250,1.132296,0.085567,0.331703
TEMPO_RADT_L1_V04_20260121T115301Z_S001G05,12.595327,34.051765,-115.266388,125,1,VNP46A3_A2025305,176,1.713698e-02,-0.011575,0.050918,0.201458,148.848923,143.244446,0.000000,567,10,1.216245e-02,-0.004867,0.010560,0.100464,-0.009035,0.029908,0.742426,0.903760,1.295430,1.239666,0.094700,0.380881
TEMPO_RADT_L1_V04_20260121T121931Z_S001G06,12.595327,34.441158,-123.243721,125,1,VNP46A3_A2025305,176,1.713698e-02,-0.011575,0.050918,0.201458,148.848923,144.049362,0.000000,719,0,1.866983e-02,0.014766,0.009833,0.124274,-0.000074,0.031283,0.753655,0.929508,1.332971,1.318988,0.098116,0.426935
TEMPO_RADT_L1_V04_20260121T234620Z_S013G01,12.595327,34.135647,-63.647221,126,1,VNP46A3_A2025305,167,4.840953e-02,0.041388,0.058574,0.129157,141.991119,84.712112,0.000000,0,6,2.302955e-02,0.045831,0.011608,0.095644,-0.000027,0.016386,0.721833,0.877204,1.252815,1.317502,0.080800,0.402310
TEMPO_RADT_L1_V04_20260122T001302Z_S013G02,12.595327,33.829628,-71.152786,125,1,VNP46A3_A2025305,167,4.840953e-02,0.041388,0.058574,0.129157,141.991119,83.705566,0.000000,0,5,2.150286e-02,0.048192,0.013155,0.069132,0.000394,0.009809,0.724542,0.863863,1.261079,1.187412,0.079142,0.358322
TEMPO_RADT_L1_V04_20260122T003932Z_S013G03,12.595327,33.637920,-78.076469,125,1,VNP46A3_A2025305,167,4.840953e-02,0.041388,0.058574,0.129157,141.991119,83.190742,0.000000,0,2,-2.206565e-03,-0.012440,0.016097,-0.009069,0.000637,0.006280,0.820665,0.930714,1.389061,1.199290,0.080306,0.338422
TEMPO_RADT_L1_V04_20260122T010602Z_S013G04,12.595327,33.531818,-84.684898,125,1,VNP46A3_A2025305,167,4.840953e-02,0.041388,0.058574,0.129157,141.991119,82.951485,0.000000,0,0,7.657146e-03,-0.002588,0.023689,-0.019022,0.000617,0.005656,0.796994,0.892432,1.349943,1.142323,0.079138,0.335168
TEMPO_RADT_L1_V04_20260122T013232Z_S013G05,12.595327,33.505348,-91.160011,125,1,VNP46A3_A2025305,167,4.840953e-02,0.041388,0.058574,0.129157,141.991119,82.840263,0.000000,0,2,1.000086e-02,-0.015338,0.019717,-0.024790,0.000237,0.008900,0.781504,0.900304,1.338257,1.223345,0.080054,0.344610
TEMPO_RADT_L1_V04_20260122T015902Z_S013G06,12.595327,33.551323,-97.637054,125,1,VNP46A3_A2025305,167,4.840953e-02,0.041388,0.058574,0.129157,141.991119,82.745926,0.000000,0,26,4.282601e-03,-0.031062,0.012481,-0.057182,0.000231,0.007701,0.798323,0.924809,1.365916,1.330225,0.082824,0.359387
TEMPO_RADT_L1_V04_20260122T100724Z_S001G01,12.595327,33.573494,-88.328201,126,1,VNP46A3_A2025335,187,2.030485e-02,0.002410,0.042173,0.092024,136.744720,145.379120,0.000000,0,2,8.260889e-03,-0.030290,0.026183,-0.107630,0.000583,-0.000717,0.790320,0.944836,1.360202,1.303742,0.080235,0.383777
TEMPO_RADT_L1_V04_20260122T103406Z_S001G02,12.595327,33.575760,-94.768677,125,1,VNP46A3_A2025335,187,2.030485e-02,0.002410,0.042173,0.092024,136.744720,145.289474,0.000000,0,2,4.860802e-03,-0.023496,0.014633,-0.078639,0.000614,0.002949,0.780601,0.919243,1.335584,1.231966,0.079259,0.372019
TEMPO_RADT_L1_V04_20260122T110036Z_S001G03,12.595327,33.647167,-101.294441,125,1,VNP46A3_A2025335,187,2.030485e-02,0.002410,0.042173,0.092024,136.744720,145.197250,0.000000,0,6,5.644996e-03,-0.004474,0.010892,-0.014387,0.000709,0.010510,0.776608,0.912964,1.325931,1.224164,0.079038,0.366813
TEMPO_RADT_L1_V04_20260122T112706Z_S001G04,12.595327,33.797100,-108.058289,125,1,VNP46A3_A2025335,187,2.030485e-02,0.002410,0.042173,0.092024,136.744720,145.173264,0.000000,0,18,1.257499e-02,0.023831,0.010730,0.048046,0.000621,0.014533,0.729175,0.884174,1.265933,1.178566,0.078896,0.362549
TEMPO_RADT_L1_V04_20260122T115336Z_S001G05,12.595327,34.069618,-115.279716,125,1,VNP46A3_A2025335,187,2.030485e-02,0.002410,0.042173,0.092024,136.744720,145.289429,0.000000,0,2,1.009450e-02,0.024858,0.010537,0.088754,0.000461,0.023557,0.739328,0.909864,1.277860,1.282290,0.079886,0.397528
TEMPO_RADT_L1_V04_20260122T122006Z_S001G06,12.595327,34.462780,-123.260094,125,1,VNP46A3_A2025335,187,2.030485e-02,0.002410,0.042173,0.092024,136.744720,145.662170,0.000000,0,4,1.864779e-02,0.042514,0.014030,0.149555,0.000369,0.040702,0.764576,0.944505,1.350634,1.483287,0.082674,0.491275
TEMPO_RADT_L1_V04_20260122T234617Z_S014G01,12.595327,34.137955,-63.639679,126,1,VNP46A3_A2025335,172,3.477008e-02,-0.009031,0.040732,0.083346,129.766037,72.362679,0.000000,53,0,2.352243e-02,0.060679,0.013209,0.083014,-0.001390,0.007766,0.725699,0.880621,1.259812,1.377433,0.081669,0.400001
TEMPO_RADT_L1_V04_20260123T001259Z_S014G02,12.595327,33.829777,-71.148491,125,1,VNP46A3_A2025335,172,3.477008e-02,-0.009031,0.040732,0.083346,129.766037,71.343079,0.000000,0,2,2.294273e-02,0.058002,0.015682,0.097146,0.000524,0.012177,0.730704,0.866096,1.262049,1.203481,0.080599,0.352036
TEMPO_RADT_L1_V04_20260123T003929Z_S014G03,12.595327,33.634827,-78.079880,125,1,VNP46A3_A2025335,172,3.477008e-02,-0.009031,0.040732,0.083346,129.766037,70.812759,0.000000,0,22,-3.794013e-03,-0.044785,0.015531,-0.005262,0.000458,0.012655,0.822263,0.965971,1.394408,1.219229,0.078738,0.329259
TEMPO_RADT_L1_V04_20260123T010559Z_S014G04,12.595327,33.526466,-84.691261,125,1,VNP46A3_A2025335,172,3.477008e-02,-0.009031,0.040732,0.083346,129.766037,70.563423,0.000000,0,2,3.214404e-03,-0.027564,0.023943,-0.030061,0.000745,0.004822,0.816140,0.925956,1.382495,1.174869,0.078543,0.321701
TEMPO_RADT_L1_V04_20260123T013229Z_S014G05,12.595327,33.498779,-91.167213,125,1,VNP46A3_A2025335,172,3.477008e-02,-0.009031,0.040732,0.083346,129.766037,70.445755,0.000000,0,2,1.035185e-02,-0.015203,0.019421,-0.041769,0.000689,0.001176,0.781416,0.909809,1.338506,1.250800,0.079004,0.335635
TEMPO_RADT_L1_V04_20260123T015859Z_S014G06,12.595327,33.544743,-97.644951,125,1,VNP46A3_A2025335,172,3.477008e-02,-0.009031,0.040732,0.083346,129.766037,70.347206,0.000000,0,0,4.753063e-03,-0.000830,0.008992,-0.059990,-0.000415,-0.006250,0.797027,0.920643,1.364020,1.348946,0.082204,0.355484
TEMPO_RADT_L1_V04_20260123T100759Z_S001G01,12.595327,33.579231,-88.336128,126,1,VNP46A3_A2025335,177,9.097637e-03,0.005564,0.063096,0.192059,124.422623,144.290497,0.000000,5753,0,7.911120e-03,0.004637,0.026369,0.013930,-0.005131,0.019170,0.798225,0.955248,1.373829,1.342433,0.089170,0.397992
TEMPO_RADT_L1_V04_20260123T103441Z_S001G02,12.595327,33.585632,-94.766144,125,1,VNP46A3_A2025335,177,9.097637e-03,0.005564,0.063096,0.192059,124.422623,144.174011,0.000000,104,2,3.404415e-03,-0.001770,0.016368,-0.012322,0.001486,0.002808,0.773932,0.876510,1.334597,1.203321,0.083596,0.358137
TEMPO_RADT_L1_V04_20260123T110111Z_S001G03,12.595327,33.660698,-101.286995,125,1,VNP46A3_A2025335,177,9.097637e-03,0.005564,0.063096,0.192059,124.422623,144.021362,0.000000,0,0,6.621421e-03,-0.015236,0.015120,-0.016870,0.000624,0.000449,0.770499,0.886827,1.328348,1.163692,0.080603,0.329983
TEMPO_RADT_L1_V04_20260123T112741Z_S001G04,12.595327,33.815449,-108.036736,125,1,VNP46A3_A2025335,177,9.097637e-03,0.005564,0.063096,0.192059,124.422623,143.858185,0.000000,0,2,1.213818e-02,0.012280,0.010129,0.009223,-0.001575,-0.000363,0.727368,0.854459,1.256796,1.085812,0.080948,0.317361
TEMPO_RADT_L1_V04_20260123T115411Z_S001G05,12.595327,34.086716,-115.260132,125,1,VNP46A3_A2025335,177,9.097637e-03,0.005564,0.063096,0.192059,124.422623,143.706207,0.000000,0,5,1.061542e-02,0.003095,0.009425,0.014740,-0.000545,0.001081,0.730386,0.881846,1.260397,1.207910,0.084206,0.356316
TEMPO_RADT_L1_V04_20260123T122041Z_S001G06,12.595327,34.474350,-123.255066,125,1,VNP46A3_A2025335,177,9.097637e-03,0.005564,0.063096,0.192059,124.422623,143.599884,0.000000,0,0,1.907757e-02,0.025640,0.011589,0.046292,0.000357,0.005153,0.748636,0.880368,1.317257,1.361388,0.087670,0.435733
TEMPO_RADT_L1_V04_20260123T234613Z_S014G01,12.595327,34.147194,-63.625851,126,1,VNP46A3_A2025335,166,4.084650e-02,0.019949,0.045243,0.070442,117.331535,59.784824,0.000000,1484,0,2.534129e-02,0.067768,0.012410,0.042427,-0.003168,-0.003540,0.727874,0.894155,1.269006,1.630793,0.089538,0.426441
TEMPO_RADT_L1_V04_20260124T001255Z_S014G02,12.595327,33.842716,-71.126785,125,1,VNP46A3_A2025335,166,4.084650e-02,0.019949,0.045243,0.070442,117.331535,58.763348,0.000000,140,6,1.948472e-02,0.057145,0.011894,0.072051,-0.000154,0.006850,0.725444,0.868615,1.267042,1.298467,0.085155,0.360187
TEMPO_RADT_L1_V04_20260124T003925Z_S014G03,12.595327,33.651222,-78.049179,125,1,VNP46A3_A2025335,166,4.084650e-02,0.019949,0.045243,0.070442,117.331535,58.232872,0.000000,0,2,-1.922431e-03,-0.059044,0.017643,-0.034196,0.001060,0.007910,0.814686,0.973612,1.383407,1.242865,0.080764,0.327605
TEMPO_RADT_L1_V04_20260124T010555Z_S014G04,12.595327,33.540447,-84.670670,125,1,VNP46A3_A2025335,166,4.084650e-02,0.019949,0.045243,0.070442,117.331535,57.967403,0.000000,0,0,1.560894e-04,-0.055559,0.021416,-0.045884,-0.001224,0.005681,0.812405,0.945426,1.377578,1.250619,0.080775,0.331729
TEMPO_RADT_L1_V04_20260124T013225Z_S014G05,12.595327,33.512032,-91.149857,125,1,VNP46A3_A2025335,166,4.084650e-02,0.019949,0.045243,0.070442,117.331535,57.841335,0.000000,0,2,1.008437e-02,-0.009101,0.019466,-0.015028,0.000025,0.005253,0.784653,0.911873,1.343361,1.346072,0.087178,0.354117
TEMPO_RADT_L1_V04_20260124T015855Z_S014G06,12.595327,33.553017,-97.637688,125,1,VNP46A3_A2025335,166,4.084650e-02,0.019949,0.045243,0.070442,117.331535,57.729736,0.000000,0,0,7.015826e-03,0.016484,0.011646,-0.011172,0.002082,0.004068,0.792458,0.912985,1.356168,1.492219,0.091262,0.381165
TEMPO_RADT_L1_V04_20260124T100833Z_S001G01,12.595327,33.583519,-88.325569,126,1,VNP46A3_A2025335,173,-1.510965e-03,0.047736,0.052051,0.233324,111.893921,139.788818,0.000000,0,4,7.209536e-03,-0.016388,0.024697,-0.084855,0.001268,-0.006188,0.800857,0.909393,1.366529,1.324570,0.084296,0.397025
TEMPO_RADT_L1_V04_20260124T103515Z_S001G02,12.595327,33.587303,-94.753044,125,1,VNP46A3_A2025335,173,-1.510965e-03,0.047736,0.052051,0.233324,111.893921,139.670868,0.000000,0,52,5.709869e-03,-0.010449,0.019762,-0.049936,0.000792,0.000753,0.784183,0.889669,1.333000,1.224480,0.082598,0.376153
TEMPO_RADT_L1_V04_20260124T110145Z_S001G03,12.595327,33.655804,-101.284767,125,1,VNP46A3_A2025335,173,-1.510965e-03,0.047736,0.052051,0.233324,111.893921,139.491882,0.000000,0,0,6.387760e-03,-0.010100,0.013970,-0.005716,0.000001,0.006840,0.776619,0.914350,1.330047,1.221966,0.079297,0.352059
TEMPO_RADT_L1_V04_20260124T112815Z_S001G04,12.595327,33.809402,-108.034416,125,1,VNP46A3_A2025335,173,-1.510965e-03,0.047736,0.052051,0.233324,111.893921,139.232712,0.000000,0,20,1.077267e-02,0.018263,0.007170,0.036423,-0.000698,0.008638,0.727111,0.867285,1.256736,1.122734,0.078899,0.333874
TEMPO_RADT_L1_V04_20260124T115445Z_S001G05,12.595327,34.083054,-115.249725,125,1,VNP46A3_A2025335,173,-1.510965e-03,0.047736,0.052051,0.233324,111.893921,138.854538,0.000000,0,48,8.320034e-03,0.009931,0.005885,0.058429,-0.000982,0.014487,0.728759,0.888208,1.259023,1.267770,0.082862,0.392991
TEMPO_RADT_L1_V04_20260124T122115Z_S001G06,12.595327,34.475861,-123.220711,125,1,VNP46A3_A2025335,173,-1.510965e-03,0.047736,0.052051,0.233324,111.893921,138.326065,0.000000,0,4,1.702793e-02,0.030515,0.009794,0.100040,-0.001115,0.025608,0.743345,0.898174,1.327375,1.557390,0.088360,0.523301
TEMPO_RADT_L1_V04_20260124T234608Z_S013G01,12.595327,34.148018,-63.635490,126,1,VNP46A3_A2025335,167,3.841030e-03,0.025802,0.035567,0.151556,104.692215,46.973976,0.000000,0,5,2.262050e-02,0.046462,0.010337,0.086096,0.000247,0.014546,0.735242,0.894285,1.273240,1.508340,0.083973,0.409945
TEMPO_RADT_L1_V04_20260125T001250Z_S013G02,12.595327,33.842739,-71.136604,125,1,VNP46A3_A2025335,167,3.841030e-03,0.025802,0.035567,0.151556,104.692215,45.943817,0.000000,0,8,2.047144e-02,0.037104,0.011983,0.046641,0.000289,0.007043,0.737909,0.872985,1.284433,1.222918,0.079572,0.351838
TEMPO_RADT_L1_V04_20260125T003920Z_S013G03,12.595327,33.649666,-78.055893,125,1,VNP46A3_A2025335,167,3.841030e-03,0.025802,0.035567,0.151556,104.692215,45.406681,0.000000,0,18,-1.736761e-04,-0.024678,0.017869,-0.010910,0.000319,0.007586,0.814672,0.941966,1.388349,1.200170,0.078088,0.333963
TEMPO_RADT_L1_V04_20260125T010550Z_S013G04,12.595327,33.536770,-84.677505,125,1,VNP46A3_A2025335,167,3.841030e-03,0.025802,0.035567,0.151556,104.692215,45.132435,0.000000,0,2,1.131958e-03,-0.003881,0.019175,0.000767,0.000678,0.007788,0.833296,0.905166,1.403277,1.183444,0.078127,0.333783
TEMPO_RADT_L1_V04_20260125T013220Z_S013G05,12.595327,33.506351,-91.156212,125,1,VNP46A3_A2025335,167,3.841030e-03,0.025802,0.035567,0.151556,104.692215,45.000187,0.000000,0,11,6.296018e-03,-0.018337,0.018523,-0.035148,0.000400,0.005219,0.812035,0.908119,1.373891,1.271058,0.079445,0.345297
TEMPO_RADT_L1_V04_20260125T015850Z_S013G06,12.595327,33.550148,-97.635689,125,1,VNP46A3_A2025335,167,3.841030e-03,0.025802,0.035567,0.151556,104.692215,44.893158,0.000000,0,6,5.201751e-03,-0.013063,0.014098,-0.051537,0.000498,0.002453,0.827456,0.924493,1.404224,1.390517,0.082102,0.355418
TEMPO_RADT_L1_V04_20260125T100906Z_S001G01,12.595327,33.576733,-88.359062,126,1,VNP46A3_A2025335,180,-1.150236e-02,0.032880,0.042772,0.177927,99.160515,132.768921,0.000000,0,18,1.115481e-02,0.011489,0.031994,-0.007650,0.002343,0.006116,0.818555,0.919191,1.385356,1.400569,0.084064,0.416791
TEMPO_RADT_L1_V04_20260125T103548Z_S001G02,12.595327,33.580761,-94.785553,125,1,VNP46A3_A2025335,180,-1.150236e-02,0.032880,0.042772,0.177927,99.160515,132.656693,0.000000,0,140,2.782146e-03,-0.048326,0.017444,-0.065588,0.001326,0.005308,0.815955,0.966601,1.371915,1.293292,0.082857,0.378448
TEMPO_RADT_L1_V04_20260125T110218Z_S001G03,12.595327,33.655205,-101.299240,125,1,VNP46A3_A2025335,180,-1.150236e-02,0.032880,0.042772,0.177927,99.160515,132.459473,0.000000,0,0,2.940847e-03,-0.010498,0.006701,-0.004267,0.000507,0.005624,0.801776,0.933007,1.357532,1.216132,0.080324,0.344065
TEMPO_RADT_L1_V04_20260125T112848Z_S001G04,12.595327,33.803913,-108.055092,125,1,VNP46A3_A2025335,180,-1.150236e-02,0.032880,0.042772,0.177927,99.160515,132.143631,0.000000,0,8,1.506319e-02,0.020681,0.012466,0.021808,-0.001186,0.002703,0.734107,0.877219,1.264439,1.119133,0.078796,0.326378
TEMPO_RADT_L1_V04_20260125T115518Z_S001G05,12.595327,34.073708,-115.269424,125,1,VNP46A3_A2025335,180,-1.150236e-02,0.032880,0.042772,0.177927,99.160515,131.616104,0.000000,0,6,1.384284e-02,0.007598,0.010087,0.026718,-0.001768,0.005333,0.729172,0.907550,1.263064,1.283322,0.081891,0.376722
TEMPO_RADT_L1_V04_20260125T122148Z_S001G06,12.595327,34.460464,-123.244484,125,1,VNP46A3_A2025335,180,-1.150236e-02,0.032880,0.042772,0.177927,99.160515,130.795868,0.000000,0,0,2.185148e-02,0.046004,0.012766,0.081117,-0.000839,0.014237,0.725544,0.904438,1.275351,1.514785,0.089678,0.501489
TEMPO_RADT_L1_V04_20260125T234602Z_S014G01,12.595327,34.140537,-63.690655,126,1,VNP46A3_A2025335,157,-2.115636e-02,0.003266,0.046582,0.122937,91.848671,33.973694,0.000000,0,10,2.203186e-02,0.088086,0.002754,0.124990,0.000688,0.011008,0.747309,0.899997,1.307433,1.305791,0.081190,0.367879
TEMPO_RADT_L1_V04_20260126T001244Z_S014G02,12.595327,33.834888,-71.183617,125,1,VNP46A3_A2025335,157,-2.115636e-02,0.003266,0.046582,0.122937,91.848671,32.945015,0.000000,0,8,2.285536e-02,0.091790,0.008404,0.119313,0.000710,0.012112,0.744716,0.872615,1.296492,1.193340,0.079785,0.346866
TEMPO_RADT_L1_V04_20260126T003914Z_S014G03,12.595327,33.642609,-78.096138,125,1,VNP46A3_A2025335,157,-2.115636e-02,0.003266,0.046582,0.122937,91.848671,32.405041,0.000000,0,20,2.673920e-04,0.017159,0.018863,0.038448,0.000571,0.009506,0.845578,0.946562,1.427464,1.219554,0.078499,0.333262
TEMPO_RADT_L1_V04_20260126T010544Z_S014G04,12.595327,33.537136,-84.698975,125,1,VNP46A3_A2025335,157,-2.115636e-02,0.003266,0.046582,0.122937,91.848671,32.139313,0.000000,0,8,6.101141e-03,-0.105672,0.035861,-0.112558,0.000107,0.004541,0.874233,1.090644,1.466893,1.388558,0.078200,0.332135
TEMPO_RADT_L1_V04_20260126T013214Z_S014G05,12.595327,33.504623,-91.178802,125,1,VNP46A3_A2025335,157,-2.115636e-02,0.003266,0.046582,0.122937,91.848671,31.998871,0.000000,0,10,9.361899e-03,-0.066733,0.024593,-0.087992,0.000182,0.003807,0.864191,0.989048,1.472693,1.315380,0.079334,0.334255
TEMPO_RADT_L1_V04_20260126T015844Z_S014G06,12.595327,33.539921,-97.664680,125,1,VNP46A3_A2025335,157,-2.115636e-02,0.003266,0.046582,0.122937,91.848671,31.881886,0.000000,0,0,-2.596090e-03,-0.056811,0.002725,-0.099106,0.000121,0.004681,0.886466,1.059430,1.508262,1.495242,0.081430,0.353203
TEMPO_RADT_L1_V04_20260126T100939Z_S001G01,12.595327,33.578697,-88.355537,126,1,VNP46A3_A2025335,163,2.014090e-02,-0.010065,0.040219,0.068894,86.223518,124.107666,0.000000,0,0,6.136103e-03,-0.095407,0.032732,-0.177192,0.002045,-0.009414,0.837906,1.021672,1.407493,1.449508,0.085033,0.437178
TEMPO_RADT_L1_V04_20260126T103621Z_S001G02,12.595327,33.581734,-94.795166,125,1,VNP46A3_A2025335,163,2.014090e-02,-0.010065,0.040219,0.068894,86.223518,124.001465,0.000000,0,8,1.161013e-03,-0.100695,0.014652,-0.181248,-0.000008,-0.007663,0.823102,1.049256,1.386751,1.458474,0.080541,0.391632
TEMPO_RADT_L1_V04_20260126T110251Z_S001G03,12.595327,33.652840,-101.323318,125,1,VNP46A3_A2025335,163,2.014090e-02,-0.010065,0.040219,0.068894,86.223518,123.801674,0.000000,0,2,4.504695e-03,-0.013870,0.009920,-0.020581,0.000150,0.001603,0.796649,0.949622,1.357495,1.284275,0.078758,0.353421
TEMPO_RADT_L1_V04_20260126T112921Z_S001G04,12.595327,33.806046,-108.078964,125,1,VNP46A3_A2025335,163,2.014090e-02,-0.010065,0.040219,0.068894,86.223518,123.447136,0.000000,0,8,1.630753e-02,0.054112,0.009104,0.094519,0.000560,0.010682,0.736960,0.883438,1.266668,1.143934,0.078719,0.339061
TEMPO_RADT_L1_V04_20260126T115551Z_S001G05,12.595327,34.084522,-115.285667,125,1,VNP46A3_A2025335,163,2.014090e-02,-0.010065,0.040219,0.068894,86.223518,122.815865,0.000000,0,5,1.326615e-02,0.056690,0.009137,0.141133,-0.000181,0.023187,0.744275,0.900192,1.281732,1.307312,0.081188,0.417379
TEMPO_RADT_L1_V04_20260126T122221Z_S001G06,12.595327,34.476097,-123.265579,125,1,VNP46A3_A2025335,163,2.014090e-02,-0.010065,0.040219,0.068894,86.223518,121.786385,0.000000,0,0,2.298430e-02,0.081790,0.011814,0.179338,-0.000529,0.033791,0.743563,0.908817,1.320145,1.669926,0.089840,0.584053
TEMPO_RADT_L1_V04_20260126T234555Z_S014G01,12.595327,34.138836,-63.694084,126,1,VNP46A3_A2025335,148,1.253000e-03,-0.019851,0.033396,0.044805,78.805313,21.082830,0.000000,0,2,2.961950e-02,0.127017,0.009891,0.170108,0.000613,0.014508,0.767429,0.923117,1.366858,1.612505,0.084835,0.400925
TEMPO_RADT_L1_V04_20260127T001237Z_S014G02,12.595327,33.835510,-71.183960,125,1,VNP46A3_A2025335,148,1.253000e-03,-0.019851,0.033396,0.044805,78.805313,20.073368,0.000000,0,16,2.781107e-02,0.122310,0.011023,0.145825,0.000546,0.012093,0.829388,0.910180,1.474732,1.369421,0.080936,0.360849
TEMPO_RADT_L1_V04_20260127T003907Z_S014G03,12.595327,33.647354,-78.089355,125,1,VNP46A3_A2025335,148,1.253000e-03,-0.019851,0.033396,0.044805,78.805313,19.538914,0.000000,0,0,1.153478e-02,-0.105786,0.049005,-0.094627,0.000204,0.005873,0.991178,1.127823,1.737006,1.441986,0.078489,0.334699
TEMPO_RADT_L1_V04_20260127T010537Z_S014G04,12.595327,33.535679,-84.701675,125,1,VNP46A3_A2025335,148,1.253000e-03,-0.019851,0.033396,0.044805,78.805313,19.254034,0.000000,0,6,-3.604651e-03,-0.087576,0.024238,-0.086007,0.000313,0.004466,1.006685,1.057578,1.720304,1.400957,0.078366,0.334278
TEMPO_RADT_L1_V04_20260127T013207Z_S014G05,12.595327,33.499973,-91.185593,125,1,VNP46A3_A2025335,148,1.253000e-03,-0.019851,0.033396,0.044805,78.805313,19.102507,0.000000,0,6,6.598129e-03,-0.046972,0.022336,-0.067762,0.000190,0.001935,0.915011,1.018704,1.584034,1.496998,0.080802,0.349852
TEMPO_RADT_L1_V04_20260127T015837Z_S014G06,12.595327,33.538158,-97.669266,125,1,VNP46A3_A2025335,148,1.253000e-03,-0.019851,0.033396,0.044805,78.805313,18.992519,0.000000,0,0,1.850380e-04,-0.038271,0.004099,-0.097735,0.000221,-0.000141,0.969085,1.095722,1.691914,1.697360,0.083743,0.363445
TEMPO_RADT_L1_V04_20260127T101011Z_S001G01,12.595327,33.570011,-88.322037,126,1,VNP46A3_A2025335,168,1.246387e-02,0.010114,0.038876,0.095672,73.091698,114.462227,0.000000,0,0,2.987291e-03,-0.079036,0.030869,-0.133552,0.000306,-0.003495,0.839550,0.994630,1.413167,1.427412,0.081444,0.430791
TEMPO_RADT_L1_V04_20260127T103653Z_S001G02,12.595327,33.569611,-94.767097,125,1,VNP46A3_A2025335,168,1.246387e-02,0.010114,0.038876,0.095672,73.091698,114.365837,0.000000,0,0,1.423715e-03,-0.108818,0.016667,-0.158049,0.000209,-0.000625,0.805921,1.034736,1.365044,1.371139,0.079696,0.377349
TEMPO_RADT_L1_V04_20260127T110323Z_S001G03,12.595327,33.640949,-101.290192,125,1,VNP46A3_A2025335,168,1.246387e-02,0.010114,0.038876,0.095672,73.091698,114.172256,0.000000,0,0,8.197763e-03,0.014100,0.012602,0.026967,0.000528,0.006862,0.799783,0.918756,1.367764,1.216843,0.078490,0.345116
TEMPO_RADT_L1_V04_20260127T112953Z_S001G04,12.595327,33.793892,-108.043007,125,1,VNP46A3_A2025335,168,1.246387e-02,0.010114,0.038876,0.095672,73.091698,113.802048,0.000000,0,2,1.576961e-02,0.054909,0.011622,0.085739,0.000537,0.009086,0.738891,0.873026,1.268191,1.129175,0.078134,0.339428
TEMPO_RADT_L1_V04_20260127T115623Z_S001G05,12.595327,34.068314,-115.260010,125,1,VNP46A3_A2025335,168,1.246387e-02,0.010114,0.038876,0.095672,73.091698,113.107788,0.000000,0,0,1.531692e-02,0.037055,0.012854,0.084990,0.000299,0.011549,0.738587,0.899467,1.287955,1.295985,0.080466,0.396944
TEMPO_RADT_L1_V04_20260127T122253Z_S001G06,12.595327,34.459808,-123.235863,125,1,VNP46A3_A2025335,168,1.246387e-02,0.010114,0.038876,0.095672,73.091698,111.940254,0.000000,0,0,2.269374e-02,0.076070,0.015342,0.141791,0.000322,0.019059,0.763675,0.905316,1.389223,1.446087,0.082602,0.485748
TEMPO_RADT_L1_V04_20260128T014439Z_S012G01,12.595327,33.520115,-93.806763,91,1,VNP46A3_A2025335,86,-5.467616e-02,-0.016892,0.041215,0.087073,65.038284,8.085717,0.000000,0,0,1.341799e-02,0.005890,0.024018,0.007134,0.000121,0.001680,1.003913,0.969905,1.772373,1.207414,0.076746,0.307105
TEMPO_RADT_L1_V04_20260128T020356Z_S012G02,12.595327,33.564297,-98.536713,90,1,VNP46A3_A2025335,86,-5.467616e-02,-0.016892,0.041215,0.087073,65.038284,8.066553,0.000000,0,0,9.213990e-03,-0.002614,0.013413,-0.002676,0.000248,0.002213,0.985062,1.028861,1.754599,1.282650,0.076987,0.307452
TEMPO_RADT_L1_V04_20260128T101042Z_S001G01,12.595327,33.575108,-88.330872,126,1,VNP46A3_A2025335,171,-1.017659e-02,0.015818,0.025374,0.142013,59.789398,104.195282,0.000000,0,0,5.586260e-03,-0.080614,0.033686,-0.133876,0.000664,-0.005674,0.839486,0.998212,1.408938,1.365144,0.081752,0.387249
TEMPO_RADT_L1_V04_20260128T103724Z_S001G02,12.595327,33.576183,-94.776077,125,1,VNP46A3_A2025335,171,-1.017659e-02,0.015818,0.025374,0.142013,59.789398,104.108192,0.000000,0,6,4.936293e-03,-0.086121,0.024401,-0.114086,0.000599,0.000294,0.805454,0.992989,1.362467,1.279554,0.080655,0.355396
TEMPO_RADT_L1_V04_20260128T110354Z_S001G03,12.595327,33.645508,-101.301697,125,1,VNP46A3_A2025335,171,-1.017659e-02,0.015818,0.025374,0.142013,59.789398,103.923859,0.000000,0,2,9.456803e-03,0.004764,0.019496,0.008362,0.000171,0.003039,0.782222,0.915218,1.338098,1.171395,0.078045,0.327347
TEMPO_RADT_L1_V04_20260128T113024Z_S001G04,12.595327,33.795769,-108.068779,125,1,VNP46A3_A2025335,171,-1.017659e-02,0.015818,0.025374,0.142013,59.789398,103.541626,0.000000,0,8,1.681427e-02,0.050840,0.018469,0.061081,-0.000035,0.005291,0.731358,0.863797,1.269516,1.096280,0.078493,0.325758
TEMPO_RADT_L1_V04_20260128T115654Z_S001G05,12.595327,34.073925,-115.280304,125,1,VNP46A3_A2025335,171,-1.017659e-02,0.015818,0.025374,0.142013,59.789398,102.808990,0.000000,0,6,1.682464e-02,0.042153,0.019808,0.094093,-0.000032,0.012241,0.741619,0.885099,1.291772,1.213291,0.079667,0.365235
TEMPO_RADT_L1_V04_20260128T122324Z_S001G06,12.595327,34.467926,-123.254837,125,1,VNP46A3_A2025335,171,-1.017659e-02,0.015818,0.025374,0.142013,59.789398,101.542671,0.000000,0,2,1.035621e-02,0.068379,-0.016074,0.135133,0.000119,0.018983,0.857499,0.927477,1.619749,1.326120,0.081725,0.417122
TEMPO_RADT_L1_V04_20260128T234538Z_S014G01,12.595327,34.164780,-63.627899,126,1,VNP46A3_A2025335,166,4.053529e-03,0.008955,0.044878,0.068415,52.205269,10.891880,0.000000,597,6,4.059919e-02,0.103602,0.022606,0.109859,-0.001337,-0.000598,1.077607,1.001908,2.021372,1.446225,0.084516,0.356412
TEMPO_RADT_L1_V04_20260129T001220Z_S014G02,12.595327,33.862713,-71.123581,125,1,VNP46A3_A2025335,166,4.053529e-03,0.008955,0.044878,0.068415,52.205269,11.549816,0.000000,0,6,3.008734e-02,0.093921,0.015561,0.117186,0.000833,0.010031,1.132689,1.007287,2.142094,1.339917,0.079730,0.340028
TEMPO_RADT_L1_V04_20260129T003850Z_S014G03,12.595327,33.666279,-78.051231,125,1,VNP46A3_A2025335,166,4.053529e-03,0.008955,0.044878,0.068415,52.205269,11.882893,0.000000,0,4,-7.436256e-03,-0.091510,0.025501,-0.054466,0.000739,0.011638,1.207496,1.169108,2.170781,1.483193,0.079002,0.335581
TEMPO_RADT_L1_V04_20260129T010520Z_S014G04,12.595327,33.551342,-84.668869,125,1,VNP46A3_A2025335,166,4.053529e-03,0.008955,0.044878,0.068415,52.205269,12.029519,0.000000,0,0,6.459231e-03,-0.045851,0.053518,-0.041403,0.000650,0.008103,1.254762,1.082574,2.260271,1.386411,0.078890,0.331688
TEMPO_RADT_L1_V04_20260129T013150Z_S014G05,12.595327,33.524395,-91.139992,125,1,VNP46A3_A2025335,166,4.053529e-03,0.008955,0.044878,0.068415,52.205269,12.104898,0.000000,0,0,1.862757e-02,-0.031069,0.040140,-0.051179,0.000657,0.005312,1.112727,1.078991,1.992713,1.421069,0.079117,0.329989
TEMPO_RADT_L1_V04_20260129T015820Z_S014G06,12.595327,33.567810,-97.613617,125,1,VNP46A3_A2025335,166,4.053529e-03,0.008955,0.044878,0.068415,52.205269,12.212814,0.000000,0,2,1.918187e-02,-0.011278,0.027894,-0.043306,0.000838,0.005942,1.201906,1.081245,2.180583,1.471578,0.080994,0.340894
TEMPO_RADT_L1_V04_20260129T101113Z_S001G01,12.595327,37.417305,-88.187332,126,1,VNP46A3_A2025335,175,-1.666931e-02,0.060460,0.030589,0.163695,46.363914,91.444901,0.000000,0,0,7.230776e-03,-0.043620,0.043112,-0.079557,0.005199,0.004478,0.903106,0.993588,1.511697,1.385732,0.098215,0.374773
TEMPO_RADT_L1_V04_20260129T103755Z_S001G02,12.595327,37.427784,-94.996223,125,1,VNP46A3_A2025335,175,-1.666931e-02,0.060460,0.030589,0.163695,46.363914,91.136963,0.000000,0,7,3.961606e-03,-0.043845,0.025549,-0.070860,0.000009,0.003852,0.819010,0.938450,1.390275,1.273221,0.090255,0.363416
TEMPO_RADT_L1_V04_20260129T110425Z_S001G03,12.595327,37.531647,-101.899925,125,1,VNP46A3_A2025335,175,-1.666931e-02,0.060460,0.030589,0.163695,46.363914,90.709915,0.000000,0,7,1.646077e-02,0.017489,0.031335,0.020361,-0.001339,0.008493,0.782568,0.884564,1.355210,1.160091,0.084545,0.340688
TEMPO_RADT_L1_V04_20260129T113055Z_S001G04,12.595327,37.741993,-109.092155,125,1,VNP46A3_A2025335,175,-1.666931e-02,0.060460,0.030589,0.163695,46.363914,90.035408,0.000000,0,11,1.678617e-02,0.037467,0.021482,0.063589,0.000049,0.012815,0.774292,0.884275,1.382399,1.164239,0.085002,0.340691
TEMPO_RADT_L1_V04_20260129T115725Z_S001G05,12.595327,38.083614,-116.849388,125,1,VNP46A3_A2025335,175,-1.666931e-02,0.060460,0.030589,0.163695,46.363914,88.921379,0.000000,5582,0,2.243324e-02,0.016829,0.014520,-0.021448,-0.007774,-0.003071,0.809286,0.958744,1.483028,1.348120,0.085097,0.397006
TEMPO_RADT_L1_V04_20260129T122355Z_S001G06,12.595327,38.616821,-125.632896,125,1,VNP46A3_A2025335,175,-1.666931e-02,0.060460,0.030589,0.163695,46.363914,87.032471,0.000000,0,7,1.097262e-02,0.047463,-0.012600,0.145870,-0.001906,0.027693,0.934358,0.950923,1.813772,1.377261,0.096818,0.408177
TEMPO_RADT_L1_V04_20260129T234528Z_S014G01,12.595327,38.165802,-61.770767,126,1,VNP46A3_A2025335,159,-3.444352e-03,0.031111,0.029643,0.078629,38.748020,22.504095,0.000000,5454,0,3.424316e-02,0.113995,0.022455,0.076297,-0.008902,-0.005552,1.258643,1.125685,2.456622,1.666828,0.089061,0.443109
TEMPO_RADT_L1_V04_20260130T001210Z_S014G02,12.595327,37.783875,-69.882507,125,1,VNP46A3_A2025335,159,-3.444352e-03,0.031111,0.029643,0.078629,38.748020,23.737646,0.000000,1207,0,2.022193e-02,0.083939,0.004113,0.136248,-0.006447,0.019586,1.281628,1.107552,2.473609,1.558816,0.094452,0.402955
TEMPO_RADT_L1_V04_20260130T003840Z_S014G03,12.595327,37.540760,-77.286705,125,1,VNP46A3_A2025335,159,-3.444352e-03,0.031111,0.029643,0.078629,38.748020,24.501493,0.000000,266,7,1.219097e-02,-0.105594,0.068765,-0.081634,0.002503,0.009144,1.315359,1.237490,2.417944,1.608103,0.082260,0.353138
TEMPO_RADT_L1_V04_20260130T010510Z_S014G04,12.595327,37.400543,-84.314690,125,1,VNP46A3_A2025335,159,-3.444352e-03,0.031111,0.029643,0.078629,38.748020,25.010180,0.000000,0,0,4.937378e-03,-0.042535,0.049857,-0.032663,0.003360,0.008860,1.307507,1.107320,2.336894,1.426212,0.081082,0.347186
TEMPO_RADT_L1_V04_20260130T013140Z_S014G05,12.595327,37.365303,-91.166069,125,1,VNP46A3_A2025335,159,-3.444352e-03,0.031111,0.029643,0.078629,38.748020,25.409737,0.000000,0,0,5.370406e-03,-0.014069,0.028840,-0.021397,0.003357,0.009381,1.306267,1.113358,2.377983,1.519603,0.084475,0.366924
TEMPO_RADT_L1_V04_20260130T015810Z_S014G06,12.595327,37.421738,-98.020454,125,1,VNP46A3_A2025335,159,-3.444352e-03,0.031111,0.029643,0.078629,38.748020,25.833967,0.000000,0,0,6.560090e-03,0.010110,0.018536,-0.013953,0.003799,0.007973,1.279985,1.108830,2.354021,1.680229,0.090262,0.402738
TEMPO_RADT_L1_V04_20260130T101143Z_S001G01,12.595327,29.979301,-88.458260,126,1,VNP46A3_A2025335,174,-7.529949e-03,0.017379,0.030654,0.117689,32.891068,84.765556,0.000000,0,0,9.772728e-04,-0.052626,0.022748,-0.121931,0.001105,0.003413,0.875791,0.994908,1.477866,1.348676,0.080992,0.409293
TEMPO_RADT_L1_V04_20260130T103825Z_S001G02,12.595327,29.976480,-94.617203,125,1,VNP46A3_A2025335,174,-7.529949e-03,0.017379,0.030654,0.117689,32.891068,84.923126,0.000000,0,2,3.448223e-03,-0.032258,0.017133,-0.065431,0.000938,0.008621,0.818329,0.948051,1.394414,1.266256,0.079544,0.383139
TEMPO_RADT_L1_V04_20260130T110455Z_S001G03,12.595327,30.033730,-100.838997,125,1,VNP46A3_A2025335,174,-7.529949e-03,0.017379,0.030654,0.117689,32.891068,85.001328,0.000000,0,13,1.404387e-02,0.004274,0.023671,-0.004970,0.000798,0.010386,0.804448,0.934492,1.386741,1.227134,0.079162,0.364248
TEMPO_RADT_L1_V04_20260130T113125Z_S001G04,12.595327,30.155355,-107.266335,125,1,VNP46A3_A2025335,174,-7.529949e-03,0.017379,0.030654,0.117689,32.891068,84.892792,0.000000,0,16,1.438463e-02,0.041255,0.007656,0.060632,0.000460,0.014268,0.750660,0.895950,1.318995,1.192475,0.079064,0.364709
TEMPO_RADT_L1_V04_20260130T115755Z_S001G05,12.595327,30.364889,-114.078232,125,1,VNP46A3_A2025335,174,-7.529949e-03,0.017379,0.030654,0.117689,32.891068,84.450676,0.000000,0,16,1.246515e-02,0.019330,0.006811,0.078303,0.000187,0.021663,0.761713,0.944587,1.335508,1.308961,0.079997,0.403164
TEMPO_RADT_L1_V04_20260130T122425Z_S001G06,12.595327,30.665096,-121.508209,125,1,VNP46A3_A2025335,174,-7.529949e-03,0.017379,0.030654,0.117689,32.891068,83.496468,0.000000,0,12,1.547246e-02,0.055230,0.001987,0.138500,0.000195,0.029088,0.779161,0.948665,1.408128,1.375573,0.081562,0.469992
TEMPO_RADT_L1_V04_20260130T234517Z_S014G01,12.595327,30.444683,-65.010353,126,1,VNP46A3_A2025335,154,-4.576163e-03,-0.008919,0.023877,0.111644,25.300905,37.793907,0.000000,0,2,5.049987e-02,0.087046,0.038165,0.137999,0.000537,0.018554,1.425070,1.199858,2.736806,1.707114,0.082876,0.423467
TEMPO_RADT_L1_V04_20260131T001159Z_S014G02,12.595327,30.200785,-72.055923,125,1,VNP46A3_A2025335,154,-4.576163e-03,-0.008919,0.023877,0.111644,25.300905,38.433273,0.000000,0,8,3.791797e-02,0.073246,0.023038,0.106205,0.000758,0.016078,1.390000,1.150670,2.670894,1.557043,0.080994,0.393473
TEMPO_RADT_L1_V04_20260131T003829Z_S014G03,12.595327,30.039541,-78.634155,125,1,VNP46A3_A2025335,154,-4.576163e-03,-0.008919,0.023877,0.111644,25.300905,38.662174,0.000000,0,9,3.366007e-02,-0.072648,0.034282,-0.047917,0.000758,0.014265,1.750461,1.381277,3.194031,1.790291,0.080340,0.373520
TEMPO_RADT_L1_V04_20260131T010459Z_S014G04,12.595327,29.943794,-84.950226,125,1,VNP46A3_A2025335,154,-4.576163e-03,-0.008919,0.023877,0.111644,25.300905,38.655727,0.000000,0,4,3.135399e-02,-0.037712,0.067578,-0.041596,0.000417,0.011058,1.619451,1.241340,2.973950,1.599733,0.079973,0.361838
TEMPO_RADT_L1_V04_20260131T013129Z_S014G05,12.595327,29.914652,-91.138870,125,1,VNP46A3_A2025335,154,-4.576163e-03,-0.008919,0.023877,0.111644,25.300905,38.530880,0.000000,0,6,1.276343e-02,-0.008349,0.017652,-0.042603,0.000758,0.008171,1.605320,1.262849,2.941662,1.671116,0.080472,0.370459
TEMPO_RADT_L1_V04_20260131T015759Z_S014G06,12.595327,29.944891,-97.330444,125,1,VNP46A3_A2025335,154,-4.576163e-03,-0.008919,0.023877,0.111644,25.300905,38.402504,0.000000,0,0,5.280949e-03,-0.001930,-0.002992,-0.050501,0.001017,0.006116,1.578271,1.265653,2.910114,1.740796,0.081745,0.387753
TEMPO_RADT_L1_V04_20260131T101213Z_S001G01,12.595327,37.432110,-88.187309,126,1,VNP46A3_A2025335,177,-3.212098e-03,0.017354,0.031901,0.162278,19.483187,71.840027,0.000000,0,0,-2.193356e-03,-0.057526,0.031479,-0.130617,0.000973,0.000030,1.058710,1.020690,1.894587,1.452483,0.081836,0.407147
TEMPO_RADT_L1_V04_20260131T103855Z_S001G02,12.595327,37.440834,-94.995644,125,1,VNP46A3_A2025335,177,-3.212098e-03,0.017354,0.031901,0.162278,19.483187,71.529327,0.000000,0,0,2.403749e-03,-0.045277,0.016293,-0.086432,0.000898,0.006664,0.919143,0.972090,1.632993,1.300969,0.079787,0.381155
TEMPO_RADT_L1_V04_20260131T110525Z_S001G03,12.595327,37.545055,-101.902214,125,1,VNP46A3_A2025335,177,-3.212098e-03,0.017354,0.031901,0.162278,19.483187,71.112137,0.000000,0,4,1.389546e-02,0.025517,0.011836,0.014284,0.000783,0.009109,0.906194,0.928335,1.621287,1.223969,0.078896,0.361321
TEMPO_RADT_L1_V04_20260131T113155Z_S001G04,12.595327,37.750340,-109.105408,125,1,VNP46A3_A2025335,177,-3.212098e-03,0.017354,0.031901,0.162278,19.483187,70.440453,0.000000,0,17,1.598758e-02,0.039476,0.012345,0.063128,0.000921,0.013824,0.973025,0.969214,1.812758,1.275127,0.079902,0.364335
TEMPO_RADT_L1_V04_20260131T115825Z_S001G05,12.595327,38.090889,-116.871231,125,1,VNP46A3_A2025335,177,-3.212098e-03,0.017354,0.031901,0.162278,19.483187,69.304901,0.000000,0,22,3.757230e-03,0.020984,-0.011245,0.084219,0.000505,0.020741,0.984232,1.027551,1.857859,1.424619,0.081184,0.398935
TEMPO_RADT_L1_V04_20260131T122455Z_S001G06,12.595327,38.620617,-125.674507,125,1,VNP46A3_A2025335,177,-3.212098e-03,0.017354,0.031901,0.162278,19.483187,67.336365,0.000000,0,0,2.935378e-02,0.054730,0.022277,0.153961,0.000519,0.032332,1.101893,1.036017,2.135448,1.559433,0.082526,0.470490
TEMPO_RADT_L1_V04_20260131T234505Z_S013G01,12.595327,38.148373,-61.765171,126,1,VNP46A3_A2025335,157,1.775527e-03,0.047031,0.018406,0.079929,12.023824,48.496689,0.000000,0,36,2.469821e-02,0.085293,-0.023388,0.132907,0.000066,0.021237,1.561901,1.213329,3.020925,1.670405,0.083571,0.458297
TEMPO_RADT_L1_V04_20260201T001147Z_S013G02,12.595327,37.772991,-69.865829,125,1,VNP46A3_A2025335,157,1.775527e-03,0.047031,0.018406,0.079929,12.023824,49.907349,0.000000,30,8,2.073261e-02,0.074786,-0.017255,0.111135,0.000570,0.016888,1.720397,1.295378,3.328341,1.694748,0.083095,0.394104
TEMPO_RADT_L1_V04_20260201T003817Z_S013G03,12.595327,37.534233,-77.265732,125,1,VNP46A3_A2025335,157,1.775527e-03,0.047031,0.018406,0.079929,12.023824,50.772404,0.000000,0,57,-1.764825e-02,-0.059348,-0.014164,-0.039270,0.000445,0.010818,1.580866,1.326893,2.908774,1.702977,0.081171,0.370559
TEMPO_RADT_L1_V04_20260201T010447Z_S013G04,12.595327,37.397438,-84.294556,125,1,VNP46A3_A2025335,157,1.775527e-03,0.047031,0.018406,0.079929,12.023824,51.342876,0.000000,0,0,-2.340729e-02,-0.050898,-0.062438,-0.053788,0.001287,0.008974,1.812213,1.327605,3.230253,1.671904,0.080700,0.362707
TEMPO_RADT_L1_V04_20260201T013117Z_S013G05,12.595327,37.364475,-91.151009,125,1,VNP46A3_A2025335,157,1.775527e-03,0.047031,0.018406,0.079929,12.023824,51.774509,0.000000,0,0,1.668947e-02,-0.028049,0.033851,-0.058019,0.001396,0.008234,1.390723,1.153950,2.568812,1.498101,0.080761,0.372984
TEMPO_RADT_L1_V04_20260201T015747Z_S013G06,12.595327,37.428360,-98.003036,125,1,VNP46A3_A2025335,157,1.775527e-03,0.047031,0.018406,0.079929,12.023824,52.200813,0.000000,0,0,3.989549e-02,0.011442,0.046977,-0.025897,0.001792,0.006414,1.318798,1.077467,2.440333,1.554728,0.083506,0.396222
TEMPO_RADT_L1_V04_20260201T101242Z_S001G01,12.595327,29.987906,-88.470169,126,1,VNP46A3_A2025335,174,-5.159880e-03,0.005791,0.057056,0.151478,6.439617,63.977760,0.000000,0,0,-6.553705e-04,-0.062114,0.020982,-0.149022,0.001239,0.000900,1.518054,1.181790,2.787753,1.660098,0.083841,0.445349
TEMPO_RADT_L1_V04_20260201T103924Z_S001G02,12.595327,29.983576,-94.630989,125,1,VNP46A3_A2025335,174,-5.159880e-03,0.005791,0.057056,0.151478,6.439617,64.201553,0.000000,0,6,5.172254e-03,-0.022150,0.030666,-0.066600,0.001285,0.009969,1.197592,1.069438,2.192096,1.479841,0.081265,0.415361
TEMPO_RADT_L1_V04_20260201T110554Z_S001G03,12.595327,30.032606,-100.875969,125,1,VNP46A3_A2025335,174,-5.159880e-03,0.005791,0.057056,0.151478,6.439617,64.340530,0.000000,0,92,2.445771e-02,0.006000,0.047378,-0.007224,0.000802,0.010361,1.139852,1.075848,2.100324,1.421054,0.080127,0.384482
TEMPO_RADT_L1_V04_20260201T113224Z_S001G04,12.595327,30.150427,-107.306686,125,1,VNP46A3_A2025335,174,-5.159880e-03,0.005791,0.057056,0.151478,6.439617,64.308510,0.000000,0,14,3.600450e-02,0.044078,0.050093,0.071198,0.000486,0.014420,1.045518,1.007830,1.938302,1.342262,0.080009,0.379737
TEMPO_RADT_L1_V04_20260201T115854Z_S001G05,12.595327,30.359406,-114.120796,125,1,VNP46A3_A2025335,174,-5.159880e-03,0.005791,0.057056,0.151478,6.439617,63.933243,0.000000,0,28,2.313418e-02,0.027675,0.030108,0.091821,0.000342,0.021961,1.217131,1.093186,2.305291,1.568891,0.082538,0.437423
TEMPO_RADT_L1_V04_20260201T122524Z_S001G06,12.595327,30.658409,-121.552818,125,1,VNP46A3_A2025335,174,-5.159880e-03,0.005791,0.057056,0.151478,6.439617,63.016891,0.000000,0,4,5.923028e-02,0.062283,0.090579,0.163618,0.000497,0.038470,1.418868,1.181404,2.782154,1.760956,0.085173,0.537299
TEMPO_RADT_L1_V04_20260201T234452Z_S014G01,12.595327,30.447481,-65.014534,126,1,VNP46A3_A2025335,154,2.906389e-04,0.007546,0.020858,0.087059,2.672560,65.087059,0.000000,0,21,2.888398e-02,0.101407,0.005762,0.149499,0.000246,0.013565,1.637157,1.253851,3.155832,1.592312,0.080350,0.391154
TEMPO_RADT_L1_V04_20260202T001134Z_S014G02,12.595327,30.203270,-72.054176,125,1,VNP46A3_A2025335,154,2.906389e-04,0.007546,0.020858,0.087059,2.672560,65.722397,0.000000,0,4,2.339616e-02,0.091856,-0.002589,0.120692,0.000159,0.012156,1.380782,1.145970,2.671667,1.443840,0.078989,0.362634
TEMPO_RADT_L1_V04_20260202T003804Z_S014G03,12.595327,30.039169,-78.643517,125,1,VNP46A3_A2025335,154,2.906389e-04,0.007546,0.020858,0.087059,2.672560,65.955986,0.000000,0,2,3.220307e-03,-0.129094,0.024041,-0.107094,-0.000135,0.006812,1.574400,1.364773,2.888403,1.733069,0.079238,0.343984
TEMPO_RADT_L1_V04_20260202T010434Z_S014G04,12.595327,29.945288,-84.957443,125,1,VNP46A3_A2025335,154,2.906389e-04,0.007546,0.020858,0.087059,2.672560,65.945320,0.000000,0,0,-6.849303e-03,-0.060038,0.027683,-0.060981,0.000577,0.005285,1.535689,1.234859,2.812630,1.538147,0.078578,0.330801
TEMPO_RADT_L1_V04_20260202T013104Z_S014G05,12.595327,29.913158,-91.153870,125,1,VNP46A3_A2025335,154,2.906389e-04,0.007546,0.020858,0.087059,2.672560,65.824219,0.000000,0,2,9.841981e-03,0.022591,0.016598,-0.014071,0.000564,0.001026,1.048314,1.000089,1.882282,1.262456,0.078176,0.334168
TEMPO_RADT_L1_V04_20260202T015734Z_S014G06,12.595327,29.943214,-97.346992,125,1,VNP46A3_A2025335,154,2.906389e-04,0.007546,0.020858,0.087059,2.672560,65.691811,0.000000,0,8,1.236405e-02,0.004713,0.013436,-0.036859,0.000537,0.000768,1.142601,1.078352,2.096331,1.420205,0.078354,0.385882
TEMPO_RADT_L1_V04_20260202T101310Z_S001G01,12.595327,37.436634,-88.204010,126,1,VNP46A3_A2025335,174,-3.382822e-03,0.038904,0.038230,0.209871,7.428527,55.638962,0.000000,0,0,7.785543e-03,-0.009680,0.044884,-0.052502,0.001056,-0.001715,1.544102,1.070953,2.802135,1.498005,0.082662,0.365692
TEMPO_RADT_L1_V04_20260202T103952Z_S001G02,12.595327,37.441574,-95.030098,125,1,VNP46A3_A2025335,174,-3.382822e-03,0.038904,0.038230,0.209871,7.428527,55.359898,0.000000,0,2,9.781274e-03,-0.039189,0.042693,-0.058968,0.000816,0.002368,1.353593,1.109225,2.499244,1.422696,0.079934,0.337790
TEMPO_RADT_L1_V04_20260202T110622Z_S001G03,12.595327,37.537838,-101.954483,125,1,VNP46A3_A2025335,174,-3.382822e-03,0.038904,0.038230,0.209871,7.428527,55.011444,0.000000,0,2,2.507566e-02,0.023840,0.046205,0.022913,0.000452,0.005441,1.399414,1.152244,2.607360,1.459734,0.079270,0.326466
TEMPO_RADT_L1_V04_20260202T113252Z_S001G04,12.595327,37.739922,-109.164474,125,1,VNP46A3_A2025335,174,-3.382822e-03,0.038904,0.038230,0.209871,7.428527,54.453709,0.000000,0,16,3.298572e-02,0.032899,0.049236,0.049980,0.000128,0.006909,1.357829,1.158249,2.581190,1.478076,0.080111,0.327813
TEMPO_RADT_L1_V04_20260202T115922Z_S001G05,12.595327,38.079350,-116.938988,125,1,VNP46A3_A2025335,174,-3.382822e-03,0.038904,0.038230,0.209871,7.428527,53.480301,0.000000,0,15,3.898210e-02,0.012539,0.064198,0.044425,-0.000217,0.009032,1.428428,1.144937,2.742633,1.515930,0.080981,0.345094
TEMPO_RADT_L1_V04_20260202T122552Z_S001G06,12.595327,38.609325,-125.746796,125,1,VNP46A3_A2025335,174,-3.382822e-03,0.038904,0.038230,0.209871,7.428527,51.759537,0.000000,0,2,6.796835e-02,0.042675,0.101408,0.104718,-0.000113,0.016911,1.247597,1.119904,2.416164,1.496671,0.080222,0.389015
TEMPO_RADT_L1_V04_20260202T234438Z_S014G01,12.595327,38.144600,-61.794247,126,1,VNP46A3_A2025335,171,-5.653044e-04,0.025794,0.027341,0.075812,14.489235,74.831802,0.000000,0,0,2.342710e-02,0.072674,0.000685,0.087793,-0.000966,0.006725,0.908317,0.951079,1.736861,1.366390,0.083480,0.455633
TEMPO_RADT_L1_V04_20260203T001120Z_S014G02,12.595327,37.764412,-69.895859,125,1,VNP46A3_A2025335,171,-5.653044e-04,0.025794,0.027341,0.075812,14.489235,76.261444,0.000000,630,8,2.042275e-02,0.060469,0.006894,0.064871,-0.001657,0.003707,0.858641,0.938175,1.620910,1.293059,0.084672,0.386307
TEMPO_RADT_L1_V04_20260203T003750Z_S014G03,12.595327,37.520649,-77.300011,125,1,VNP46A3_A2025335,171,-5.653044e-04,0.025794,0.027341,0.075812,14.489235,77.137566,0.000000,3,0,-1.947086e-03,-0.119007,0.026097,-0.100369,0.000807,0.002216,0.908978,1.087985,1.577680,1.434976,0.081987,0.341132
TEMPO_RADT_L1_V04_20260203T010420Z_S014G04,12.595327,37.387329,-84.316330,125,1,VNP46A3_A2025335,171,-5.653044e-04,0.025794,0.027341,0.075812,14.489235,77.697617,0.000000,0,2,-6.938694e-03,-0.010854,0.007350,-0.003386,0.001091,0.007330,0.880084,0.935317,1.509365,1.194508,0.079185,0.334359
TEMPO_RADT_L1_V04_20260203T013050Z_S014G05,12.595327,37.346565,-91.175064,125,1,VNP46A3_A2025335,171,-5.653044e-04,0.025794,0.027341,0.075812,14.489235,78.123367,0.000000,0,0,3.210163e-03,0.000083,0.013539,-0.007757,0.000857,0.007434,0.859942,0.913814,1.490184,1.263556,0.081095,0.370798
TEMPO_RADT_L1_V04_20260203T015720Z_S014G06,12.595327,37.400200,-98.038345,125,1,VNP46A3_A2025335,171,-5.653044e-04,0.025794,0.027341,0.075812,14.489235,78.542168,0.000000,0,0,1.026034e-02,0.014027,0.010930,-0.007330,0.000763,0.003175,0.839266,0.927683,1.464119,1.522354,0.087568,0.428396
TEMPO_RADT_L1_V04_20260203T101337Z_S001G01,12.595327,29.980989,-88.429451,126,1,VNP46A3_A2025335,181,2.265109e-03,0.023649,0.042341,0.149395,19.977665,47.580833,0.000000,0,4,2.763941e-02,-0.007054,0.088519,-0.059841,0.000078,-0.002729,1.481818,1.115795,2.702286,1.430623,0.079170,0.352334
TEMPO_RADT_L1_V04_20260203T104019Z_S001G02,12.595327,29.979778,-94.589523,125,1,VNP46A3_A2025335,181,2.265109e-03,0.023649,0.042341,0.149395,19.977665,47.855614,0.000000,0,8,3.316659e-02,-0.001961,0.079489,-0.026121,0.000210,0.002501,1.218229,1.086301,2.226695,1.383521,0.078647,0.333048
TEMPO_RADT_L1_V04_20260203T110649Z_S001G03,12.595327,30.032265,-100.829430,125,1,VNP46A3_A2025335,181,2.265109e-03,0.023649,0.042341,0.149395,19.977665,48.080250,0.000000,0,34,5.854359e-02,-0.012619,0.106081,-0.024147,0.000142,0.004305,1.073400,1.035732,1.936374,1.302259,0.078256,0.323727
TEMPO_RADT_L1_V04_20260203T113319Z_S001G04,12.595327,30.153845,-107.258194,125,1,VNP46A3_A2025335,181,2.265109e-03,0.023649,0.042341,0.149395,19.977665,48.159996,0.000000,0,28,3.751674e-02,0.025346,0.056861,0.035635,0.000475,0.008398,0.891945,0.942705,1.625096,1.209246,0.078215,0.329535
TEMPO_RADT_L1_V04_20260203T115949Z_S001G05,12.595327,30.365368,-114.067841,125,1,VNP46A3_A2025335,181,2.265109e-03,0.023649,0.042341,0.149395,19.977665,47.944397,0.000000,0,14,3.007068e-02,0.009896,0.048171,0.051160,0.000497,0.012883,0.950455,0.985844,1.755220,1.272607,0.079046,0.341085
TEMPO_RADT_L1_V04_20260203T122619Z_S001G06,12.595327,30.664557,-121.498787,125,1,VNP46A3_A2025335,181,2.265109e-03,0.023649,0.042341,0.149395,19.977665,47.239952,0.000000,0,41,3.995673e-02,0.043548,0.052337,0.105915,0.000454,0.016333,1.149002,1.005242,2.185953,1.316776,0.080014,0.357177
TEMPO_RADT_L1_V04_20260204T013840Z_S012G01,12.595327,29.904953,-92.587906,106,1,VNP46A3_A2025335,82,-2.345569e-02,0.011777,0.040271,0.096449,27.464865,91.789619,0.000000,0,42,9.242684e-03,0.017825,0.012152,0.017721,0.000118,0.001616,0.775670,0.873024,1.324487,1.106454,0.076752,0.314118
TEMPO_RADT_L1_V04_20260204T020108Z_S012G02,12.595327,29.932720,-97.789406,105,1,VNP46A3_A2025335,82,-2.345569e-02,0.011777,0.040271,0.096449,27.464865,91.666267,0.000000,0,3,9.367053e-03,-0.006462,0.015918,-0.005049,0.000259,0.004275,0.777083,0.887742,1.327256,1.123744,0.076856,0.310762
TEMPO_RADT_L1_V04_20260204T101403Z_S001G01,12.595327,37.428185,-88.173805,126,1,VNP46A3_A2025335,170,-9.980991e-03,-0.005414,0.034848,0.192620,32.338970,46.872612,0.000000,0,6,1.086924e-02,-0.015991,0.041106,-0.057376,0.000990,-0.003303,1.267345,1.050768,2.357215,1.430711,0.080674,0.345674
TEMPO_RADT_L1_V04_20260204T104045Z_S001G02,12.595327,37.435505,-94.983452,125,1,VNP46A3_A2025335,170,-9.980991e-03,-0.005414,0.034848,0.192620,32.338970,46.726025,0.000000,0,5,2.134873e-02,-0.016366,0.047612,-0.037856,0.001334,0.001105,1.148097,1.020567,2.100597,1.322065,0.078681,0.327287
TEMPO_RADT_L1_V04_20260204T110715Z_S001G03,12.595327,37.531639,-101.896408,125,1,VNP46A3_A2025335,170,-9.980991e-03,-0.005414,0.034848,0.192620,32.338970,46.569851,0.000000,0,5,2.307538e-02,0.005060,0.037226,0.001285,0.001489,0.003522,0.945593,0.935712,1.698657,1.180359,0.077883,0.317383
TEMPO_RADT_L1_V04_20260204T113345Z_S001G04,12.595327,37.742619,-109.084297,125,1,VNP46A3_A2025335,170,-9.980991e-03,-0.005414,0.034848,0.192620,32.338970,46.322170,0.000000,796,4,1.549237e-02,0.025715,0.016521,0.030892,-0.001461,0.003552,0.848802,0.911345,1.529026,1.164891,0.080878,0.322144
TEMPO_RADT_L1_V04_20260204T120015Z_S001G05,12.595327,38.078472,-116.848282,125,1,VNP46A3_A2025335,170,-9.980991e-03,-0.005414,0.034848,0.192620,32.338970,45.823978,0.000000,635,11,6.880981e-03,0.004152,0.005461,0.036394,-0.002998,0.007050,0.956179,0.969371,1.769721,1.304623,0.081064,0.341590
TEMPO_RADT_L1_V04_20260204T122645Z_S001G06,12.595327,38.602730,-125.641251,125,1,VNP46A3_A2025335,170,-9.980991e-03,-0.005414,0.034848,0.192620,32.338970,44.908005,0.000000,0,14,2.319478e-02,0.034525,0.023310,0.093246,0.001426,0.014647,1.030447,0.946770,1.969445,1.295114,0.079838,0.366514
TEMPO_RADT_L1_V04_20260204T234408Z_S014G01,12.595327,38.157291,-61.729225,126,1,VNP46A3_A2025335,160,9.666231e-03,0.009295,0.026898,0.102530,39.136833,99.757782,0.000000,5551,7,3.341343e-02,0.075760,0.009226,-0.037765,-0.004601,-0.028862,0.757818,0.909861,1.367912,1.232560,0.088908,0.350397
TEMPO_RADT_L1_V04_20260205T001050Z_S014G02,12.595327,37.768829,-69.849472,125,1,VNP46A3_A2025335,160,9.666231e-03,0.009295,0.026898,0.102530,39.136833,101.195335,0.000000,2553,2,1.549183e-02,0.073278,0.004630,0.041740,-0.001437,-0.008276,0.738409,0.863233,1.301322,1.145775,0.090124,0.331694
TEMPO_RADT_L1_V04_20260205T003720Z_S014G03,12.595327,37.518532,-77.263496,125,1,VNP46A3_A2025335,160,9.666231e-03,0.009295,0.026898,0.102530,39.136833,102.070877,0.000000,0,4,4.810572e-03,-0.080338,0.032657,-0.042221,0.000232,0.008277,0.802460,0.999648,1.364796,1.291815,0.079311,0.317702
TEMPO_RADT_L1_V04_20260205T010350Z_S014G04,12.595327,37.379967,-84.288948,125,1,VNP46A3_A2025335,160,9.666231e-03,0.009295,0.026898,0.102530,39.136833,102.627167,0.000000,0,0,1.578845e-04,-0.054465,0.023248,-0.021571,0.000569,0.008944,0.811280,0.939526,1.367919,1.215537,0.079189,0.310565
TEMPO_RADT_L1_V04_20260205T013020Z_S014G05,12.595327,37.345890,-91.128983,125,1,VNP46A3_A2025335,160,9.666231e-03,0.009295,0.026898,0.102530,39.136833,103.021667,0.000000,0,0,1.870429e-03,0.000370,0.011828,0.037044,0.001607,0.011485,0.781075,0.898187,1.337433,1.161436,0.079143,0.318154
TEMPO_RADT_L1_V04_20260205T015650Z_S014G06,12.595327,37.402927,-97.976448,125,1,VNP46A3_A2025335,160,9.666231e-03,0.009295,0.026898,0.102530,39.136833,103.406174,0.000000,0,0,3.166668e-03,-0.001136,0.008005,0.032976,-0.000216,0.012286,0.784045,0.930266,1.342679,1.331404,0.086464,0.358898
TEMPO_RADT_L1_V04_20260205T101429Z_S001G01,12.595327,37.439266,-94.336182,117,1,VNP46A3_A2025335,168,-8.246751e-03,0.015817,0.029133,0.112756,44.198715,43.541924,0.000000,0,0,1.409641e-02,-0.024395,0.042829,-0.044502,0.000302,-0.002769,0.951883,0.922737,1.702624,1.212056,0.078863,0.325193
TEMPO_RADT_L1_V04_20260205T103917Z_S001G02,12.595327,37.520424,-100.782074,116,1,VNP46A3_A2025335,168,-8.246751e-03,0.015817,0.029133,0.112756,44.198715,43.558746,0.000000,0,2,1.687757e-02,-0.004328,0.030596,-0.013388,0.000360,-0.000204,0.868269,0.884546,1.547704,1.132481,0.077787,0.312525
TEMPO_RADT_L1_V04_20260205T110352Z_S001G03,12.595327,37.669533,-107.394409,116,1,VNP46A3_A2025335,168,-8.246751e-03,0.015817,0.029133,0.112756,44.198715,43.565662,0.000000,0,2,1.097432e-02,0.015192,0.012688,0.018727,0.000558,0.001381,0.838782,0.872315,1.489936,1.089945,0.077202,0.301558
TEMPO_RADT_L1_V04_20260205T112828Z_S001G04,12.595327,37.962242,-114.444267,116,1,VNP46A3_A2025335,168,-8.246751e-03,0.015817,0.029133,0.112756,44.198715,43.568924,0.000000,3,6,9.055357e-03,0.018567,0.007233,0.030838,-0.000404,0.003141,0.901080,0.908784,1.658403,1.171998,0.082263,0.316558
TEMPO_RADT_L1_V04_20260205T115303Z_S001G05,12.595327,38.383984,-122.210129,116,1,VNP46A3_A2025335,168,-8.246751e-03,0.015817,0.029133,0.112756,44.198715,43.511177,0.000000,14,0,7.455242e-03,0.012936,0.005057,0.036826,-0.000233,0.005234,0.860780,0.915973,1.578156,1.227161,0.080786,0.340429
TEMPO_RADT_L1_V04_20260206T001954Z_S014G01,12.595327,38.167034,-61.447708,117,1,VNP46A3_A2025335,155,1.533158e-04,0.011250,0.035908,0.086087,51.081593,104.897903,0.000000,0,124,1.942561e-02,0.065834,0.001158,0.056745,-0.000075,-0.002988,0.723269,0.847299,1.264748,1.107910,0.078178,0.339480
TEMPO_RADT_L1_V04_20260206T004442Z_S014G02,12.595327,37.791286,-69.104225,116,1,VNP46A3_A2025335,155,1.533158e-04,0.011250,0.035908,0.086087,51.081593,106.267189,0.000000,0,82,1.762181e-02,0.061587,0.003988,0.060209,0.000065,0.000235,0.727321,0.841508,1.266423,1.063490,0.077288,0.314707
TEMPO_RADT_L1_V04_20260206T010917Z_S014G03,12.595327,37.545479,-76.048431,116,1,VNP46A3_A2025335,155,1.533158e-04,0.011250,0.035908,0.086087,51.081593,107.111176,0.000000,0,17,7.299353e-03,-0.082912,0.024029,-0.073195,0.000017,0.001059,0.789998,0.975893,1.347719,1.218020,0.076764,0.305883
TEMPO_RADT_L1_V04_20260206T013353Z_S014G04,12.595327,37.398178,-82.610596,116,1,VNP46A3_A2025335,155,1.533158e-04,0.011250,0.035908,0.086087,51.081593,107.651260,0.000000,0,0,-1.188098e-02,-0.045510,0.009626,-0.037603,0.000186,0.002858,0.854014,0.937671,1.420403,1.156610,0.076658,0.310648
TEMPO_RADT_L1_V04_20260206T015828Z_S014G05,12.595327,37.340416,-88.987808,116,1,VNP46A3_A2025335,155,1.533158e-04,0.011250,0.035908,0.086087,51.081593,108.034454,0.000000,0,0,5.560219e-04,0.013648,0.012369,0.020033,0.000336,0.004581,0.803808,0.888956,1.368210,1.214313,0.078069,0.344295
TEMPO_RADT_L1_V04_20260206T101454Z_S001G01,12.595327,29.979166,-94.033516,117,1,VNP46A3_A2025335,181,-8.881474e-03,0.021743,0.026240,0.087119,55.855541,39.337475,0.000000,0,0,1.815862e-02,-0.016517,0.047323,-0.041841,0.000177,-0.002658,0.908265,0.925609,1.620065,1.324958,0.079926,0.386902
TEMPO_RADT_L1_V04_20260206T103942Z_S001G02,12.595327,30.017365,-99.852814,116,1,VNP46A3_A2025335,181,-8.881474e-03,0.021743,0.026240,0.087119,55.855541,39.515266,0.000000,0,41,1.062046e-02,-0.026206,0.026429,-0.038766,0.000081,-0.001620,0.830689,0.918343,1.454356,1.238033,0.078461,0.341560
TEMPO_RADT_L1_V04_20260206T110417Z_S001G03,12.595327,30.110392,-105.777336,116,1,VNP46A3_A2025335,181,-8.881474e-03,0.021743,0.026240,0.087119,55.855541,39.714497,0.000000,0,137,1.486972e-02,0.013508,0.018740,0.000558,-0.000013,-0.000442,0.820813,0.879966,1.463458,1.113399,0.077154,0.308739
TEMPO_RADT_L1_V04_20260206T112853Z_S001G04,12.595327,30.281513,-111.978409,116,1,VNP46A3_A2025335,181,-8.881474e-03,0.021743,0.026240,0.087119,55.855541,39.932987,0.000000,0,4,9.546112e-03,0.024838,0.006711,0.026872,0.000151,0.002189,0.783280,0.868162,1.394402,1.153985,0.078122,0.335015
TEMPO_RADT_L1_V04_20260206T115328Z_S001G05,12.595327,30.522863,-118.646889,116,1,VNP46A3_A2025335,181,-8.881474e-03,0.021743,0.026240,0.087119,55.855541,40.135521,0.000000,0,0,1.057061e-02,0.023138,0.009234,0.080466,0.000225,0.016185,0.807416,0.896935,1.451655,1.424968,0.081926,0.443441
TEMPO_RADT_L1_V04_20260207T001937Z_S014G01,12.595327,30.440735,-64.755737,117,1,VNP46A3_A2025335,151,-3.731769e-03,0.032224,0.032323,0.146980,62.541103,119.769623,0.000000,0,11,2.206082e-02,0.062297,0.011501,0.082989,0.000071,0.005563,0.718863,0.850907,1.254268,1.107851,0.078424,0.359167
TEMPO_RADT_L1_V04_20260207T004425Z_S014G02,12.595327,30.203054,-71.383865,116,1,VNP46A3_A2025335,151,-3.731769e-03,0.032224,0.032323,0.146980,62.541103,120.347717,0.000000,0,0,2.011918e-02,0.064929,0.009878,0.072148,0.000190,0.003127,0.719397,0.836389,1.249034,1.064282,0.077574,0.327444
TEMPO_RADT_L1_V04_20260207T010900Z_S014G03,12.595327,30.043764,-77.533188,116,1,VNP46A3_A2025335,151,-3.731769e-03,0.032224,0.032323,0.146980,62.541103,120.552483,0.000000,0,2,-1.845408e-03,-0.026346,0.010813,-0.024140,0.000091,0.001084,0.794783,0.937494,1.357893,1.175280,0.076849,0.311839
TEMPO_RADT_L1_V04_20260207T013336Z_S014G04,12.595327,29.946945,-83.422455,116,1,VNP46A3_A2025335,151,-3.731769e-03,0.032224,0.032323,0.146980,62.541103,120.533218,0.000000,0,0,-8.919139e-03,-0.078862,0.011987,-0.086490,0.000202,0.001795,0.826181,0.968573,1.392272,1.191624,0.077352,0.319502
TEMPO_RADT_L1_V04_20260207T015811Z_S014G05,12.595327,29.901295,-89.184647,116,1,VNP46A3_A2025335,151,-3.731769e-03,0.032224,0.032323,0.146980,62.541103,120.397659,0.000000,0,0,3.760408e-03,-0.013805,0.018534,-0.017290,0.000469,0.005884,0.795238,0.902711,1.355842,1.198376,0.078080,0.353659
TEMPO_RADT_L1_V04_20260207T101518Z_S001G01,12.595327,37.440434,-94.356880,117,1,VNP46A3_A2025335,155,2.599488e-03,-0.022528,0.026253,0.084918,67.196686,51.622128,0.000000,0,0,4.491012e-03,-0.024772,0.019619,-0.060526,0.000496,-0.001065,0.780172,0.903311,1.365052,1.269521,0.096676,0.361566
TEMPO_RADT_L1_V04_20260207T104006Z_S001G02,12.595327,37.525162,-100.799545,116,1,VNP46A3_A2025335,155,2.599488e-03,-0.022528,0.026253,0.084918,67.196686,51.815342,0.000000,43,0,9.478071e-03,-0.005535,0.017588,-0.019414,-0.000214,0.003622,0.762506,0.880638,1.326225,1.159263,0.088459,0.335634
TEMPO_RADT_L1_V04_20260207T110441Z_S001G03,12.595327,37.679886,-107.397835,116,1,VNP46A3_A2025335,155,2.599488e-03,-0.022528,0.026253,0.084918,67.196686,52.092190,0.000000,13,2,9.419939e-03,0.020235,0.013131,0.025152,-0.003244,0.006369,0.757427,0.868807,1.318407,1.121832,0.087004,0.328307
TEMPO_RADT_L1_V04_20260207T112917Z_S001G04,12.595327,37.969204,-114.450813,116,1,VNP46A3_A2025335,155,2.599488e-03,-0.022528,0.026253,0.084918,67.196686,52.541641,0.000000,1502,7,1.376066e-02,0.025624,0.013549,0.025260,-0.009524,0.007278,0.783941,0.890594,1.391892,1.202371,0.090886,0.357137
TEMPO_RADT_L1_V04_20260207T115352Z_S001G05,12.595327,38.391384,-122.228416,116,1,VNP46A3_A2025335,155,2.599488e-03,-0.022528,0.026253,0.084918,67.196686,53.212036,0.000000,3,2,7.997920e-03,0.005696,0.007956,0.053694,-0.002278,0.013954,0.776396,0.905208,1.381169,1.248902,0.097105,0.372213
TEMPO_RADT_L1_V04_20260208T001919Z_S013G01,12.595327,38.162914,-61.458168,117,1,VNP46A3_A2025335,148,2.421842e-03,0.035759,0.029352,0.085587,73.720360,127.577118,0.000000,997,29,2.372408e-02,0.090146,0.003992,0.066051,-0.002973,-0.000932,0.738883,0.870441,1.297511,1.126966,0.081061,0.353470
TEMPO_RADT_L1_V04_20260208T004407Z_S013G02,12.595327,37.790943,-69.100914,116,1,VNP46A3_A2025335,148,2.421842e-03,0.035759,0.029352,0.085587,73.720360,128.933762,0.000000,10,2,2.018989e-02,0.081525,0.010192,0.082545,0.000339,0.003972,0.734876,0.856872,1.279856,1.100049,0.080862,0.331971
TEMPO_RADT_L1_V04_20260208T010842Z_S013G03,12.595327,37.545158,-76.045769,116,1,VNP46A3_A2025335,148,2.421842e-03,0.035759,0.029352,0.085587,73.720360,129.774216,0.000000,0,0,5.377335e-03,-0.082573,0.026560,-0.058146,0.001112,0.005470,0.797267,0.997127,1.354194,1.247909,0.077471,0.316808
TEMPO_RADT_L1_V04_20260208T013318Z_S013G04,12.595327,37.399006,-82.603439,116,1,VNP46A3_A2025335,148,2.421842e-03,0.035759,0.029352,0.085587,73.720360,130.303909,0.000000,0,2,-1.135848e-02,-0.099910,0.012014,-0.090116,0.001362,0.005288,0.848333,0.979846,1.412101,1.199818,0.077769,0.318339
TEMPO_RADT_L1_V04_20260208T015753Z_S013G05,12.595327,37.337494,-88.989914,116,1,VNP46A3_A2025335,148,2.421842e-03,0.035759,0.029352,0.085587,73.720360,130.684296,0.000000,0,0,1.214150e-03,0.023151,0.011560,0.029081,0.001519,0.007358,0.795163,0.897828,1.353524,1.243249,0.079413,0.341456
TEMPO_RADT_L1_V04_20260208T101541Z_S001G01,12.595327,29.973330,-94.050491,117,1,VNP46A3_A2025335,156,1.102093e-02,0.011195,0.032852,0.083031,78.285919,50.409351,0.000000,0,0,6.622133e-03,-0.017787,0.019193,-0.047633,0.000265,0.001396,0.782437,0.907128,1.353480,1.258237,0.079707,0.378728
TEMPO_RADT_L1_V04_20260208T104029Z_S001G02,12.595327,30.015017,-99.864761,116,1,VNP46A3_A2025335,156,1.102093e-02,0.011195,0.032852,0.083031,78.285919,50.480251,0.000000,0,0,6.453776e-03,-0.018028,0.019558,-0.028717,0.000298,0.003056,0.788661,0.906707,1.360684,1.200509,0.077890,0.345357
TEMPO_RADT_L1_V04_20260208T110504Z_S001G03,12.595327,30.113583,-105.785957,116,1,VNP46A3_A2025335,156,1.102093e-02,0.011195,0.032852,0.083031,78.285919,50.641674,0.000000,0,4,9.825586e-03,0.019243,0.009370,0.019404,0.000170,0.005126,0.752850,0.859534,1.311550,1.098563,0.077563,0.323465
TEMPO_RADT_L1_V04_20260208T112940Z_S001G04,12.595327,30.281204,-111.994095,116,1,VNP46A3_A2025335,156,1.102093e-02,0.011195,0.032852,0.083031,78.285919,50.935970,0.000000,0,17,9.414916e-03,0.020563,0.006391,0.032048,0.000102,0.006271,0.740961,0.865554,1.299884,1.147361,0.078458,0.343530
TEMPO_RADT_L1_V04_20260208T115415Z_S001G05,12.595327,30.525156,-118.662323,116,1,VNP46A3_A2025335,156,1.102093e-02,0.011195,0.032852,0.083031,78.285919,51.412144,0.000000,0,3,1.070021e-02,0.013577,0.007577,0.053598,0.000273,0.014019,0.732818,0.912429,1.286163,1.361244,0.080858,0.424831
TEMPO_RADT_L1_V04_20260209T001901Z_S014G01,12.595327,30.447855,-64.776749,117,1,VNP46A3_A2025335,158,-9.802561e-03,0.011571,0.041740,0.070629,84.690994,142.165009,0.000000,0,0,2.378132e-02,0.076075,0.013402,0.085633,0.000027,0.003404,0.715206,0.863635,1.245106,1.132741,0.078154,0.324807
TEMPO_RADT_L1_V04_20260209T004349Z_S014G02,12.595327,30.203114,-71.408089,116,1,VNP46A3_A2025335,158,-9.802561e-03,0.011571,0.041740,0.070629,84.690994,142.738297,0.000000,0,0,2.167397e-02,0.072536,0.012371,0.071614,0.000183,0.001960,0.713443,0.853928,1.242996,1.076142,0.077367,0.312492
TEMPO_RADT_L1_V04_20260209T010824Z_S014G03,12.595327,30.039602,-77.557518,116,1,VNP46A3_A2025335,158,-9.802561e-03,0.011571,0.041740,0.070629,84.690994,142.936401,0.000000,0,2,-3.513166e-03,-0.082425,0.009247,-0.082193,-0.000075,0.001692,0.799973,0.993971,1.361909,1.230804,0.076789,0.312041
TEMPO_RADT_L1_V04_20260209T013300Z_S014G04,12.595327,29.945166,-83.437668,116,1,VNP46A3_A2025335,158,-9.802561e-03,0.011571,0.041740,0.070629,84.690994,142.902634,0.000000,0,3,-1.550471e-02,-0.079294,0.005240,-0.078810,0.000245,0.002909,0.839948,0.979276,1.415240,1.219238,0.077056,0.310213
TEMPO_RADT_L1_V04_20260209T015735Z_S014G05,12.595327,29.894997,-89.207123,116,1,VNP46A3_A2025335,158,-9.802561e-03,0.011571,0.041740,0.070629,84.690994,142.767288,0.000000,0,2,6.783925e-03,0.017454,0.022001,0.013065,0.000485,0.004971,0.794935,0.897543,1.351415,1.122977,0.077465,0.310689
TEMPO_RADT_L1_V04_20260209T101604Z_S001G01,12.595327,37.448586,-94.383095,117,1,VNP46A3_A2025335,142,5.579845e-03,-0.020275,0.030437,0.115733,89.201599,64.627869,0.000000,0,0,2.577829e-03,-0.022160,0.013350,-0.049289,0.000653,-0.001918,0.767023,0.883756,1.326569,1.177430,0.078689,0.337580
TEMPO_RADT_L1_V04_20260209T104052Z_S001G02,12.595327,37.534618,-100.824638,116,1,VNP46A3_A2025335,142,5.579845e-03,-0.020275,0.030437,0.115733,89.201599,64.909523,0.000000,0,2,8.676332e-03,-0.007169,0.016479,-0.017037,0.000760,0.002181,0.753835,0.864818,1.305468,1.112605,0.077584,0.321878
TEMPO_RADT_L1_V04_20260209T110527Z_S001G03,12.595327,37.691025,-107.422508,116,1,VNP46A3_A2025335,142,5.579845e-03,-0.020275,0.030437,0.115733,89.201599,65.325615,0.000000,0,6,1.017720e-02,0.016939,0.013036,0.021036,0.000569,0.004426,0.739404,0.849334,1.280204,1.077715,0.078711,0.314801
TEMPO_RADT_L1_V04_20260209T113003Z_S001G04,12.595327,37.982510,-114.476028,116,1,VNP46A3_A2025335,142,5.579845e-03,-0.020275,0.030437,0.115733,89.201599,66.025818,0.000000,569,14,1.107007e-02,0.019981,0.012811,0.023796,-0.002117,0.003967,0.741523,0.857681,1.302702,1.126827,0.080100,0.329946
TEMPO_RADT_L1_V04_20260209T115438Z_S001G05,12.595327,38.406292,-122.254333,116,1,VNP46A3_A2025335,142,5.579845e-03,-0.020275,0.030437,0.115733,89.201599,67.114716,0.000000,0,4,8.409624e-03,0.010812,0.008011,0.050617,0.000627,0.011410,0.745134,0.880088,1.298242,1.206106,0.079337,0.359463
TEMPO_RADT_L1_V04_20260210T001841Z_S014G01,12.595327,38.153881,-61.503315,117,1,VNP46A3_A2025335,157,-1.043234e-02,0.081739,0.037323,0.144639,95.540726,149.006866,0.000000,141,0,1.802908e-02,0.066237,-0.000628,0.077297,-0.000996,0.004158,0.726031,0.856388,1.268058,1.204171,0.080328,0.363926
TEMPO_RADT_L1_V04_20260210T004329Z_S014G02,12.595327,37.788029,-69.135193,116,1,VNP46A3_A2025335,157,-1.043234e-02,0.081739,0.037323,0.144639,95.540726,150.354584,0.000000,152,0,1.904639e-02,0.058665,0.006443,0.061664,0.000296,0.003303,0.728343,0.849059,1.266711,1.116071,0.081436,0.331350
TEMPO_RADT_L1_V04_20260210T010804Z_S014G03,12.595327,37.544636,-76.065140,116,1,VNP46A3_A2025335,157,-1.043234e-02,0.081739,0.037323,0.144639,95.540726,151.183380,0.000000,0,4,4.515372e-03,-0.059459,0.023363,-0.049311,0.000746,0.002021,0.799057,0.959515,1.353228,1.197980,0.077973,0.312458
TEMPO_RADT_L1_V04_20260210T013240Z_S014G04,12.595327,37.397972,-82.622490,116,1,VNP46A3_A2025335,157,-1.043234e-02,0.081739,0.037323,0.144639,95.540726,151.710068,0.000000,0,0,-1.343914e-02,-0.046205,0.008810,-0.046821,0.000444,0.002675,0.862238,0.934950,1.431903,1.193463,0.078231,0.324906
TEMPO_RADT_L1_V04_20260210T015715Z_S014G05,12.595327,37.337791,-89.008423,116,1,VNP46A3_A2025335,157,-1.043234e-02,0.081739,0.037323,0.144639,95.540726,152.080017,0.000000,0,0,1.605713e-03,0.000052,0.008636,-0.004439,0.000476,0.003367,0.800959,0.890843,1.352160,1.274029,0.080509,0.351644
TEMPO_RADT_L1_V04_20260210T101626Z_S001G01,12.595327,29.980797,-94.087288,117,1,VNP46A3_A2025335,135,-2.292296e-03,-0.000587,0.029741,0.132851,100.028923,65.510132,0.000000,0,0,7.816365e-03,-0.013422,0.017934,-0.054501,0.000117,-0.003772,0.773334,0.886125,1.330946,1.155577,0.078173,0.346661
TEMPO_RADT_L1_V04_20260210T104114Z_S001G02,12.595327,30.022413,-99.906021,116,1,VNP46A3_A2025335,135,-2.292296e-03,-0.000587,0.029741,0.132851,100.028923,65.495003,0.000000,0,0,5.951008e-03,-0.025356,0.016698,-0.034770,0.000226,0.002623,0.774733,0.903564,1.327548,1.160887,0.077470,0.331129
TEMPO_RADT_L1_V04_20260210T110549Z_S001G03,12.595327,30.122534,-105.820717,116,1,VNP46A3_A2025335,135,-2.292296e-03,-0.000587,0.029741,0.132851,100.028923,65.599335,0.000000,0,0,9.652112e-03,0.018126,0.009365,0.031213,0.000209,0.008701,0.733662,0.851215,1.269154,1.080849,0.077414,0.320161
TEMPO_RADT_L1_V04_20260210T113025Z_S001G04,12.595327,30.304029,-112.012741,116,1,VNP46A3_A2025335,135,-2.292296e-03,-0.000587,0.029741,0.132851,100.028923,65.908821,0.000000,0,17,9.184317e-03,0.013444,0.005342,0.034182,0.000278,0.007680,0.725687,0.858699,1.257552,1.111594,0.077422,0.331460
TEMPO_RADT_L1_V04_20260210T115500Z_S001G05,12.595327,30.555166,-118.675117,116,1,VNP46A3_A2025335,135,-2.292296e-03,-0.000587,0.029741,0.132851,100.028923,66.505844,0.000000,0,0,1.007800e-02,0.023112,0.007511,0.053234,0.000190,0.010763,0.731073,0.880905,1.274110,1.208856,0.078625,0.381515
TEMPO_RADT_L1_V04_20260211T011839Z_S012G01,12.595327,30.000397,-79.984497,97,1,VNP46A3_A2025335,89,-7.125419e-03,0.013403,0.038410,0.183271,106.573486,164.957794,0.000000,0,4,-7.264760e-03,-0.030121,0.000518,-0.022980,-0.000014,0.001391,0.828584,0.957863,1.397615,1.206067,0.077124,0.314364
TEMPO_RADT_L1_V04_20260211T013912Z_S012G02,12.595327,29.936150,-84.855766,97,1,VNP46A3_A2025335,89,-7.125419e-03,0.013403,0.038410,0.183271,106.573486,164.890045,0.000000,0,6,5.937236e-03,0.013269,0.014856,0.012065,0.000250,0.001854,0.790008,0.874459,1.345839,1.084415,0.076416,0.302225
TEMPO_RADT_L1_V04_20260211T015946Z_S012G03,12.595327,29.898266,-89.676170,97,1,VNP46A3_A2025335,89,-7.125419e-03,0.013403,0.038410,0.183271,106.573486,164.778915,0.000000,0,0,1.341991e-02,0.031786,0.014690,0.028684,0.000157,0.002618,0.774144,0.872281,1.324935,1.093613,0.076492,0.305165
TEMPO_RADT_L1_V04_20260211T101646Z_S001G01,12.595327,37.445026,-94.429611,117,1,VNP46A3_A2025335,151,3.777001e-04,0.001957,0.018728,0.119590,110.854156,79.416840,0.000000,0,0,2.177560e-03,-0.030186,0.015926,-0.043737,-0.002856,0.000326,0.766412,0.887769,1.318159,1.189753,0.088811,0.339652
TEMPO_RADT_L1_V04_20260211T104134Z_S001G02,12.595327,37.528873,-100.884621,116,1,VNP46A3_A2025335,151,3.777001e-04,0.001957,0.018728,0.119590,110.854156,79.745750,0.000000,0,2,7.603943e-03,-0.007575,0.018188,-0.004889,-0.003601,0.003297,0.753677,0.862768,1.298693,1.121222,0.083624,0.324582
TEMPO_RADT_L1_V04_20260211T110609Z_S001G03,12.595327,37.689198,-107.491150,116,1,VNP46A3_A2025335,151,3.777001e-04,0.001957,0.018728,0.119590,110.854156,80.238571,0.000000,26,0,8.633866e-03,0.018472,0.012789,0.039451,0.000165,0.008681,0.732349,0.853378,1.265971,1.097473,0.087101,0.316385
TEMPO_RADT_L1_V04_20260211T113045Z_S001G04,12.595327,37.980049,-114.548622,116,1,VNP46A3_A2025335,151,3.777001e-04,0.001957,0.018728,0.119590,110.854156,81.072021,0.000000,5679,2,1.932155e-02,0.018595,0.011601,-0.038873,-0.005541,-0.008326,0.753231,0.900073,1.323813,1.158519,0.085360,0.343190
TEMPO_RADT_L1_V04_20260211T115520Z_S001G05,12.595327,38.410061,-122.340752,116,1,VNP46A3_A2025335,151,3.777001e-04,0.001957,0.018728,0.119590,110.854156,82.406815,0.000000,437,0,8.579019e-03,0.023420,0.011530,0.062279,-0.000127,0.011311,0.738847,0.875476,1.297777,1.212399,0.094357,0.368494
TEMPO_RADT_L1_V04_20260212T001801Z_S015G01,12.595327,38.131088,-61.573818,117,1,VNP46A3_A2025335,164,-2.916651e-03,0.051464,0.044561,0.166242,117.209061,167.755737,0.000000,1761,88,2.570338e-02,0.030517,0.009162,0.003712,-0.003290,-0.004468,0.723517,0.875981,1.282648,1.158988,0.082327,0.355946
TEMPO_RADT_L1_V04_20260212T004249Z_S015G02,12.595327,37.771675,-69.192482,116,1,VNP46A3_A2025335,164,-2.916651e-03,0.051464,0.044561,0.166242,117.209061,168.818909,0.000000,17,0,1.898775e-02,0.056083,0.011625,0.069285,0.000368,0.006352,0.722118,0.837169,1.256571,1.090582,0.081712,0.321629
TEMPO_RADT_L1_V04_20260212T010724Z_S015G03,12.595327,37.532711,-76.119255,116,1,VNP46A3_A2025335,164,-2.916651e-03,0.051464,0.044561,0.166242,117.209061,169.450699,0.000000,0,4,4.495204e-03,-0.033235,0.022133,-0.021262,0.000536,0.004569,0.789943,0.929386,1.346418,1.155079,0.078739,0.310043
TEMPO_RADT_L1_V04_20260212T013200Z_S015G04,12.595327,37.389439,-82.675316,116,1,VNP46A3_A2025335,164,-2.916651e-03,0.051464,0.044561,0.166242,117.209061,169.830475,0.000000,0,0,-7.628709e-03,-0.022533,0.010130,-0.014521,0.000374,0.004671,0.811268,0.904767,1.382270,1.130956,0.078717,0.311508
TEMPO_RADT_L1_V04_20260212T015635Z_S015G05,12.595327,37.335415,-89.054832,116,1,VNP46A3_A2025335,164,-2.916651e-03,0.051464,0.044561,0.166242,117.209061,170.052872,0.000000,0,2,2.553041e-03,-0.007551,0.013019,-0.007661,-0.000137,0.003844,0.779480,0.889023,1.336344,1.194870,0.081937,0.328057
TEMPO_RADT_L1_V04_20260212T101706Z_S001G01,12.595327,33.595863,-94.248383,117,1,VNP46A3_A2025335,154,-2.408008e-03,-0.031651,0.035444,0.131010,121.759857,84.416145,0.000000,0,0,5.099824e-03,-0.018870,0.013170,-0.048112,0.000472,0.000116,0.769855,0.892602,1.324784,1.193754,0.082475,0.348530
TEMPO_RADT_L1_V04_20260212T104154Z_S001G02,12.595327,33.654945,-100.349945,116,1,VNP46A3_A2025335,154,-2.408008e-03,-0.031651,0.035444,0.131010,121.759857,84.531425,0.000000,0,2,3.895167e-03,-0.017792,0.014940,-0.020009,0.000183,0.004008,0.769684,0.900415,1.322562,1.188227,0.078647,0.336707
TEMPO_RADT_L1_V04_20260212T110629Z_S001G03,12.595327,33.788544,-106.566040,116,1,VNP46A3_A2025335,154,-2.408008e-03,-0.031651,0.035444,0.131010,121.759857,84.798080,0.000000,0,0,1.078744e-02,0.012455,0.012249,0.019042,0.000106,0.005478,0.734302,0.854994,1.272450,1.091631,0.077942,0.319904
TEMPO_RADT_L1_V04_20260212T113105Z_S001G04,12.595327,34.005192,-113.147957,116,1,VNP46A3_A2025335,154,-2.408008e-03,-0.031651,0.035444,0.131010,121.759857,85.352699,0.000000,0,4,1.043683e-02,0.023646,0.009114,0.036427,0.000234,0.006586,0.723034,0.858242,1.254538,1.116479,0.078595,0.330815
TEMPO_RADT_L1_V04_20260212T115540Z_S001G05,12.595327,34.322029,-120.293251,116,1,VNP46A3_A2025335,154,-2.408008e-03,-0.031651,0.035444,0.131010,121.759857,86.328400,0.000000,0,4,1.215157e-02,0.017896,0.011604,0.046752,0.000083,0.009944,0.729328,0.884746,1.275932,1.291189,0.081138,0.390478
TEMPO_RADT_L1_V04_20260213T001740Z_S015G01,12.595327,34.134930,-63.449959,117,1,VNP46A3_A2025335,172,-1.267576e-02,-0.015291,0.049222,0.104143,128.191284,172.550583,0.000000,0,46,1.985587e-02,0.059543,0.005964,0.052388,-0.000628,-0.002595,0.717486,0.850645,1.251102,1.100845,0.078672,0.338833
TEMPO_RADT_L1_V04_20260213T004228Z_S015G02,12.595327,33.852711,-70.485985,116,1,VNP46A3_A2025335,172,-1.267576e-02,-0.015291,0.049222,0.104143,128.191284,172.148087,0.000000,0,2,1.944465e-02,0.058689,0.007368,0.062927,-0.000532,0.001341,0.716074,0.838304,1.248449,1.048395,0.077928,0.312830
TEMPO_RADT_L1_V04_20260213T010703Z_S015G03,12.595327,33.666451,-76.955833,116,1,VNP46A3_A2025335,172,-1.267576e-02,-0.015291,0.049222,0.104143,128.191284,171.931534,0.000000,0,4,1.819751e-03,-0.044097,0.020870,-0.036041,0.000654,0.002225,0.802568,0.943231,1.365277,1.173714,0.078086,0.308126
TEMPO_RADT_L1_V04_20260213T013139Z_S015G04,12.595327,33.553242,-83.129784,116,1,VNP46A3_A2025335,172,-1.267576e-02,-0.015291,0.049222,0.104143,128.191284,171.837433,0.000000,31,0,-6.836991e-03,-0.052981,0.016207,-0.045142,0.001043,0.004061,0.818105,0.928710,1.387807,1.143514,0.078643,0.311678
TEMPO_RADT_L1_V04_20260213T015614Z_S015G05,12.595327,33.508934,-89.157211,116,1,VNP46A3_A2025335,172,-1.267576e-02,-0.015291,0.049222,0.104143,128.191284,171.794968,0.000000,0,0,5.152599e-03,0.001899,0.014042,0.001859,-0.000039,0.005025,0.782972,0.884654,1.341913,1.159827,0.078307,0.331226
TEMPO_RADT_L1_V04_20260213T101726Z_S001G01,12.595327,33.597935,-94.254707,117,1,VNP46A3_A2025335,170,4.130628e-02,-0.027469,0.042177,0.108415,132.819565,92.473816,0.000000,0,2,4.865526e-03,-0.019870,0.013752,-0.047962,0.000515,-0.001202,0.768187,0.883482,1.327322,1.174745,0.080717,0.347909
TEMPO_RADT_L1_V04_20260213T104214Z_S001G02,12.595327,33.660721,-100.356491,116,1,VNP46A3_A2025335,170,4.130628e-02,-0.027469,0.042177,0.108415,132.819565,92.578789,0.000000,0,0,4.044071e-03,-0.014164,0.012669,-0.022091,0.000049,0.001546,0.772885,0.895951,1.327093,1.166083,0.077883,0.331982
TEMPO_RADT_L1_V04_20260213T110649Z_S001G03,12.595327,33.785652,-106.588104,116,1,VNP46A3_A2025335,170,4.130628e-02,-0.027469,0.042177,0.108415,132.819565,92.841652,0.000000,0,2,9.294917e-03,0.014763,0.009534,0.013747,0.000169,0.003742,0.738692,0.850368,1.273904,1.075933,0.077629,0.313321
TEMPO_RADT_L1_V04_20260213T113125Z_S001G04,12.595327,34.011467,-113.159676,116,1,VNP46A3_A2025335,170,4.130628e-02,-0.027469,0.042177,0.108415,132.819565,93.398544,0.000000,0,4,1.151909e-02,0.025510,0.008923,0.041776,0.000075,0.007127,0.716782,0.846516,1.246434,1.098730,0.077926,0.327600
TEMPO_RADT_L1_V04_20260213T115600Z_S001G05,12.595327,34.331230,-120.306519,116,1,VNP46A3_A2025335,170,4.130628e-02,-0.027469,0.042177,0.108415,132.819565,94.404922,0.000000,0,0,1.261758e-02,0.011299,0.011051,0.042077,0.000109,0.009024,0.732114,0.880012,1.284662,1.240526,0.079831,0.377020
TEMPO_RADT_L1_V04_20260214T001718Z_S015G01,12.595327,34.136642,-63.483234,117,1,VNP46A3_A2025335,178,-4.542665e-02,0.030243,0.042252,0.101798,139.364227,162.932312,0.000000,0,0,1.904029e-02,0.056393,0.006161,0.058651,-0.000626,-0.001853,0.716995,0.846004,1.250065,1.148237,0.079591,0.373304
TEMPO_RADT_L1_V04_20260214T004206Z_S015G02,12.595327,33.852367,-70.516373,116,1,VNP46A3_A2025335,178,-4.542665e-02,0.030243,0.042252,0.101798,139.364227,162.193115,0.000000,0,0,1.834863e-02,0.054377,0.007713,0.055271,-0.000312,-0.000157,0.716387,0.834592,1.249906,1.046841,0.077678,0.314170
TEMPO_RADT_L1_V04_20260214T010641Z_S015G03,12.595327,33.661823,-76.986275,116,1,VNP46A3_A2025335,178,-4.542665e-02,0.030243,0.042252,0.101798,139.364227,161.813370,0.000000,0,2,2.899925e-03,-0.053920,0.020265,-0.048852,0.000634,0.001940,0.796249,0.958113,1.357178,1.180626,0.078423,0.305122
TEMPO_RADT_L1_V04_20260214T013117Z_S015G04,12.595327,33.541981,-83.161469,116,1,VNP46A3_A2025335,178,-4.542665e-02,0.030243,0.042252,0.101798,139.364227,161.638397,0.000000,0,0,-7.600564e-03,-0.035770,0.014036,-0.028736,0.000645,0.004013,0.812283,0.912693,1.385153,1.137512,0.077653,0.318246
TEMPO_RADT_L1_V04_20260214T015552Z_S015G05,12.595327,33.491154,-89.195786,116,1,VNP46A3_A2025335,178,-4.542665e-02,0.030243,0.042252,0.101798,139.364227,161.558243,0.000000,0,0,4.350520e-03,-0.001916,0.012118,0.000384,0.000240,0.005037,0.783084,0.880645,1.339759,1.166762,0.078564,0.342804
TEMPO_RADT_L1_V04_20260214T101744Z_S001G01,12.595327,33.607452,-94.262802,117,1,VNP46A3_A2025335,129,1.838367e-02,0.025902,0.043167,0.130502,144.093201,100.504486,0.000000,0,2,4.911399e-03,0.002140,0.010283,-0.022578,0.000059,0.001016,0.759906,0.868533,1.320664,1.155153,0.077945,0.340294
TEMPO_RADT_L1_V04_20260214T104232Z_S001G02,12.595327,33.668839,-100.364014,116,1,VNP46A3_A2025335,129,1.838367e-02,0.025902,0.043167,0.130502,144.093201,100.593658,0.000000,1,142,5.672403e-03,-0.017155,0.015113,-0.031270,-0.000017,0.000237,0.760423,0.888557,1.310781,1.134067,0.077522,0.321269
TEMPO_RADT_L1_V04_20260214T110707Z_S001G03,12.595327,33.794704,-106.601158,116,1,VNP46A3_A2025335,129,1.838367e-02,0.025902,0.043167,0.130502,144.093201,100.848282,0.000000,0,10,8.447758e-03,0.010578,0.011576,0.012502,0.000093,0.004298,0.730599,0.848219,1.262225,1.067628,0.077330,0.311928
TEMPO_RADT_L1_V04_20260214T113143Z_S001G04,12.595327,34.013351,-113.182144,116,1,VNP46A3_A2025335,129,1.838367e-02,0.025902,0.043167,0.130502,144.093201,101.402229,0.000000,0,2,9.068117e-03,0.011641,0.008051,0.028394,0.000228,0.006035,0.716298,0.858335,1.244233,1.103867,0.077560,0.321598
TEMPO_RADT_L1_V04_20260214T115618Z_S001G05,12.595327,34.330326,-120.332794,116,1,VNP46A3_A2025335,129,1.838367e-02,0.025902,0.043167,0.130502,144.093201,102.420799,0.000000,0,11,1.078025e-02,0.006157,0.011090,0.037384,0.000398,0.008050,0.733699,0.882865,1.284311,1.170793,0.078637,0.347663
TEMPO_RADT_L1_V04_20260215T001656Z_S015G01,12.595327,34.131119,-63.507698,117,1,VNP46A3_A2025335,122,1.486390e-02,-0.017093,0.055326,0.189621,150.778259,151.846756,0.000000,1515,4,2.189887e-02,0.040286,0.008754,0.011850,-0.003714,-0.007715,0.726794,0.857153,1.268472,1.176559,0.089627,0.379821
TEMPO_RADT_L1_V04_20260215T004144Z_S015G02,12.595327,33.844269,-70.544968,116,1,VNP46A3_A2025335,122,1.486390e-02,-0.017093,0.055326,0.189621,150.778259,151.036682,0.000000,27,2,1.495757e-02,0.026917,0.006195,0.025456,-0.004321,-0.002147,0.719745,0.836151,1.249934,1.052136,0.083971,0.313101
TEMPO_RADT_L1_V04_20260215T010619Z_S015G03,12.595327,33.659012,-77.009872,116,1,VNP46A3_A2025335,122,1.486390e-02,-0.017093,0.055326,0.189621,150.778259,150.622025,0.000000,0,0,-2.581495e-03,-0.070017,0.016578,-0.063343,-0.006771,-0.000510,0.794314,0.941560,1.354386,1.160752,0.083841,0.304816
TEMPO_RADT_L1_V04_20260215T013055Z_S015G04,12.595327,33.541428,-83.189980,116,1,VNP46A3_A2025335,122,1.486390e-02,-0.017093,0.055326,0.189621,150.778259,150.420441,0.000000,168,0,-2.724244e-03,-0.013985,0.020863,-0.000730,-0.001170,0.004786,0.825928,0.894119,1.400291,1.150500,0.087570,0.324325
TEMPO_RADT_L1_V04_20260215T015530Z_S015G05,12.595327,33.497643,-89.205841,116,1,VNP46A3_A2025335,122,1.486390e-02,-0.017093,0.055326,0.189621,150.778259,150.342255,0.000000,2355,0,1.174412e-02,0.034028,0.016335,0.044471,0.004238,0.009825,0.766678,0.873063,1.334997,1.163868,0.084607,0.352656
TEMPO_RADT_L1_V04_20260215T101801Z_S001G01,12.595327,33.611183,-94.297462,117,1,VNP46A3_A2025335,155,-4.165211e-02,-0.020488,0.029288,0.114293,155.623032,108.378479,0.000000,0,0,5.756861e-03,-0.010742,0.009645,-0.032562,0.000224,-0.000286,0.757485,0.875110,1.306227,1.181078,0.080014,0.356275
TEMPO_RADT_L1_V04_20260215T104249Z_S001G02,12.595327,33.668762,-100.406067,116,1,VNP46A3_A2025335,155,-4.165211e-02,-0.020488,0.029288,0.114293,155.623032,108.454895,0.000000,0,6,3.533772e-03,-0.020245,0.013618,-0.024266,0.000038,0.001789,0.766904,0.895452,1.320787,1.150191,0.077274,0.328113
TEMPO_RADT_L1_V04_20260215T110724Z_S001G03,12.595327,33.794102,-106.643280,116,1,VNP46A3_A2025335,155,-4.165211e-02,-0.020488,0.029288,0.114293,155.623032,108.690323,0.000000,0,6,9.124378e-03,0.007778,0.012127,0.007569,0.000297,0.003681,0.734253,0.853168,1.272288,1.075746,0.077155,0.312907
TEMPO_RADT_L1_V04_20260215T113200Z_S001G04,12.595327,34.014477,-113.226410,116,1,VNP46A3_A2025335,155,-4.165211e-02,-0.020488,0.029288,0.114293,155.623032,109.228027,0.000000,0,11,9.632941e-03,0.018711,0.008594,0.029821,0.000047,0.004699,0.718836,0.851736,1.247076,1.100398,0.077534,0.323673
TEMPO_RADT_L1_V04_20260215T115635Z_S001G05,12.595327,34.330170,-120.383072,116,1,VNP46A3_A2025335,155,-4.165211e-02,-0.020488,0.029288,0.114293,155.623032,110.240128,0.000000,0,4,1.190639e-02,0.020647,0.012141,0.047901,0.000057,0.007827,0.729177,0.870925,1.275425,1.210459,0.078764,0.377063
TEMPO_RADT_L1_V04_20260216T001633Z_S015G01,12.595327,34.126553,-63.523499,117,1,VNP46A3_A2025335,122,-1.650869e-03,0.056704,0.055378,0.183282,162.461807,140.265167,0.000000,4,0,1.491478e-02,0.034916,0.006685,0.045899,-0.000785,0.002537,0.716356,0.846597,1.254919,1.173864,0.080387,0.388061
TEMPO_RADT_L1_V04_20260216T004121Z_S015G02,12.595327,33.839188,-70.559975,116,1,VNP46A3_A2025335,122,-1.650869e-03,0.056704,0.055378,0.183282,162.461807,139.425629,0.000000,0,2,1.489032e-02,0.033054,0.008111,0.034502,-0.000258,0.000463,0.719109,0.836468,1.249440,1.063267,0.078114,0.322676
TEMPO_RADT_L1_V04_20260216T010556Z_S015G03,12.595327,33.651535,-77.024033,116,1,VNP46A3_A2025335,122,-1.650869e-03,0.056704,0.055378,0.183282,162.461807,138.993576,0.000000,0,312,1.840123e-03,-0.016484,0.014209,-0.023865,0.000493,-0.002293,0.778611,0.889374,1.331270,1.115010,0.077660,0.308843
TEMPO_RADT_L1_V04_20260216T013032Z_S015G04,12.595327,33.530178,-83.212852,116,1,VNP46A3_A2025335,122,-1.650869e-03,0.056704,0.055378,0.183282,162.461807,138.773010,0.000000,0,177,-8.084569e-04,-0.025483,0.015139,-0.026726,0.000988,0.003080,0.785089,0.888363,1.342587,1.125536,0.078283,0.323907
TEMPO_RADT_L1_V04_20260216T015507Z_S015G05,12.595327,33.481663,-89.237213,116,1,VNP46A3_A2025335,122,-1.650869e-03,0.056704,0.055378,0.183282,162.461807,138.680969,0.000000,0,0,5.317769e-03,-0.009484,0.012181,-0.000727,0.000252,0.007154,0.759161,0.867661,1.310836,1.157611,0.078412,0.356951
TEMPO_RADT_L1_V04_20260216T101818Z_S001G01,12.595327,33.612408,-94.308945,117,1,VNP46A3_A2025335,167,2.022889e-02,-0.026187,0.032424,0.080806,167.424927,115.844704,0.000000,0,0,4.930238e-03,-0.021161,0.014305,-0.047073,0.000410,0.000082,0.769981,0.893089,1.331775,1.248526,0.082464,0.382986
TEMPO_RADT_L1_V04_20260216T104306Z_S001G02,12.595327,33.676750,-100.409569,116,1,VNP46A3_A2025335,167,2.022889e-02,-0.026187,0.032424,0.080806,167.424927,115.894089,0.000000,0,0,3.952321e-03,-0.018898,0.013790,-0.020499,0.000269,0.003226,0.765675,0.903734,1.315947,1.212457,0.080384,0.350080
TEMPO_RADT_L1_V04_20260216T110741Z_S001G03,12.595327,33.810574,-106.639023,116,1,VNP46A3_A2025335,167,2.022889e-02,-0.026187,0.032424,0.080806,167.424927,116.095764,0.000000,0,2,9.836081e-03,0.010282,0.011235,0.014627,0.000237,0.005624,0.732835,0.857727,1.269044,1.095251,0.077980,0.322379
TEMPO_RADT_L1_V04_20260216T113217Z_S001G04,12.595327,34.028938,-113.234322,116,1,VNP46A3_A2025335,167,2.022889e-02,-0.026187,0.032424,0.080806,167.424927,116.606850,0.000000,0,0,1.026778e-02,0.018524,0.009326,0.033110,-0.000016,0.006943,0.724346,0.852890,1.258613,1.139856,0.079313,0.344681
TEMPO_RADT_L1_V04_20260216T115652Z_S001G05,12.595327,34.347404,-120.402649,116,1,VNP46A3_A2025335,167,2.022889e-02,-0.026187,0.032424,0.080806,167.424927,117.587372,0.000000,0,0,1.268812e-02,0.029633,0.010686,0.053703,-0.000270,0.009563,0.730373,0.876061,1.276505,1.356927,0.083230,0.435924
TEMPO_RADT_L1_V04_20260217T001609Z_S015G01,12.595327,34.119015,-63.565182,117,1,VNP46A3_A2025335,161,-3.600721e-02,-0.013308,0.028912,0.074490,174.387466,128.284485,0.000000,0,167,1.830083e-02,0.030383,0.006931,0.031957,-0.000354,0.000416,0.715084,0.865732,1.249030,1.181819,0.079143,0.391417
TEMPO_RADT_L1_V04_20260217T004057Z_S015G02,12.595327,33.840008,-70.579681,116,1,VNP46A3_A2025335,161,-3.600721e-02,-0.013308,0.028912,0.074490,174.387466,127.442505,0.000000,0,24,1.725919e-02,0.041417,0.006868,0.046372,0.000117,0.002917,0.715093,0.842173,1.244739,1.073212,0.077349,0.324752
TEMPO_RADT_L1_V04_20260217T010532Z_S015G03,12.595327,33.657452,-77.031792,116,1,VNP46A3_A2025335,161,-3.600721e-02,-0.013308,0.028912,0.074490,174.387466,127.007004,0.000000,0,14,4.389991e-03,-0.025746,0.018243,-0.017504,0.000086,0.005065,0.780352,0.918621,1.337154,1.161573,0.077411,0.319750
TEMPO_RADT_L1_V04_20260217T013008Z_S015G04,12.595327,33.536991,-83.218445,116,1,VNP46A3_A2025335,161,-3.600721e-02,-0.013308,0.028912,0.074490,174.387466,126.778809,0.000000,0,2,-3.115442e-03,-0.018808,0.013699,-0.010502,0.000545,0.008023,0.800570,0.902294,1.358524,1.140430,0.077533,0.330302
TEMPO_RADT_L1_V04_20260217T015443Z_S015G05,12.595327,33.492710,-89.238060,116,1,VNP46A3_A2025335,161,-3.600721e-02,-0.013308,0.028912,0.074490,174.387466,126.683746,0.000000,0,6,4.353677e-03,-0.000932,0.013774,-0.004230,0.000733,0.007150,0.779807,0.878218,1.335537,1.123622,0.077680,0.338813
TEMPO_RADT_L1_V04_20260217T101834Z_S001G01,12.595327,33.602428,-94.138885,117,1,VNP46A3_A2026001,131,-4.244924e-02,-0.017548,0.038298,0.178342,178.975906,122.457947,0.000000,0,5,5.677479e-03,-0.009198,0.011014,-0.034236,0.000699,0.002828,0.767112,0.891846,1.319652,1.267576,0.080462,0.387870
TEMPO_RADT_L1_V04_20260217T104322Z_S001G02,12.595327,33.659401,-100.242798,116,1,VNP46A3_A2026001,131,-4.244924e-02,-0.017548,0.038298,0.178342,178.975906,122.482407,0.000000,0,8,3.505813e-03,-0.019663,0.012279,-0.028300,0.000231,0.002147,0.765065,0.904390,1.316689,1.222571,0.078782,0.352095
TEMPO_RADT_L1_V04_20260217T110757Z_S001G03,12.595327,33.785984,-106.469658,116,1,VNP46A3_A2026001,131,-4.244924e-02,-0.017548,0.038298,0.178342,178.975906,122.640541,0.000000,0,0,9.626174e-03,0.006963,0.011116,0.005723,0.000295,0.004798,0.737551,0.857368,1.269172,1.103286,0.078332,0.329710
TEMPO_RADT_L1_V04_20260217T113233Z_S001G04,12.595327,34.007511,-113.039757,116,1,VNP46A3_A2026001,131,-4.244924e-02,-0.017548,0.038298,0.178342,178.975906,123.070488,0.000000,0,7,1.038868e-02,0.017880,0.009517,0.029524,-0.000010,0.007782,0.720881,0.861025,1.246414,1.160066,0.078598,0.348686
TEMPO_RADT_L1_V04_20260217T115708Z_S001G05,12.595327,34.330673,-120.168335,116,1,VNP46A3_A2026001,131,-4.244924e-02,-0.017548,0.038298,0.178342,178.975906,123.933334,0.000000,0,4,1.139845e-02,0.020869,0.010360,0.061553,0.000114,0.015918,0.736652,0.895993,1.280547,1.368571,0.082563,0.430407
TEMPO_RADT_L1_V04_20260218T015440Z_S013G01,12.595327,33.494865,-89.173615,111,1,VNP46A3_A2026001,19,-1.430243e-02,-0.024151,0.024599,0.173275,172.794434,114.356079,0.000000,0,0,3.654247e-03,0.002765,0.005175,0.005366,0.000327,0.004442,0.757402,0.842211,1.302035,1.064498,0.076859,0.315139
TEMPO_RADT_L1_V04_20260218T101848Z_S001G01,12.595327,33.603321,-94.136658,117,1,VNP46A3_A2026001,160,1.938608e-02,-0.001035,0.041191,0.139095,168.030106,128.063324,0.000000,0,0,7.038852e-03,-0.009072,0.014376,-0.047276,0.000220,0.001292,0.764456,0.884976,1.319817,1.207758,0.079436,0.369485
TEMPO_RADT_L1_V04_20260218T104336Z_S001G02,12.595327,33.666889,-100.226547,116,1,VNP46A3_A2026001,160,1.938608e-02,-0.001035,0.041191,0.139095,168.030106,128.041168,0.000000,0,4,4.000527e-03,-0.015460,0.014359,-0.020882,0.000328,0.005883,0.773186,0.906717,1.327795,1.209198,0.078313,0.352558
TEMPO_RADT_L1_V04_20260218T110811Z_S001G03,12.595327,33.791939,-106.446899,116,1,VNP46A3_A2026001,160,1.938608e-02,-0.001035,0.041191,0.139095,168.030106,128.138107,0.000000,0,4,9.022480e-03,0.000900,0.011487,0.000807,0.000428,0.006044,0.741585,0.871223,1.276611,1.120932,0.077389,0.330454
TEMPO_RADT_L1_V04_20260218T113247Z_S001G04,12.595327,34.010983,-113.017975,116,1,VNP46A3_A2026001,160,1.938608e-02,-0.001035,0.041191,0.139095,168.030106,128.475266,0.000000,0,6,1.102225e-02,0.024502,0.008823,0.044346,0.000329,0.009352,0.725026,0.864366,1.261438,1.141389,0.078001,0.346405
TEMPO_RADT_L1_V04_20260218T115722Z_S001G05,12.595327,34.329811,-120.148666,116,1,VNP46A3_A2026001,160,1.938608e-02,-0.001035,0.041191,0.139095,168.030106,129.194336,0.000000,0,2,1.241960e-02,0.020333,0.011448,0.067350,0.000223,0.016854,0.734866,0.898438,1.276599,1.324123,0.080727,0.417957
TEMPO_RADT_L1_V04_20260219T001521Z_S015G01,12.595327,34.133961,-63.350494,117,1,VNP46A3_A2026001,124,-3.595505e-02,0.001462,0.042469,0.212424,160.748032,103.591873,0.000000,0,6,1.873316e-02,0.025491,0.009478,0.056396,-0.000011,0.010121,0.718362,0.868305,1.257349,1.161675,0.078496,0.373367
TEMPO_RADT_L1_V04_20260219T004009Z_S015G02,12.595327,33.849724,-70.398491,116,1,VNP46A3_A2026001,124,-3.595505e-02,0.001462,0.042469,0.212424,160.748032,102.696121,0.000000,0,5,1.805654e-02,0.029258,0.009244,0.047172,0.000225,0.008727,0.718544,0.847234,1.244282,1.088492,0.077447,0.329377
TEMPO_RADT_L1_V04_20260219T010444Z_S015G03,12.595327,33.662632,-76.875557,116,1,VNP46A3_A2026001,124,-3.595505e-02,0.001462,0.042469,0.212424,160.748032,102.221802,0.000000,0,0,4.215945e-03,-0.000278,0.013620,0.008629,0.000324,0.007510,0.777271,0.888032,1.327838,1.124159,0.077453,0.322659
TEMPO_RADT_L1_V04_20260219T012920Z_S015G04,12.595327,33.547779,-83.062149,116,1,VNP46A3_A2026001,124,-3.595505e-02,0.001462,0.042469,0.212424,160.748032,101.979095,0.000000,0,39,-1.274448e-04,-0.018853,0.016318,-0.038189,0.000279,0.001013,0.793748,0.895460,1.350132,1.123174,0.077341,0.320918
TEMPO_RADT_L1_V04_20260219T015355Z_S015G05,12.595327,33.506577,-89.082039,116,1,VNP46A3_A2026001,124,-3.595505e-02,0.001462,0.042469,0.212424,160.748032,101.873085,0.000000,0,0,4.831823e-03,-0.014138,0.014694,-0.039450,0.000409,0.001177,0.782159,0.887210,1.343531,1.123448,0.077914,0.325651
TEMPO_RADT_L1_V04_20260219T101902Z_S001G01,12.595327,33.598763,-93.906532,115,1,VNP46A3_A2026001,176,2.028899e-02,0.010391,0.035783,0.164028,155.453110,131.830933,0.000000,0,2,7.242075e-03,-0.005084,0.014994,-0.025674,0.000416,-0.001149,0.773729,0.893203,1.331794,1.326816,0.081131,0.400291
TEMPO_RADT_L1_V04_20260219T104324Z_S001G02,12.595327,33.653744,-99.892143,114,1,VNP46A3_A2026001,176,2.028899e-02,0.010391,0.035783,0.164028,155.453110,131.773972,0.000000,0,0,4.320126e-03,-0.014909,0.015649,-0.019875,0.000210,0.000699,0.776537,0.905642,1.329388,1.221997,0.078604,0.347066
TEMPO_RADT_L1_V04_20260219T110734Z_S001G03,12.595327,33.767731,-105.996735,114,1,VNP46A3_A2026001,176,2.028899e-02,0.010391,0.035783,0.164028,155.453110,131.800323,0.000000,0,0,9.849516e-03,-0.000001,0.013590,-0.003770,0.000132,0.000566,0.751638,0.870126,1.288476,1.104507,0.077453,0.314243
TEMPO_RADT_L1_V04_20260219T113145Z_S001G04,12.595327,33.977524,-112.410370,114,1,VNP46A3_A2026001,176,2.028899e-02,0.010391,0.035783,0.164028,155.453110,131.976608,0.000000,0,4,1.250681e-02,0.017221,0.011422,0.025084,0.000117,0.004098,0.724510,0.867292,1.256874,1.167660,0.078437,0.341505
TEMPO_RADT_L1_V04_20260219T115555Z_S001G05,12.595327,34.277576,-119.350990,114,1,VNP46A3_A2026001,176,2.028899e-02,0.010391,0.035783,0.164028,155.453110,132.438187,0.000000,0,0,1.482888e-02,0.021544,0.011057,0.060050,-0.000121,0.012848,0.726701,0.902812,1.265528,1.437999,0.082329,0.450101
TEMPO_RADT_L1_V04_20260220T001703Z_S015G01,12.595327,34.140598,-63.305027,115,1,VNP46A3_A2026001,150,-3.378947e-02,0.039021,0.038332,0.151216,148.032745,91.155602,0.000000,0,2,1.815512e-02,0.027606,0.009709,0.032038,-0.000198,0.001550,0.716823,0.861861,1.254970,1.153947,0.078671,0.371645
TEMPO_RADT_L1_V04_20260220T004125Z_S015G02,12.595327,33.856319,-70.239113,114,1,VNP46A3_A2026001,150,-3.378947e-02,0.039021,0.038332,0.151216,148.032745,90.261742,0.000000,0,4,1.565521e-02,0.030991,0.006700,0.036417,0.000088,0.003262,0.711972,0.840650,1.246878,1.071305,0.077374,0.323163
TEMPO_RADT_L1_V04_20260220T010535Z_S015G03,12.595327,33.663906,-76.619751,114,1,VNP46A3_A2026001,150,-3.378947e-02,0.039021,0.038332,0.151216,148.032745,89.774872,0.000000,0,2,6.004700e-03,-0.008031,0.019124,-0.002618,0.000240,0.005109,0.776409,0.892181,1.328435,1.115376,0.077414,0.316168
TEMPO_RADT_L1_V04_20260220T012946Z_S015G04,12.595327,33.546913,-82.708603,114,1,VNP46A3_A2026001,150,-3.378947e-02,0.039021,0.038332,0.151216,148.032745,89.525536,0.000000,0,9,-1.218236e-03,-0.024706,0.013398,-0.016282,0.000418,0.006705,0.796272,0.903413,1.355478,1.141406,0.077454,0.326569
TEMPO_RADT_L1_V04_20260220T015356Z_S015G05,12.595327,33.494392,-88.638893,114,1,VNP46A3_A2026001,150,-3.378947e-02,0.039021,0.038332,0.151216,148.032745,89.404533,0.000000,0,42,5.643813e-03,-0.004938,0.012349,-0.015189,0.000550,0.005262,0.773156,0.873202,1.323767,1.114258,0.077908,0.337736
TEMPO_RADT_L1_V04_20260220T101915Z_S001G01,12.595327,33.598530,-93.927399,115,1,VNP46A3_A2026001,184,-3.734880e-02,0.006517,0.033767,0.161244,142.665054,133.480118,0.000000,0,0,7.131644e-03,-0.015705,0.016840,-0.058829,0.000514,-0.001952,0.779098,0.899268,1.338795,1.350552,0.080700,0.422501
TEMPO_RADT_L1_V04_20260220T104337Z_S001G02,12.595327,33.654312,-99.906494,114,1,VNP46A3_A2026001,184,-3.734880e-02,0.006517,0.033767,0.161244,142.665054,133.383423,0.000000,0,0,4.269696e-03,-0.014447,0.015124,-0.037852,0.000347,-0.000428,0.776636,0.911298,1.336576,1.243635,0.078410,0.356985
TEMPO_RADT_L1_V04_20260220T110747Z_S001G03,12.595327,33.775814,-106.000587,114,1,VNP46A3_A2026001,184,-3.734880e-02,0.006517,0.033767,0.161244,142.665054,133.321564,0.000000,0,6,1.084748e-02,0.006577,0.013751,-0.006616,0.000156,0.001882,0.746698,0.874681,1.290772,1.118013,0.077575,0.325654
TEMPO_RADT_L1_V04_20260220T113158Z_S001G04,12.595327,33.982677,-112.415604,114,1,VNP46A3_A2026001,184,-3.734880e-02,0.006517,0.033767,0.161244,142.665054,133.350739,0.000000,0,2,1.116614e-02,0.029956,0.009441,0.051434,0.000158,0.010074,0.729513,0.873032,1.267413,1.202919,0.078672,0.364862
TEMPO_RADT_L1_V04_20260220T115608Z_S001G05,12.595327,34.291039,-119.345360,114,1,VNP46A3_A2026001,184,-3.734880e-02,0.006517,0.033767,0.161244,142.665054,133.538437,0.000000,0,2,1.384387e-02,0.018784,0.011858,0.101157,0.000193,0.026880,0.733346,0.920730,1.281951,1.477074,0.082356,0.477749
TEMPO_RADT_L1_V04_20260221T001638Z_S015G01,12.595327,34.193958,-62.663570,94,1,VNP46A3_A2026001,24,-4.620109e-02,0.030873,0.023504,0.085571,135.435837,78.203918,0.000000,0,4,5.951188e-03,0.003809,0.004200,0.010488,-0.000367,0.003168,0.709507,0.837404,1.237236,1.086760,0.078440,0.334735
TEMPO_RADT_L1_V04_20260221T003633Z_S015G02,12.595327,33.944157,-68.422638,94,1,VNP46A3_A2026001,24,-4.620109e-02,0.030873,0.023504,0.085571,135.435837,77.390640,0.000000,0,8,4.702856e-03,0.000938,0.004149,0.003502,-0.000200,0.003681,0.708491,0.831785,1.237386,1.049704,0.077037,0.309453
TEMPO_RADT_L1_V04_20260221T005629Z_S015G03,12.595327,33.752220,-73.757591,93,1,VNP46A3_A2026001,24,-4.620109e-02,0.030873,0.023504,0.085571,135.435837,76.881714,0.000000,0,4,-4.046491e-04,-0.000087,0.010636,-0.003697,0.000400,0.002961,0.736817,0.844041,1.281754,1.075635,0.079778,0.321383
TEMPO_RADT_L1_V04_20260221T101928Z_S001G01,12.595327,33.585304,-93.948738,115,1,VNP46A3_A2026001,181,4.123591e-02,-0.007122,0.047689,0.117434,129.731247,132.559097,0.000000,0,0,6.768964e-03,-0.000019,0.016451,-0.011541,0.000431,-0.001252,0.776533,0.884700,1.336416,1.372430,0.080953,0.421307
TEMPO_RADT_L1_V04_20260221T104350Z_S001G02,12.595327,33.636044,-99.932198,114,1,VNP46A3_A2026001,181,4.123591e-02,-0.007122,0.047689,0.117434,129.731247,132.441483,0.000000,0,0,5.636514e-03,-0.013133,0.016670,-0.010959,0.000190,-0.000116,0.778230,0.909260,1.328379,1.239386,0.078220,0.349479
TEMPO_RADT_L1_V04_20260221T110800Z_S001G03,12.595327,33.753922,-106.027550,114,1,VNP46A3_A2026001,181,4.123591e-02,-0.007122,0.047689,0.117434,129.731247,132.310455,0.000000,0,0,9.443537e-03,0.000899,0.012122,0.000687,0.000065,0.001873,0.745185,0.861701,1.283347,1.085726,0.077254,0.307912
TEMPO_RADT_L1_V04_20260221T113211Z_S001G04,12.595327,33.956360,-112.449005,114,1,VNP46A3_A2026001,181,4.123591e-02,-0.007122,0.047689,0.117434,129.731247,132.190567,0.000000,0,2,1.202523e-02,0.018265,0.010100,0.025629,0.000066,0.003598,0.723453,0.856794,1.251313,1.170976,0.078656,0.345953
TEMPO_RADT_L1_V04_20260221T115621Z_S001G05,12.595327,34.257004,-119.385796,114,1,VNP46A3_A2026001,181,4.123591e-02,-0.007122,0.047689,0.117434,129.731247,132.105499,0.000000,0,0,1.481055e-02,0.011380,0.013775,0.030349,-0.000165,0.005542,0.730567,0.889330,1.270554,1.430574,0.081897,0.449680
TEMPO_RADT_L1_V04_20260222T001611Z_S015G01,12.595327,34.140533,-63.324413,115,1,VNP46A3_A2026001,120,3.556476e-02,0.062908,0.055865,0.233345,122.168411,64.846619,0.000000,0,0,1.617503e-02,0.025564,0.007378,0.011513,-0.001371,-0.004018,0.714952,0.857022,1.250566,1.177889,0.081640,0.375819
TEMPO_RADT_L1_V04_20260222T004033Z_S015G02,12.595327,33.859364,-70.252510,114,1,VNP46A3_A2026001,120,3.556476e-02,0.062908,0.055865,0.233345,122.168411,63.935432,0.000000,0,11,1.592557e-02,0.028463,0.006016,0.026786,-0.000977,-0.000041,0.714940,0.830006,1.243405,1.050694,0.080626,0.316017
TEMPO_RADT_L1_V04_20260222T010443Z_S015G03,12.595327,33.670918,-76.629555,114,1,VNP46A3_A2026001,120,3.556476e-02,0.062908,0.055865,0.233345,122.168411,63.436924,0.000000,0,0,3.524796e-03,-0.022589,0.016148,-0.017028,-0.000924,0.001161,0.778061,0.896827,1.334270,1.112081,0.077953,0.303465
TEMPO_RADT_L1_V04_20260222T012854Z_S015G04,12.595327,33.555492,-82.715416,114,1,VNP46A3_A2026001,120,3.556476e-02,0.062908,0.055865,0.233345,122.168411,63.180397,0.000000,0,70,-7.796052e-04,-0.005188,0.015661,0.002538,0.001315,0.002493,0.782764,0.882968,1.338908,1.131623,0.080522,0.320795
TEMPO_RADT_L1_V04_20260222T015304Z_S015G05,12.595327,33.505806,-88.648758,114,1,VNP46A3_A2026001,120,3.556476e-02,0.062908,0.055865,0.233345,122.168411,63.050468,0.000000,0,0,6.325917e-03,-0.006683,0.019765,0.001399,0.001752,0.005988,0.779253,0.869272,1.342404,1.136941,0.081303,0.348596
TEMPO_RADT_L1_V04_20260222T101939Z_S001G01,12.595327,33.589836,-93.969978,115,1,VNP46A3_A2026001,185,-1.854135e-02,-0.022300,0.032364,0.092809,116.697159,129.170380,0.000000,1816,2,5.976921e-03,-0.014467,0.017020,-0.017585,-0.000160,0.007158,0.777243,0.927699,1.354771,1.404892,0.093826,0.428424
TEMPO_RADT_L1_V04_20260222T104401Z_S001G02,12.595327,33.647522,-99.950241,114,1,VNP46A3_A2026001,185,-1.854135e-02,-0.022300,0.032364,0.092809,116.697159,129.030304,0.000000,494,0,4.492358e-03,-0.010113,0.013949,-0.019917,0.000075,0.001007,0.773300,0.907784,1.335094,1.241777,0.085430,0.352378
TEMPO_RADT_L1_V04_20260222T110811Z_S001G03,12.595327,33.764191,-106.051476,114,1,VNP46A3_A2026001,185,-1.854135e-02,-0.022300,0.032364,0.092809,116.697159,128.843460,0.000000,72,0,9.406165e-03,0.011950,0.012199,0.003362,-0.003822,-0.000297,0.749886,0.867872,1.291594,1.111101,0.082211,0.314190
TEMPO_RADT_L1_V04_20260222T113222Z_S001G04,12.595327,33.963982,-112.472923,114,1,VNP46A3_A2026001,185,-1.854135e-02,-0.022300,0.032364,0.092809,116.697159,128.589523,0.000000,83,4,1.302250e-02,0.025707,0.009857,0.036106,-0.005475,0.002765,0.723114,0.862678,1.256010,1.162320,0.086708,0.347636
TEMPO_RADT_L1_V04_20260222T115632Z_S001G05,12.595327,34.269798,-119.413193,114,1,VNP46A3_A2026001,185,-1.854135e-02,-0.022300,0.032364,0.092809,116.697159,128.241852,0.000000,0,0,1.446342e-02,0.006163,0.011586,0.044345,-0.003167,0.008105,0.733902,0.898733,1.274314,1.438909,0.099014,0.458581
TEMPO_RADT_L1_V04_20260223T001545Z_S015G01,12.595327,34.137897,-63.377823,115,1,VNP46A3_A2026001,142,8.241574e-03,0.022354,0.045429,0.147401,109.098877,51.465199,0.000000,9,4,1.906650e-02,0.039159,0.008394,0.019816,-0.000328,-0.005702,0.722288,0.854403,1.268914,1.131569,0.078925,0.359463
TEMPO_RADT_L1_V04_20260223T004007Z_S015G02,12.595327,33.861298,-70.293228,114,1,VNP46A3_A2026001,142,8.241574e-03,0.022354,0.045429,0.147401,109.098877,50.552666,0.000000,0,10,1.856828e-02,0.043671,0.007178,0.039774,0.000416,0.001288,0.720851,0.834150,1.265333,1.056121,0.077677,0.317855
TEMPO_RADT_L1_V04_20260223T010417Z_S015G03,12.595327,33.662399,-76.683495,114,1,VNP46A3_A2026001,142,8.241574e-03,0.022354,0.045429,0.147401,109.098877,50.035442,0.000000,0,2,5.266766e-03,0.002239,0.017259,0.015152,0.000251,0.005611,0.789283,0.882993,1.355401,1.109075,0.076958,0.315289
TEMPO_RADT_L1_V04_20260223T012828Z_S015G04,12.595327,33.544178,-82.768906,114,1,VNP46A3_A2026001,142,8.241574e-03,0.022354,0.045429,0.147401,109.098877,49.774715,0.000000,0,0,-4.194661e-03,-0.040299,0.015762,-0.020961,0.000302,0.008399,0.808502,0.910388,1.381220,1.156380,0.077495,0.324741
TEMPO_RADT_L1_V04_20260223T015238Z_S015G05,12.595327,33.496357,-88.693779,114,1,VNP46A3_A2026001,142,8.241574e-03,0.022354,0.045429,0.147401,109.098877,49.649609,0.000000,0,4,4.966561e-03,-0.018470,0.018551,-0.013113,0.000273,0.007332,0.792302,0.895556,1.364238,1.124670,0.078162,0.333287
TEMPO_RADT_L1_V04_20260223T101949Z_S001G01,12.595327,33.583332,-94.008850,115,1,VNP46A3_A2026001,180,4.058134e-02,-0.012324,0.036646,0.075999,103.599304,123.809731,0.000000,0,0,5.311716e-03,-0.025635,0.015063,-0.076053,0.001884,-0.003379,0.779796,0.909073,1.340349,1.347056,0.084542,0.412233
TEMPO_RADT_L1_V04_20260223T104411Z_S001G02,12.595327,33.637753,-99.990555,114,1,VNP46A3_A2026001,180,4.058134e-02,-0.012324,0.036646,0.075999,103.599304,123.669266,0.000000,0,0,4.272610e-03,-0.013128,0.013345,-0.019920,0.001670,0.005843,0.773973,0.923699,1.323045,1.261731,0.082855,0.360825
TEMPO_RADT_L1_V04_20260223T110821Z_S001G03,12.595327,33.756435,-106.087448,114,1,VNP46A3_A2026001,180,4.058134e-02,-0.012324,0.036646,0.075999,103.599304,123.441811,0.000000,0,4,9.139599e-03,0.012895,0.011652,0.015590,-0.001098,0.005773,0.747940,0.880197,1.284529,1.144225,0.079666,0.332058
TEMPO_RADT_L1_V04_20260223T113232Z_S001G04,12.595327,33.966484,-112.488907,114,1,VNP46A3_A2026001,180,4.058134e-02,-0.012324,0.036646,0.075999,103.599304,123.076447,0.000000,0,9,1.379066e-02,0.025770,0.011328,0.048134,-0.001668,0.010025,0.724390,0.871930,1.259862,1.208515,0.081690,0.368731
TEMPO_RADT_L1_V04_20260223T115642Z_S001G05,12.595327,34.274067,-119.426559,114,1,VNP46A3_A2026001,180,4.058134e-02,-0.012324,0.036646,0.075999,103.599304,122.520294,0.000000,0,0,1.426272e-02,0.020734,0.011651,0.076171,-0.001520,0.019066,0.731715,0.913424,1.274818,1.441498,0.086118,0.456852
TEMPO_RADT_L1_V04_20260224T001518Z_S015G01,12.595327,34.154846,-63.254395,115,1,VNP46A3_A2026001,160,8.098762e-03,-0.022418,0.038851,0.096139,95.983185,38.190090,0.000000,0,4,1.830643e-02,0.060054,0.003321,0.105885,0.000132,0.019488,0.757195,0.888814,1.326012,1.356832,0.081787,0.471985
TEMPO_RADT_L1_V04_20260224T003940Z_S015G02,12.595327,33.872105,-70.181862,114,1,VNP46A3_A2026001,160,8.098762e-03,-0.022418,0.038851,0.096139,95.983185,37.253590,0.000000,0,6,1.922822e-02,0.061073,0.004500,0.082016,0.000342,0.010561,0.747989,0.869903,1.315089,1.172782,0.078983,0.373886
TEMPO_RADT_L1_V04_20260224T010350Z_S015G03,12.595327,33.672119,-76.574127,114,1,VNP46A3_A2026001,160,8.098762e-03,-0.022418,0.038851,0.096139,95.983185,36.725422,0.000000,0,0,3.410680e-03,-0.056672,0.024127,-0.047830,0.000548,0.007110,0.827421,1.009367,1.434509,1.302000,0.078720,0.352495
TEMPO_RADT_L1_V04_20260224T012801Z_S015G04,12.595327,33.553951,-82.658089,114,1,VNP46A3_A2026001,160,8.098762e-03,-0.022418,0.038851,0.096139,95.983185,36.460732,0.000000,0,2,-6.492020e-03,-0.038156,0.015277,-0.044102,0.000718,0.008296,0.843337,0.944435,1.435884,1.252940,0.078878,0.370682
TEMPO_RADT_L1_V04_20260224T015211Z_S015G05,12.595327,33.501579,-88.586098,114,1,VNP46A3_A2026001,160,8.098762e-03,-0.022418,0.038851,0.096139,95.983185,36.330887,0.000000,0,0,4.475681e-03,-0.008846,0.014605,-0.043115,0.000979,0.004774,0.807419,0.902761,1.386183,1.266836,0.080034,0.395152
TEMPO_RADT_L1_V04_20260224T101959Z_S001G01,12.595327,33.580013,-93.891624,115,1,VNP46A3_A2026001,167,4.037352e-02,-0.029772,0.044257,0.126176,90.468422,117.086525,0.000000,0,0,5.956126e-03,-0.014445,0.015155,-0.079702,0.000709,0.001469,0.786300,0.902686,1.340499,1.275912,0.082328,0.396855
TEMPO_RADT_L1_V04_20260224T104421Z_S001G02,12.595327,33.634491,-99.870071,114,1,VNP46A3_A2026001,167,4.037352e-02,-0.029772,0.044257,0.126176,90.468422,116.952118,0.000000,0,67,5.114732e-03,-0.029204,0.012763,-0.052838,0.000877,0.007047,0.777350,0.937279,1.333728,1.253675,0.080765,0.368826
TEMPO_RADT_L1_V04_20260224T110831Z_S001G03,12.595327,33.751778,-105.962196,114,1,VNP46A3_A2026001,167,4.037352e-02,-0.029772,0.044257,0.126176,90.468422,116.706833,0.000000,0,4,8.986889e-03,0.013359,0.011203,0.022519,0.000512,0.012042,0.746819,0.885097,1.282807,1.171003,0.079214,0.354453
TEMPO_RADT_L1_V04_20260224T113242Z_S001G04,12.595327,33.954159,-112.374611,114,1,VNP46A3_A2026001,167,4.037352e-02,-0.029772,0.044257,0.126176,90.468422,116.276894,0.000000,0,8,1.191801e-02,0.026669,0.008895,0.065006,0.000170,0.017397,0.724216,0.887980,1.256830,1.220790,0.080333,0.377000
TEMPO_RADT_L1_V04_20260224T115652Z_S001G05,12.595327,34.252083,-119.300758,114,1,VNP46A3_A2026001,167,4.037352e-02,-0.029772,0.044257,0.126176,90.468422,115.581581,0.000000,0,13,1.349132e-02,0.026237,0.010790,0.100261,0.000006,0.026532,0.739035,0.919359,1.280836,1.344360,0.081992,0.432297
TEMPO_RADT_L1_V04_20260225T012239Z_S012G01,12.595327,33.571209,-81.752014,126,1,VNP46A3_A2026001,90,3.390426e-02,0.004964,0.029576,0.069675,82.537697,23.169243,0.000000,0,0,1.934596e-03,-0.010476,0.013637,-0.015994,0.000228,0.001455,0.835055,0.926589,1.433517,1.160813,0.078193,0.317604
TEMPO_RADT_L1_V04_20260225T014921Z_S012G02,12.595327,33.507332,-88.260178,125,1,VNP46A3_A2026001,90,3.390426e-02,0.004964,0.029576,0.069675,82.537697,23.020552,0.000000,0,0,1.103322e-02,0.023387,0.009591,0.033458,0.000346,0.008737,0.809886,0.871089,1.397387,1.098996,0.077622,0.319847
TEMPO_RADT_L1_V04_20260225T102008Z_S001G01,12.595327,33.583511,-93.884911,115,1,VNP46A3_A2026001,172,-3.804711e-02,-0.003978,0.037507,0.126136,77.323189,109.450340,0.000000,0,0,4.881664e-03,-0.019442,0.014902,-0.079521,0.000151,-0.001595,0.778250,0.902696,1.333943,1.204621,0.079908,0.368265
TEMPO_RADT_L1_V04_20260225T104430Z_S001G02,12.595327,33.644608,-99.857925,114,1,VNP46A3_A2026001,172,-3.804711e-02,-0.003978,0.037507,0.126136,77.323189,109.324287,0.000000,0,0,2.687936e-03,-0.023817,0.014414,-0.050511,0.000434,0.002679,0.778813,0.920901,1.339406,1.199234,0.079294,0.345174
TEMPO_RADT_L1_V04_20260225T110840Z_S001G03,12.595327,33.764034,-105.948669,114,1,VNP46A3_A2026001,172,-3.804711e-02,-0.003978,0.037507,0.126136,77.323189,109.070686,0.000000,0,4,1.045840e-02,0.016248,0.013306,0.020539,0.000728,0.009495,0.743261,0.874550,1.280084,1.128853,0.079520,0.335871
TEMPO_RADT_L1_V04_20260225T113251Z_S001G04,12.595327,33.977867,-112.359352,114,1,VNP46A3_A2026001,172,-3.804711e-02,-0.003978,0.037507,0.126136,77.323189,108.587082,0.000000,0,8,1.313717e-02,0.027881,0.010552,0.057135,0.000283,0.013053,0.725688,0.876779,1.259199,1.159200,0.078652,0.352787
TEMPO_RADT_L1_V04_20260225T115701Z_S001G05,12.595327,34.278122,-119.292191,114,1,VNP46A3_A2026001,172,-3.804711e-02,-0.003978,0.037507,0.126136,77.323189,107.779167,0.000000,0,8,1.410780e-02,0.022990,0.013394,0.100937,0.000051,0.027226,0.746357,0.909655,1.317466,1.277918,0.081034,0.412144
TEMPO_RADT_L1_V04_20260226T001424Z_S015G01,12.595327,34.141212,-63.262394,115,1,VNP46A3_A2026001,116,4.022094e-02,0.051196,0.044749,0.205880,69.714249,12.276930,0.000000,0,2,2.166696e-02,0.037380,0.012895,0.027139,-0.000755,0.000277,0.885133,0.918527,1.629151,1.364690,0.083398,0.435366
TEMPO_RADT_L1_V04_20260226T003846Z_S015G02,12.595327,33.859058,-70.193840,114,1,VNP46A3_A2026001,116,4.022094e-02,0.051196,0.044749,0.205880,69.714249,11.323888,0.000000,0,4,2.352542e-02,0.042250,0.015433,0.010446,0.000326,-0.004889,0.881711,0.897319,1.617212,1.178654,0.080746,0.346315
TEMPO_RADT_L1_V04_20260226T010256Z_S015G03,12.595327,33.665520,-76.581215,114,1,VNP46A3_A2026001,116,4.022094e-02,0.051196,0.044749,0.205880,69.714249,10.783993,0.000000,0,6,2.644389e-03,-0.054642,0.017351,-0.029356,0.001013,0.010540,0.883640,0.996293,1.567167,1.279367,0.082926,0.343918
TEMPO_RADT_L1_V04_20260226T012707Z_S015G04,12.595327,33.554565,-82.656082,114,1,VNP46A3_A2026001,116,4.022094e-02,0.051196,0.044749,0.205880,69.714249,10.518116,0.000000,0,2,-8.274413e-03,-0.007125,0.012350,0.025013,-0.000103,0.016617,0.923351,0.950134,1.628215,1.259644,0.080004,0.363245
TEMPO_RADT_L1_V04_20260226T015117Z_S015G05,12.595327,33.506584,-88.581429,114,1,VNP46A3_A2026001,116,4.022094e-02,0.051196,0.044749,0.205880,69.714249,10.394416,0.000000,0,2,-1.520149e-04,-0.000991,0.006249,0.011751,-0.000062,0.013456,0.876365,0.921963,1.561395,1.302342,0.082989,0.391561
TEMPO_RADT_L1_V04_20260226T102015Z_S001G01,12.595327,33.579845,-93.329231,113,1,VNP46A3_A2026001,179,-2.586607e-02,0.010444,0.051636,0.150304,64.204414,101.623383,0.000000,10,9,7.986282e-03,0.008692,0.015924,0.000793,0.001335,0.011112,0.780958,0.897323,1.337282,1.231203,0.085222,0.388892
TEMPO_RADT_L1_V04_20260226T104412Z_S001G02,12.595327,33.628365,-99.200592,112,1,VNP46A3_A2026001,179,-2.586607e-02,0.010444,0.051636,0.150304,64.204414,101.523895,0.000000,0,10,4.320310e-03,-0.028324,0.015595,-0.023738,0.000526,0.009982,0.777805,0.934509,1.329466,1.228809,0.078941,0.357760
TEMPO_RADT_L1_V04_20260226T110757Z_S001G03,12.595327,33.732677,-105.156525,112,1,VNP46A3_A2026001,179,-2.586607e-02,0.010444,0.051636,0.150304,64.204414,101.302719,0.000000,0,4,9.691835e-03,0.009652,0.011613,0.010968,-0.000058,0.006574,0.750228,0.891372,1.296164,1.147946,0.078234,0.335025
TEMPO_RADT_L1_V04_20260226T113141Z_S001G04,12.595327,33.921574,-111.398735,112,1,VNP46A3_A2026001,179,-2.586607e-02,0.010444,0.051636,0.150304,64.204414,100.855270,0.000000,0,8,1.370644e-02,0.023129,0.010121,0.035408,0.000248,0.007302,0.731913,0.880688,1.272163,1.162171,0.079110,0.348490
TEMPO_RADT_L1_V04_20260226T115526Z_S001G05,12.595327,34.200169,-118.105843,112,1,VNP46A3_A2026001,179,-2.586607e-02,0.010444,0.051636,0.150304,64.204414,100.067970,0.000000,0,2,1.217347e-02,0.012628,0.011670,0.026588,-0.000287,0.008525,0.749875,0.939439,1.323497,1.363761,0.082856,0.422666
TEMPO_RADT_L1_V04_20260227T001604Z_S015G01,12.595327,34.155045,-63.197563,113,1,VNP46A3_A2026001,133,3.188086e-02,0.012496,0.040549,0.134291,56.603218,7.111216,0.000000,0,2,2.514253e-02,0.046007,0.019599,0.085701,0.000134,0.017774,0.926732,0.948588,1.716257,1.429711,0.082255,0.474775
TEMPO_RADT_L1_V04_20260227T004001Z_S015G02,12.595327,33.867912,-70.023811,112,1,VNP46A3_A2026001,133,3.188086e-02,0.012496,0.040549,0.134291,56.603218,7.172496,0.000000,0,22,2.901141e-02,0.046099,0.025827,0.055324,0.000179,0.006097,1.014444,0.954375,1.900975,1.263479,0.079446,0.364991
TEMPO_RADT_L1_V04_20260227T010346Z_S015G03,12.595327,33.678886,-76.306023,112,1,VNP46A3_A2026001,133,3.188086e-02,0.012496,0.040549,0.134291,56.603218,7.248115,0.000000,0,4,-8.547763e-08,-0.034311,0.021516,-0.039623,0.000574,0.001140,0.997759,1.001671,1.812247,1.276762,0.078372,0.333677
TEMPO_RADT_L1_V04_20260227T012730Z_S015G04,12.595327,33.555622,-82.298050,112,1,VNP46A3_A2026001,133,3.188086e-02,0.012496,0.040549,0.134291,56.603218,7.291568,0.000000,22,7,9.557208e-04,-0.014944,0.032429,-0.018347,0.000637,0.006519,1.090040,1.026844,1.977997,1.351421,0.081348,0.364929
TEMPO_RADT_L1_V04_20260227T015115Z_S015G05,12.595327,33.496506,-88.131393,112,1,VNP46A3_A2026001,133,3.188086e-02,0.012496,0.040549,0.134291,56.603218,7.330052,0.000000,0,121,3.527211e-02,-0.012315,0.083761,-0.030185,0.000824,0.007445,1.115370,1.008933,2.054007,1.416636,0.080883,0.411849
TEMPO_RADT_L1_V04_20260227T102022Z_S001G01,12.595327,33.586693,-93.322151,113,1,VNP46A3_A2026001,179,-4.743928e-02,-0.015584,0.034885,0.107160,51.120922,93.382111,0.000000,0,0,6.193035e-03,-0.007208,0.013237,-0.047597,0.000544,0.005883,0.780556,0.907804,1.336238,1.300417,0.080880,0.403277
TEMPO_RADT_L1_V04_20260227T104419Z_S001G02,12.595327,33.638477,-99.189644,112,1,VNP46A3_A2026001,179,-4.743928e-02,-0.015584,0.034885,0.107160,51.120922,93.301399,0.000000,0,2,5.138701e-03,-0.023154,0.014324,-0.036678,0.000393,0.007519,0.775176,0.936392,1.329420,1.263646,0.079012,0.367481
TEMPO_RADT_L1_V04_20260227T110804Z_S001G03,12.595327,33.743954,-105.146080,112,1,VNP46A3_A2026001,179,-4.743928e-02,-0.015584,0.034885,0.107160,51.120922,93.091171,0.000000,0,4,1.012086e-02,0.011282,0.013477,0.021568,0.000538,0.011988,0.757417,0.897569,1.309872,1.176699,0.078345,0.352221
TEMPO_RADT_L1_V04_20260227T113148Z_S001G04,12.595327,33.932056,-111.394539,112,1,VNP46A3_A2026001,179,-4.743928e-02,-0.015584,0.034885,0.107160,51.120922,92.636688,0.000000,0,6,1.370037e-02,0.027180,0.011885,0.054029,0.000477,0.012312,0.735358,0.893062,1.283778,1.227621,0.079408,0.372994
TEMPO_RADT_L1_V04_20260227T115533Z_S001G05,12.595327,34.208641,-118.100525,112,1,VNP46A3_A2026001,179,-4.743928e-02,-0.015584,0.034885,0.107160,51.120922,91.817703,0.000000,0,0,1.189739e-02,0.019425,0.011367,0.064273,0.000412,0.020163,0.767416,0.939095,1.367158,1.415821,0.081983,0.448435
TEMPO_RADT_L1_V04_20260228T001536Z_S015G01,12.595327,34.143456,-63.205719,113,1,VNP46A3_A2026001,152,2.540414e-02,0.016233,0.028625,0.107953,43.568485,17.557638,0.000000,0,0,4.656772e-02,0.046352,0.067180,0.039899,-0.000203,0.001810,1.144694,1.016041,2.192849,1.511957,0.082262,0.461715
TEMPO_RADT_L1_V04_20260228T003933Z_S015G02,12.595327,33.863560,-70.032150,112,1,VNP46A3_A2026001,152,2.540414e-02,0.016233,0.028625,0.107953,43.568485,18.256062,0.000000,0,2,4.157759e-02,0.048147,0.056184,0.044236,-0.000093,0.001748,1.129185,0.988011,2.136066,1.301845,0.078894,0.358413
TEMPO_RADT_L1_V04_20260228T010318Z_S015G03,12.595327,33.673420,-76.321892,112,1,VNP46A3_A2026001,152,2.540414e-02,0.016233,0.028625,0.107953,43.568485,18.651375,0.000000,0,203,1.617113e-02,-0.051436,0.062009,-0.057833,-0.000183,-0.000563,1.243124,1.097133,2.339775,1.389521,0.078226,0.325332
TEMPO_RADT_L1_V04_20260228T012702Z_S015G04,12.595327,33.555275,-82.313477,112,1,VNP46A3_A2026001,152,2.540414e-02,0.016233,0.028625,0.107953,43.568485,18.852127,0.000000,0,0,3.084260e-02,0.008192,0.102859,0.013229,0.000766,0.007697,1.480031,1.122518,2.779869,1.468179,0.079458,0.362419
TEMPO_RADT_L1_V04_20260228T015047Z_S015G05,12.595327,33.501396,-88.145363,112,1,VNP46A3_A2026001,152,2.540414e-02,0.016233,0.028625,0.107953,43.568485,18.958157,0.000000,0,13,4.015778e-02,-0.011575,0.069611,-0.002254,0.001076,0.010050,1.100114,1.021527,1.999588,1.509461,0.081403,0.433759
TEMPO_RADT_L1_V04_20260228T102029Z_S001G01,12.595327,33.587517,-93.323982,113,1,VNP46A3_A2026001,173,-5.587783e-02,0.034730,0.043118,0.133978,38.121609,85.254929,0.000000,0,2,8.727898e-03,-0.005486,0.014872,-0.030578,0.000431,0.005191,0.800119,0.937779,1.390397,1.319641,0.080680,0.393433
TEMPO_RADT_L1_V04_20260228T104426Z_S001G02,12.595327,33.635757,-99.199394,112,1,VNP46A3_A2026001,173,-5.587783e-02,0.034730,0.043118,0.133978,38.121609,85.191208,0.000000,0,0,6.531576e-03,-0.016132,0.017012,-0.019776,0.000443,0.006410,0.788295,0.921565,1.363643,1.259454,0.078945,0.361310
TEMPO_RADT_L1_V04_20260228T110811Z_S001G03,12.595327,33.740181,-105.158409,112,1,VNP46A3_A2026001,173,-5.587783e-02,0.034730,0.043118,0.133978,38.121609,84.998528,0.000000,0,0,1.182925e-02,-0.000544,0.016257,0.002381,0.000241,0.005862,0.772063,0.897820,1.350265,1.157587,0.077817,0.331938
TEMPO_RADT_L1_V04_20260228T113155Z_S001G04,12.595327,33.928493,-111.412102,112,1,VNP46A3_A2026001,173,-5.587783e-02,0.034730,0.043118,0.133978,38.121609,84.551140,0.000000,0,5,1.306487e-02,0.023850,0.009770,0.036707,0.000061,0.006928,0.763884,0.898079,1.365739,1.209383,0.078811,0.354228
TEMPO_RADT_L1_V04_20260228T115540Z_S001G05,12.595327,34.207848,-118.123886,112,1,VNP46A3_A2026001,173,-5.587783e-02,0.034730,0.043118,0.133978,38.121609,83.719505,0.000000,0,5,7.216974e-03,0.022337,0.002032,0.054723,0.000217,0.013030,0.813670,0.924156,1.482642,1.442989,0.082723,0.446404
TEMPO_RADT_L1_V04_20260301T001508Z_S013G01,12.595327,34.149628,-63.194275,113,1,VNP46A3_A2026001,148,3.241841e-02,0.043098,0.040197,0.217175,30.644587,30.410366,0.000000,0,0,2.230064e-02,0.043896,0.021220,0.060875,-0.000321,0.010262,1.204557,1.068928,2.321081,1.604442,0.083019,0.491774
TEMPO_RADT_L1_V04_20260301T003905Z_S013G02,12.595327,33.865288,-70.026184,112,1,VNP46A3_A2026001,148,3.241841e-02,0.043098,0.040197,0.217175,30.644587,31.202440,0.000000,0,38,2.253245e-02,0.044084,0.015203,0.043169,-0.000019,0.004240,1.455672,1.053123,2.788425,1.389728,0.079337,0.366441
TEMPO_RADT_L1_V04_20260301T010250Z_S013G03,12.595327,33.667248,-76.320221,112,1,VNP46A3_A2026001,148,3.241841e-02,0.043098,0.040197,0.217175,30.644587,31.645266,0.000000,0,0,5.844959e-02,-0.028673,0.112391,-0.026450,0.000291,0.004157,1.274074,1.107867,2.351116,1.394724,0.078111,0.328649
TEMPO_RADT_L1_V04_20260301T012634Z_S013G04,12.595327,33.545723,-82.310303,112,1,VNP46A3_A2026001,148,3.241841e-02,0.043098,0.040197,0.217175,30.644587,31.865765,0.000000,0,0,1.758045e-02,-0.003637,0.077452,-0.004283,0.000711,0.004882,1.358699,1.077176,2.519636,1.436170,0.079754,0.368804
TEMPO_RADT_L1_V04_20260301T015019Z_S013G05,12.595327,33.489548,-88.144417,112,1,VNP46A3_A2026001,148,3.241841e-02,0.043098,0.040197,0.217175,30.644587,31.979980,0.000000,0,11,5.486565e-02,0.008480,0.113005,-0.008821,0.000897,0.003738,1.304223,1.097392,2.388853,1.571419,0.081785,0.426759
TEMPO_RADT_L1_V04_20260301T102034Z_S001G01,12.595327,33.589508,-93.325768,113,1,VNP46A3_A2026001,177,-4.782556e-02,-0.020804,0.052188,0.153951,25.254370,77.515816,0.000000,0,0,1.220557e-02,-0.005502,0.024694,-0.045935,0.000333,0.000279,0.841234,0.909482,1.479573,1.328020,0.080925,0.400769
TEMPO_RADT_L1_V04_20260301T104431Z_S001G02,12.595327,33.638203,-99.200348,112,1,VNP46A3_A2026001,177,-4.782556e-02,-0.020804,0.052188,0.153951,25.254370,77.475998,0.000000,0,0,7.273273e-03,-0.013639,0.021453,-0.023318,0.000305,0.003455,0.877561,0.947299,1.567653,1.299368,0.079309,0.361834
TEMPO_RADT_L1_V04_20260301T110816Z_S001G03,12.595327,33.740780,-105.161560,112,1,VNP46A3_A2026001,177,-4.782556e-02,-0.020804,0.052188,0.153951,25.254370,77.307976,0.000000,0,17,1.315929e-02,0.003967,0.018425,-0.000475,0.000265,0.003858,0.808760,0.899156,1.425446,1.154131,0.077934,0.327412
TEMPO_RADT_L1_V04_20260301T113200Z_S001G04,12.595327,33.934734,-111.409447,112,1,VNP46A3_A2026001,177,-4.782556e-02,-0.020804,0.052188,0.153951,25.254370,76.890747,0.000000,0,10,1.477442e-02,0.023567,0.012592,0.043552,0.000191,0.009833,0.821466,0.899689,1.491557,1.233044,0.079452,0.362569
TEMPO_RADT_L1_V04_20260301T115545Z_S001G05,12.595327,34.208851,-118.119507,112,1,VNP46A3_A2026001,177,-4.782556e-02,-0.020804,0.052188,0.153951,25.254370,76.083298,0.000000,0,10,8.713985e-04,0.014401,-0.009255,0.070385,0.000229,0.020464,0.901684,0.951356,1.696362,1.476722,0.082609,0.456671
TEMPO_RADT_L1_V04_20260302T001439Z_S015G01,12.595327,34.140408,-63.198948,113,1,VNP46A3_A2026001,157,3.412077e-02,-0.031414,0.047167,0.087293,17.882685,43.420162,0.000000,0,40,5.018315e-02,0.044326,0.070318,0.043733,-0.000617,0.003238,1.514725,1.113288,2.894852,1.626090,0.082055,0.476479
TEMPO_RADT_L1_V04_20260302T003836Z_S015G02,12.595327,33.858418,-70.030968,112,1,VNP46A3_A2026001,157,3.412077e-02,-0.031414,0.047167,0.087293,17.882685,44.241661,0.000000,0,19,7.196345e-02,0.049917,0.096247,0.054118,-0.000052,0.003225,1.561855,1.145723,2.971572,1.488283,0.079449,0.357008
TEMPO_RADT_L1_V04_20260302T010221Z_S015G03,12.595327,33.671196,-76.309242,112,1,VNP46A3_A2026001,157,3.412077e-02,-0.031414,0.047167,0.087293,17.882685,44.688610,0.000000,0,0,5.267848e-02,-0.026977,0.110746,-0.012259,0.000371,0.005076,1.128727,1.082034,2.066476,1.355805,0.078202,0.328401
TEMPO_RADT_L1_V04_20260302T012605Z_S015G04,12.595327,33.552509,-82.294579,112,1,VNP46A3_A2026001,157,3.412077e-02,-0.031414,0.047167,0.087293,17.882685,44.911423,0.000000,0,11,2.821542e-02,-0.022092,0.087515,-0.020708,0.000723,0.005508,1.205211,1.097520,2.162866,1.437230,0.078801,0.361065
TEMPO_RADT_L1_V04_20260302T014950Z_S015G05,12.595327,33.498901,-88.127327,112,1,VNP46A3_A2026001,157,3.412077e-02,-0.031414,0.047167,0.087293,17.882685,45.025227,0.000000,0,8,3.726075e-02,0.022482,0.082604,0.016471,0.001115,0.006915,1.437043,1.130140,2.662980,1.596967,0.081148,0.415066
TEMPO_RADT_L1_V04_20260302T102038Z_S001G01,12.595327,33.590183,-93.334229,113,1,VNP46A3_A2026001,172,4.749672e-03,-0.009567,0.037545,0.130203,12.571880,70.449615,0.000000,0,2,1.030234e-02,0.006369,0.021279,-0.035040,0.000318,-0.000514,0.956743,0.943335,1.742513,1.368008,0.081141,0.399447
TEMPO_RADT_L1_V04_20260302T104435Z_S001G02,12.595327,33.639301,-99.213203,112,1,VNP46A3_A2026001,172,4.749672e-03,-0.009567,0.037545,0.130203,12.571880,70.432144,0.000000,0,0,9.173227e-03,-0.027946,0.027863,-0.044558,0.000158,0.001881,0.995134,0.993424,1.804572,1.310105,0.078988,0.350145
TEMPO_RADT_L1_V04_20260302T110820Z_S001G03,12.595327,33.740353,-105.178375,112,1,VNP46A3_A2026001,172,4.749672e-03,-0.009567,0.037545,0.130203,12.571880,70.294060,0.000000,0,14,1.566626e-02,0.006817,0.024268,0.009691,0.000370,0.005782,0.905473,0.943199,1.637732,1.200451,0.078092,0.326167
TEMPO_RADT_L1_V04_20260302T113204Z_S001G04,12.595327,33.934994,-111.424698,112,1,VNP46A3_A2026001,172,4.749672e-03,-0.009567,0.037545,0.130203,12.571880,69.923477,0.000000,0,13,1.182911e-02,0.024335,0.008839,0.049665,0.000356,0.010729,0.959570,0.956323,1.789606,1.283320,0.079448,0.354662
TEMPO_RADT_L1_V04_20260302T115549Z_S001G05,12.595327,34.216629,-118.140968,112,1,VNP46A3_A2026001,172,4.749672e-03,-0.009567,0.037545,0.130203,12.571880,69.163803,0.000000,0,7,7.196432e-03,0.014503,0.000934,0.057603,0.000316,0.015572,1.013290,1.003566,1.919623,1.468098,0.082210,0.431296
TEMPO_RADT_L1_V04_20260303T001411Z_S015G01,12.595327,34.142696,-63.212440,113,1,VNP46A3_A2026001,127,1.537453e-02,-0.009596,0.027777,0.117348,5.339488,56.287052,0.000000,0,28,4.632708e-02,0.040402,0.023837,0.062664,-0.000174,0.011037,1.735173,1.314508,3.313289,1.823954,0.083303,0.468041
TEMPO_RADT_L1_V04_20260303T003808Z_S015G02,12.595327,33.851601,-70.062546,112,1,VNP46A3_A2026001,127,1.537453e-02,-0.009596,0.027777,0.117348,5.339488,57.132160,0.000000,0,2,1.036453e-01,0.046627,0.168707,0.061481,0.000297,0.006034,1.349889,1.124539,2.583755,1.448897,0.079585,0.358520
TEMPO_RADT_L1_V04_20260303T010153Z_S015G03,12.595327,33.657597,-76.344002,112,1,VNP46A3_A2026001,127,1.537453e-02,-0.009596,0.027777,0.117348,5.339488,57.584343,0.000000,0,28,2.791638e-02,-0.017532,0.073633,-0.008663,0.000453,0.005538,1.328052,1.146790,2.483986,1.435543,0.078539,0.332432
TEMPO_RADT_L1_V04_20260303T012537Z_S015G04,12.595327,33.534798,-82.333649,112,1,VNP46A3_A2026001,127,1.537453e-02,-0.009596,0.027777,0.117348,5.339488,57.810047,0.000000,0,7,-3.794305e-02,-0.000897,-0.036832,0.001988,0.000887,0.006660,1.308846,1.124459,2.403642,1.458655,0.079464,0.357315
TEMPO_RADT_L1_V04_20260303T014922Z_S015G05,12.595327,33.478626,-88.167801,112,1,VNP46A3_A2026001,127,1.537453e-02,-0.009596,0.027777,0.117348,5.339488,57.921871,0.000000,0,47,1.501084e-02,0.000437,0.026612,-0.012093,0.000980,0.003683,1.278575,1.126075,2.347205,1.523080,0.080301,0.396169
TEMPO_RADT_L1_V04_20260303T102042Z_S001G01,12.595327,33.581387,-93.332649,113,1,VNP46A3_A2026001,168,4.058306e-02,-0.009968,0.043726,0.193859,0.376213,64.369064,0.000000,0,26,6.201740e-03,0.010507,0.010520,-0.010022,0.000295,-0.000690,0.756903,0.865718,1.307564,1.299120,0.081177,0.390204
TEMPO_RADT_L1_V04_20260303T104439Z_S001G02,12.595327,33.631882,-99.206795,112,1,VNP46A3_A2026001,168,4.058306e-02,-0.009968,0.043726,0.193859,0.376213,64.383705,0.000000,0,2,3.759335e-03,-0.021543,0.014457,-0.019858,0.000443,0.001755,0.767592,0.906717,1.320246,1.188693,0.080327,0.335555
TEMPO_RADT_L1_V04_20260303T110824Z_S001G03,12.595327,33.736786,-105.177238,112,1,VNP46A3_A2026001,168,4.058306e-02,-0.009968,0.043726,0.193859,0.376213,64.282410,0.000000,0,6,9.086575e-03,0.002163,0.012755,0.003419,-0.000026,0.002351,0.742672,0.866879,1.278745,1.088632,0.077046,0.309035
TEMPO_RADT_L1_V04_20260303T113208Z_S001G04,12.595327,33.928959,-111.434669,112,1,VNP46A3_A2026001,168,4.058306e-02,-0.009968,0.043726,0.193859,0.376213,63.966614,0.000000,0,3,1.143664e-02,0.016546,0.008160,0.024269,-0.000077,0.002075,0.719647,0.856123,1.257298,1.136671,0.079008,0.331713
TEMPO_RADT_L1_V04_20260303T115553Z_S001G05,12.595327,34.211960,-118.161041,112,1,VNP46A3_A2026001,168,4.058306e-02,-0.009968,0.043726,0.193859,0.376213,63.290535,0.000000,0,0,1.144786e-02,0.008261,0.010377,0.031799,-0.000046,0.005014,0.724312,0.890125,1.260094,1.360916,0.082437,0.412838
TEMPO_RADT_L1_V04_20260304T011640Z_S012G01,12.595327,33.581566,-80.823830,131,1,VNP46A3_A2026001,108,2.431897e-02,0.018549,0.026694,0.081139,7.240484,70.471107,0.000000,0,0,1.999405e-03,0.003832,0.010132,0.013001,0.000180,0.003122,0.914698,0.944151,1.639262,1.179250,0.076973,0.313510
TEMPO_RADT_L1_V04_20260304T014426Z_S012G02,12.595327,33.510094,-87.662842,130,1,VNP46A3_A2026001,108,2.431897e-02,0.018549,0.026694,0.081139,7.240484,70.611336,0.000000,0,164,1.670444e-02,0.009399,0.028094,0.004492,0.000166,0.002810,0.872944,0.909866,1.549604,1.137126,0.077031,0.310122
TEMPO_RADT_L1_V04_20260304T102045Z_S001G01,12.595327,33.579613,-93.335548,113,1,VNP46A3_A2026001,151,4.573916e-02,-0.017845,0.050657,0.176279,12.074666,59.550953,0.000000,0,26,1.911657e-02,0.013921,0.039799,-0.003823,0.000493,0.000997,1.045409,0.977123,1.908386,1.456205,0.083101,0.412743
TEMPO_RADT_L1_V04_20260304T104442Z_S001G02,12.595327,33.628201,-99.208138,112,1,VNP46A3_A2026001,151,4.573916e-02,-0.017845,0.050657,0.176279,12.074666,59.594189,0.000000,0,128,4.675110e-03,-0.017506,0.024890,-0.021687,0.000021,-0.000217,1.168475,1.031277,2.137147,1.398615,0.079798,0.359266
TEMPO_RADT_L1_V04_20260304T110827Z_S001G03,12.595327,33.741196,-105.161636,112,1,VNP46A3_A2026001,151,4.573916e-02,-0.017845,0.050657,0.176279,12.074666,59.557404,0.000000,0,4,2.215324e-02,-0.001010,0.037245,0.002419,0.000167,0.003003,0.933740,0.946308,1.683999,1.193874,0.077636,0.311162
TEMPO_RADT_L1_V04_20260304T113211Z_S001G04,12.595327,33.930332,-111.413086,112,1,VNP46A3_A2026001,151,4.573916e-02,-0.017845,0.050657,0.176279,12.074666,59.328426,0.000000,0,0,2.051441e-02,0.012344,0.025570,0.019506,0.000002,0.003410,0.967905,0.937145,1.786564,1.267173,0.079548,0.346906
TEMPO_RADT_L1_V04_20260304T115556Z_S001G05,12.595327,34.207069,-118.141075,112,1,VNP46A3_A2026001,151,4.573916e-02,-0.017845,0.050657,0.176279,12.074666,58.780849,0.000000,0,0,8.787907e-03,0.013865,0.010030,0.028247,-0.000063,0.005114,1.085944,1.004373,2.046501,1.558200,0.084484,0.461090
TEMPO_RADT_L1_V04_20260305T001313Z_S015G01,12.595327,34.135548,-63.240822,113,1,VNP46A3_A2026001,131,-5.382469e-02,0.020093,0.036328,0.075319,18.982931,81.190674,0.000000,0,2,1.802354e-02,0.032242,0.009869,0.024583,0.000083,-0.002560,0.752832,0.866093,1.357369,1.160827,0.078686,0.371557
TEMPO_RADT_L1_V04_20260305T003710Z_S015G02,12.595327,33.849327,-70.077240,112,1,VNP46A3_A2026001,131,-5.382469e-02,0.020093,0.036328,0.075319,18.982931,82.030235,0.000000,0,2,1.871262e-02,0.035006,0.009782,0.033984,0.000082,0.000425,0.728678,0.842747,1.288200,1.073868,0.077282,0.320760
TEMPO_RADT_L1_V04_20260305T010055Z_S015G03,12.595327,33.659798,-76.354225,112,1,VNP46A3_A2026001,131,-5.382469e-02,0.020093,0.036328,0.075319,18.982931,82.477791,0.000000,0,25,6.929931e-03,-0.017635,0.020299,-0.012345,0.000084,0.002684,0.789631,0.904003,1.372523,1.126371,0.076988,0.306481
TEMPO_RADT_L1_V04_20260305T012439Z_S015G04,12.595327,33.539066,-82.344025,112,1,VNP46A3_A2026001,131,-5.382469e-02,0.020093,0.036328,0.075319,18.982931,82.698555,0.000000,0,52,-5.657811e-03,-0.025255,0.010708,-0.015384,0.000232,0.004702,0.814766,0.910510,1.393747,1.156814,0.077395,0.321859
TEMPO_RADT_L1_V04_20260305T014824Z_S015G05,12.595327,33.485275,-88.173546,112,1,VNP46A3_A2026001,131,-5.382469e-02,0.020093,0.036328,0.075319,18.982931,82.798645,0.000000,0,130,6.357103e-03,-0.001592,0.014534,-0.000911,0.000221,0.005733,0.789603,0.879520,1.370811,1.152475,0.078056,0.348335
TEMPO_RADT_L1_V04_20260305T102047Z_S001G01,12.595327,33.579803,-93.340202,113,1,VNP46A3_A2026001,137,1.212595e-02,-0.016703,0.039450,0.186887,23.963173,56.247280,0.000000,0,55,1.606286e-02,0.004454,0.027270,-0.008045,0.000256,0.001193,0.977328,0.945521,1.780831,1.393182,0.080945,0.407670
TEMPO_RADT_L1_V04_20260305T104444Z_S001G02,12.595327,33.627556,-99.222717,112,1,VNP46A3_A2026001,137,1.212595e-02,-0.016703,0.039450,0.186887,23.963173,56.308380,0.000000,0,31,8.021173e-03,-0.014707,0.031937,-0.012588,0.000211,0.002474,1.055819,0.988320,1.916794,1.316246,0.078276,0.347310
TEMPO_RADT_L1_V04_20260305T110829Z_S001G03,12.595327,33.738049,-105.193031,112,1,VNP46A3_A2026001,137,1.212595e-02,-0.016703,0.039450,0.186887,23.963173,56.311253,0.000000,0,4,1.544039e-02,0.003459,0.025893,0.002854,0.000061,0.001603,0.910378,0.927645,1.643735,1.163856,0.077449,0.310273
TEMPO_RADT_L1_V04_20260305T113213Z_S001G04,12.595327,33.930901,-111.445358,112,1,VNP46A3_A2026001,137,1.212595e-02,-0.016703,0.039450,0.186887,23.963173,56.182949,0.000000,0,0,1.632115e-02,0.015692,0.020134,0.019119,0.000034,0.003335,0.938230,0.933006,1.724130,1.232196,0.078488,0.341347
TEMPO_RADT_L1_V04_20260305T115558Z_S001G05,12.595327,34.211472,-118.171379,112,1,VNP46A3_A2026001,137,1.212595e-02,-0.016703,0.039450,0.186887,23.963173,55.808300,0.000000,0,9,1.231507e-02,0.009559,0.017078,0.020570,-0.000030,0.003755,0.951980,0.946354,1.757045,1.440824,0.081914,0.432019
TEMPO_RADT_L1_V04_20260306T001244Z_S015G01,12.595327,34.134346,-63.251789,113,1,VNP46A3_A2026001,122,-3.304502e-02,-0.041525,0.039177,0.098195,30.698648,93.147736,0.000000,0,0,1.718517e-02,0.025333,0.009536,0.019570,-0.000239,-0.001456,0.711762,0.854024,1.248829,1.193898,0.079188,0.389475
TEMPO_RADT_L1_V04_20260306T003641Z_S015G02,12.595327,33.838837,-70.092941,112,1,VNP46A3_A2026001,122,-3.304502e-02,-0.041525,0.039177,0.098195,30.698648,93.989395,0.000000,0,2,1.760226e-02,0.030189,0.009773,0.031094,0.000057,0.001087,0.708608,0.835629,1.236603,1.076904,0.077694,0.321294
TEMPO_RADT_L1_V04_20260306T010026Z_S015G03,12.595327,33.647438,-76.364983,112,1,VNP46A3_A2026001,122,-3.304502e-02,-0.041525,0.039177,0.098195,30.698648,94.430305,0.000000,0,9,7.305170e-03,-0.004118,0.010755,0.001069,0.000296,0.003643,0.762362,0.877839,1.299825,1.096796,0.076832,0.309296
TEMPO_RADT_L1_V04_20260306T012410Z_S015G04,12.595327,33.527172,-82.351906,112,1,VNP46A3_A2026001,122,-3.304502e-02,-0.041525,0.039177,0.098195,30.698648,94.645264,0.000000,0,152,-1.484857e-03,-0.022077,0.015043,-0.014958,0.000260,0.004020,0.797296,0.896683,1.358033,1.161709,0.077214,0.328784
TEMPO_RADT_L1_V04_20260306T014755Z_S015G05,12.595327,33.472355,-88.184639,112,1,VNP46A3_A2026001,122,-3.304502e-02,-0.041525,0.039177,0.098195,30.698648,94.743263,0.000000,0,175,3.109152e-03,-0.009942,0.013180,-0.010569,0.000504,0.004974,0.771858,0.870570,1.329268,1.165226,0.078201,0.355563
TEMPO_RADT_L1_V04_20260306T102049Z_S001G01,12.595327,33.579338,-93.344284,113,1,VNP46A3_A2026001,149,1.606052e-03,-0.003613,0.042457,0.144635,35.561893,54.609348,0.000000,0,319,1.388507e-02,0.001003,0.023949,-0.025042,-0.000001,-0.004200,0.881768,0.933053,1.593880,1.436213,0.082712,0.432766
TEMPO_RADT_L1_V04_20260306T104446Z_S001G02,12.595327,33.627850,-99.221985,112,1,VNP46A3_A2026001,149,1.606052e-03,-0.003613,0.042457,0.144635,35.561893,54.694393,0.000000,0,22,5.521391e-03,-0.007418,0.021993,-0.000678,0.000308,0.002604,0.970070,0.959046,1.744936,1.283133,0.078742,0.345535
TEMPO_RADT_L1_V04_20260306T110831Z_S001G03,12.595327,33.736706,-105.191055,112,1,VNP46A3_A2026001,149,1.606052e-03,-0.003613,0.042457,0.144635,35.561893,54.749592,0.000000,0,2,1.219459e-02,0.006565,0.021388,0.011608,0.000283,0.003012,0.867983,0.903949,1.555145,1.135789,0.077424,0.309489
TEMPO_RADT_L1_V04_20260306T113215Z_S001G04,12.595327,33.930763,-111.441345,112,1,VNP46A3_A2026001,149,1.606052e-03,-0.003613,0.042457,0.144635,35.561893,54.731731,0.000000,0,7,1.447105e-02,0.017950,0.017376,0.027701,0.000083,0.004685,0.801413,0.893415,1.438342,1.198678,0.078843,0.344484
TEMPO_RADT_L1_V04_20260306T115600Z_S001G05,12.595327,34.215130,-118.161774,112,1,VNP46A3_A2026001,149,1.606052e-03,-0.003613,0.042457,0.144635,35.561893,54.558113,0.000000,0,0,1.145144e-02,0.003222,0.012874,0.023374,0.000011,0.005629,0.820123,0.917974,1.475953,1.467779,0.083342,0.449805
TEMPO_RADT_L1_V04_20260307T102050Z_S001G01,12.595327,33.577816,-93.373772,113,1,VNP46A3_A2026001,156,-4.034921e-02,-0.013017,0.041757,0.139893,46.890118,54.625488,0.000000,0,538,9.081271e-03,-0.007842,0.011067,-0.047032,0.000117,-0.007250,0.822225,0.910152,1.458842,1.376399,0.083497,0.408453
TEMPO_RADT_L1_V04_20260307T104447Z_S001G02,12.595327,33.623398,-99.251907,112,1,VNP46A3_A2026001,156,-4.034921e-02,-0.013017,0.041757,0.139893,46.890118,54.720646,0.000000,0,361,7.569053e-03,-0.015201,0.023894,-0.021049,0.000158,-0.001331,0.906283,0.955823,1.613323,1.275086,0.079789,0.342145
TEMPO_RADT_L1_V04_20260307T110832Z_S001G03,12.595327,33.731693,-105.223778,112,1,VNP46A3_A2026001,156,-4.034921e-02,-0.013017,0.041757,0.139893,46.890118,54.821373,0.000000,0,6,7.414969e-03,0.006906,0.013171,0.020366,0.000321,0.005530,0.818102,0.892904,1.439767,1.114218,0.077878,0.308181
TEMPO_RADT_L1_V04_20260307T113216Z_S001G04,12.595327,33.917313,-111.489754,112,1,VNP46A3_A2026001,156,-4.034921e-02,-0.013017,0.041757,0.139893,46.890118,54.897552,0.000000,0,14,1.309481e-02,0.024642,0.012142,0.043858,0.000035,0.006822,0.776999,0.875468,1.374538,1.165471,0.079596,0.335454
TEMPO_RADT_L1_V04_20260307T115601Z_S001G05,12.595327,34.198330,-118.218719,112,1,VNP46A3_A2026001,156,-4.034921e-02,-0.013017,0.041757,0.139893,46.890118,54.920555,0.000000,0,8,1.239780e-02,0.009993,0.013132,0.038952,-0.000034,0.007624,0.791231,0.907685,1.403381,1.428294,0.084453,0.433935
TEMPO_RADT_L1_V04_20260308T001145Z_S015G01,12.595327,34.140812,-63.245480,113,1,VNP46A3_A2026001,91,-1.227323e-02,-0.006293,0.050100,0.112512,53.322803,116.087624,0.000000,0,2,1.561531e-02,0.024041,0.008031,0.023131,0.000202,-0.001211,0.711987,0.850158,1.241490,1.181220,0.078957,0.352067
TEMPO_RADT_L1_V04_20260308T003542Z_S015G02,12.595327,33.851364,-70.075661,112,1,VNP46A3_A2026001,91,-1.227323e-02,-0.006293,0.050100,0.112512,53.322803,116.923294,0.000000,0,0,1.571643e-02,0.025286,0.007855,0.019660,0.000039,0.000632,0.705670,0.834957,1.233451,1.081094,0.077613,0.317386
TEMPO_RADT_L1_V04_20260308T005927Z_S015G03,12.595327,33.656944,-76.349045,112,1,VNP46A3_A2026001,91,-1.227323e-02,-0.006293,0.050100,0.112512,53.322803,117.362587,0.000000,0,6,4.338936e-03,-0.011065,0.011094,-0.002845,0.000146,0.004902,0.745912,0.883028,1.291363,1.110053,0.077514,0.310144
TEMPO_RADT_L1_V04_20260308T012311Z_S015G04,12.595327,33.534454,-82.337074,112,1,VNP46A3_A2026001,91,-1.227323e-02,-0.006293,0.050100,0.112512,53.322803,117.573074,0.000000,0,126,-2.361686e-03,-0.017421,0.013423,-0.013143,0.000574,0.004076,0.794805,0.884001,1.345347,1.158014,0.078728,0.324852
TEMPO_RADT_L1_V04_20260308T014656Z_S015G05,12.595327,33.474995,-88.169197,112,1,VNP46A3_A2026001,91,-1.227323e-02,-0.006293,0.050100,0.112512,53.322803,117.662521,0.000000,0,225,6.597863e-03,-0.005040,0.015598,-0.009156,-0.000210,0.005652,0.765124,0.864027,1.322701,1.142398,0.078504,0.335121
TEMPO_RADT_L1_V04_20260308T102050Z_S001G01,12.595327,33.571861,-93.386253,113,1,VNP46A3_A2026001,158,2.704255e-02,0.016641,0.033603,0.121681,57.995277,56.168720,0.000000,0,104,9.887378e-03,0.007162,0.017286,-0.014922,0.000333,0.001521,0.812327,0.910253,1.431898,1.397613,0.082594,0.416331
TEMPO_RADT_L1_V04_20260308T104447Z_S001G02,12.595327,33.617752,-99.267952,112,1,VNP46A3_A2026001,158,2.704255e-02,0.016641,0.033603,0.121681,57.995277,56.268642,0.000000,0,56,2.713984e-03,-0.013746,0.014284,-0.014016,0.000180,0.004052,0.831679,0.938195,1.463938,1.269337,0.078872,0.353941
TEMPO_RADT_L1_V04_20260308T110832Z_S001G03,12.595327,33.726521,-105.234535,112,1,VNP46A3_A2026001,158,2.704255e-02,0.016641,0.033603,0.121681,57.995277,56.408779,0.000000,0,13,9.923025e-03,0.006184,0.014261,0.005867,0.000323,0.003725,0.776657,0.884733,1.362112,1.123491,0.077725,0.318112
TEMPO_RADT_L1_V04_20260308T113216Z_S001G04,12.595327,33.915424,-111.495422,112,1,VNP46A3_A2026001,158,2.704255e-02,0.016641,0.033603,0.121681,57.995277,56.587212,0.000000,0,4,1.322768e-02,0.017876,0.012064,0.028209,0.000212,0.005293,0.772743,0.882378,1.364255,1.204110,0.079148,0.353279
TEMPO_RADT_L1_V04_20260308T115601Z_S001G05,12.595327,34.198418,-118.225960,112,1,VNP46A3_A2026001,158,2.704255e-02,0.016641,0.033603,0.121681,57.995277,56.803329,0.000000,0,9,1.045591e-02,0.001492,0.010838,0.034666,-0.000058,0.011876,0.797854,0.926797,1.431796,1.480163,0.083321,0.457308
TEMPO_RADT_L1_V04_20260309T001116Z_S015G01,12.595327,34.143559,-63.257004,113,1,VNP46A3_A2026001,132,2.200423e-02,0.004425,0.037773,0.106498,64.318779,127.162567,0.000000,0,4,1.646700e-02,0.035591,0.007268,0.045859,0.000188,0.003459,0.713688,0.868827,1.245985,1.205488,0.079286,0.343278
TEMPO_RADT_L1_V04_20260309T003513Z_S015G02,12.595327,33.867401,-70.065414,112,1,VNP46A3_A2026001,132,2.200423e-02,0.004425,0.037773,0.106498,64.318779,127.986511,0.000000,0,61,1.697923e-02,0.033106,0.006770,0.029685,0.000129,0.002917,0.710529,0.848280,1.243501,1.085020,0.077631,0.318885
TEMPO_RADT_L1_V04_20260309T005858Z_S015G03,12.595327,33.679253,-76.329430,112,1,VNP46A3_A2026001,132,2.200423e-02,0.004425,0.037773,0.106498,64.318779,128.420410,0.000000,0,135,5.422047e-03,-0.013283,0.013951,-0.015574,0.000061,0.003177,0.758640,0.898520,1.305129,1.144282,0.077931,0.318524
TEMPO_RADT_L1_V04_20260309T012242Z_S015G04,12.595327,33.561394,-82.315071,112,1,VNP46A3_A2026001,132,2.200423e-02,0.004425,0.037773,0.106498,64.318779,128.628983,0.000000,0,31,-4.412901e-03,-0.018420,0.014319,-0.012840,0.000284,0.005492,0.799945,0.901833,1.361559,1.157537,0.077510,0.316876
TEMPO_RADT_L1_V04_20260309T014627Z_S015G05,12.595327,33.504749,-88.149414,112,1,VNP46A3_A2026001,132,2.200423e-02,0.004425,0.037773,0.106498,64.318779,128.718445,0.000000,0,0,3.714189e-03,-0.016202,0.015562,-0.019701,0.000257,0.005103,0.777435,0.893467,1.337757,1.136507,0.077713,0.323102
TEMPO_RADT_L1_V04_20260309T102049Z_S001G01,12.595327,33.573471,-93.404602,113,1,VNP46A3_A2026001,165,3.443551e-02,0.024292,0.039847,0.130318,68.931473,59.003773,0.000000,0,0,6.945649e-03,0.005148,0.014116,-0.017001,0.000353,0.001715,0.778439,0.900125,1.350168,1.331538,0.080830,0.405977
TEMPO_RADT_L1_V04_20260309T104446Z_S001G02,12.595327,33.618656,-99.278503,112,1,VNP46A3_A2026001,165,3.443551e-02,0.024292,0.039847,0.130318,68.931473,59.101963,0.000000,0,0,5.660929e-03,-0.005183,0.017590,-0.011219,0.000229,0.002492,0.802170,0.916955,1.391497,1.219953,0.078061,0.347524
TEMPO_RADT_L1_V04_20260309T110831Z_S001G03,12.595327,33.731068,-105.245819,112,1,VNP46A3_A2026001,165,3.443551e-02,0.024292,0.039847,0.130318,68.931473,59.272442,0.000000,0,4,8.625575e-03,0.005142,0.012796,0.005222,0.000176,0.003372,0.763719,0.882022,1.323836,1.126947,0.077641,0.321555
TEMPO_RADT_L1_V04_20260309T113215Z_S001G04,12.595327,33.917820,-111.508629,112,1,VNP46A3_A2026001,165,3.443551e-02,0.024292,0.039847,0.130318,68.931473,59.530033,0.000000,0,0,1.328813e-02,0.014057,0.011286,0.026651,0.000100,0.007541,0.768076,0.882214,1.356814,1.187187,0.078564,0.352148
TEMPO_RADT_L1_V04_20260309T115600Z_S001G05,12.595327,34.197697,-118.244919,112,1,VNP46A3_A2026001,165,3.443551e-02,0.024292,0.039847,0.130318,68.931473,59.910713,0.000000,0,22,1.111851e-02,0.003352,0.011555,0.043195,0.000156,0.014563,0.770250,0.932238,1.358119,1.406600,0.081572,0.435716
TEMPO_RADT_L1_V04_20260310T001047Z_S015G01,12.595327,34.144604,-63.283615,113,1,VNP46A3_A2026001,149,-3.025281e-02,-0.025595,0.030932,0.092991,75.190109,138.040329,0.000000,0,2,1.605924e-02,0.042791,0.008455,0.059944,-0.000372,0.005756,0.717245,0.870390,1.249995,1.175882,0.079662,0.347341
TEMPO_RADT_L1_V04_20260310T003444Z_S015G02,12.595327,33.866905,-70.090378,112,1,VNP46A3_A2026001,149,-3.025281e-02,-0.025595,0.030932,0.092991,75.190109,138.871857,0.000000,0,31,1.668671e-02,0.044101,0.008201,0.063555,-0.000231,0.007889,0.714046,0.850493,1.237568,1.098606,0.078923,0.326706
TEMPO_RADT_L1_V04_20260310T005829Z_S015G03,12.595327,33.672318,-76.360649,112,1,VNP46A3_A2026001,149,-3.025281e-02,-0.025595,0.030932,0.092991,75.190109,139.315460,0.000000,0,4,4.820296e-03,-0.023932,0.013288,-0.013172,-0.000222,0.006482,0.761184,0.914105,1.303379,1.163927,0.077687,0.317918
TEMPO_RADT_L1_V04_20260310T012213Z_S015G04,12.595327,33.550270,-82.344955,112,1,VNP46A3_A2026001,149,-3.025281e-02,-0.025595,0.030932,0.092991,75.190109,139.524521,0.000000,0,80,-3.836811e-03,-0.024468,0.013174,-0.035861,0.000640,0.001719,0.802313,0.909333,1.367079,1.147861,0.077949,0.315345
TEMPO_RADT_L1_V04_20260310T014558Z_S015G05,12.595327,33.494125,-88.172073,112,1,VNP46A3_A2026001,149,-3.025281e-02,-0.025595,0.030932,0.092991,75.190109,139.607330,0.000000,4,236,5.751286e-03,-0.017535,0.014566,-0.046080,0.001053,-0.000350,0.778399,0.897682,1.334459,1.173183,0.080869,0.336832
TEMPO_RADT_L1_V04_20260310T102048Z_S001G01,12.595327,33.564926,-93.335388,113,1,VNP46A3_A2026001,161,2.864763e-02,0.008690,0.039547,0.135850,79.778358,62.835194,0.000000,0,4,7.473175e-03,0.005688,0.014582,-0.002701,-0.000350,0.001948,0.772656,0.881356,1.330772,1.250021,0.085874,0.374838
TEMPO_RADT_L1_V04_20260310T104445Z_S001G02,12.595327,33.614918,-99.211586,112,1,VNP46A3_A2026001,161,2.864763e-02,0.008690,0.039547,0.135850,79.778358,62.931683,0.000000,0,0,5.314616e-03,-0.006118,0.016042,-0.006921,0.000050,0.001873,0.778065,0.895498,1.340100,1.169076,0.082453,0.327942
TEMPO_RADT_L1_V04_20260310T110830Z_S001G03,12.595327,33.721661,-105.180664,112,1,VNP46A3_A2026001,161,2.864763e-02,0.008690,0.039547,0.135850,79.778358,63.113743,0.000000,0,7,8.650401e-03,0.002324,0.012794,0.001694,-0.001264,0.001836,0.763088,0.867885,1.314237,1.085083,0.079109,0.307484
TEMPO_RADT_L1_V04_20260310T113214Z_S001G04,12.595327,33.912529,-111.435806,112,1,VNP46A3_A2026001,161,2.864763e-02,0.008690,0.039547,0.135850,79.778358,63.437119,0.000000,0,2,1.240243e-02,0.012956,0.009902,0.016778,-0.001083,0.002750,0.731606,0.862068,1.277078,1.126916,0.082199,0.327177
TEMPO_RADT_L1_V04_20260310T115559Z_S001G05,12.595327,34.193371,-118.167015,112,1,VNP46A3_A2026001,161,2.864763e-02,0.008690,0.039547,0.135850,79.778358,63.955410,0.000000,0,0,1.164113e-02,0.004988,0.011038,0.020782,-0.000658,0.003923,0.737822,0.894969,1.287077,1.287636,0.086331,0.390444
TEMPO_RADT_L1_V04_20260311T013139Z_S013G01,12.595327,33.528465,-84.385834,86,1,VNP46A3_A2026001,52,-1.325983e-02,-0.009920,0.048943,0.079261,86.316750,150.485016,0.000000,0,91,8.066871e-05,0.013943,0.004657,0.036176,0.000473,0.008812,0.769337,0.871596,1.321070,1.096634,0.076631,0.313778
TEMPO_RADT_L1_V04_20260311T014952Z_S013G02,12.595327,33.499596,-88.783356,85,1,VNP46A3_A2026001,52,-1.325983e-02,-0.009920,0.048943,0.079261,86.316750,150.529419,0.000000,0,512,6.794615e-03,-0.002181,0.002898,-0.019370,-0.000009,-0.001200,0.757745,0.863783,1.306339,1.078874,0.077140,0.312601
TEMPO_RADT_L1_V04_20260311T102046Z_S001G01,12.595327,33.568306,-93.333778,113,1,VNP46A3_A2026001,159,3.535429e-02,0.038616,0.043894,0.151971,90.613297,67.465385,0.000000,0,186,8.750621e-03,0.005277,0.012489,-0.029471,0.000256,0.003040,0.757150,0.902469,1.294855,1.273706,0.080766,0.392817
TEMPO_RADT_L1_V04_20260311T104443Z_S001G02,12.595327,33.617233,-99.205704,112,1,VNP46A3_A2026001,159,3.535429e-02,0.038616,0.043894,0.151971,90.613297,67.549866,0.000000,0,29,5.939131e-03,-0.007821,0.017066,-0.013643,0.000372,0.006202,0.774830,0.917468,1.329700,1.216818,0.078492,0.354307
TEMPO_RADT_L1_V04_20260311T110828Z_S001G03,12.595327,33.718918,-105.180336,112,1,VNP46A3_A2026001,159,3.535429e-02,0.038616,0.043894,0.151971,90.613297,67.738792,0.000000,0,11,7.230143e-03,0.004905,0.012171,0.008002,0.000270,0.005935,0.748034,0.879126,1.287193,1.132067,0.077587,0.328256
TEMPO_RADT_L1_V04_20260311T113212Z_S001G04,12.595327,33.906338,-111.433540,112,1,VNP46A3_A2026001,159,3.535429e-02,0.038616,0.043894,0.151971,90.613297,68.104332,0.000000,0,34,1.133873e-02,0.015008,0.009664,0.034490,0.000183,0.009709,0.724173,0.885460,1.260349,1.173677,0.078907,0.348854
TEMPO_RADT_L1_V04_20260311T115557Z_S001G05,12.595327,34.187901,-118.162148,112,1,VNP46A3_A2026001,159,3.535429e-02,0.038616,0.043894,0.151971,90.613297,68.731407,0.000000,0,15,1.007768e-02,0.003710,0.009198,0.044484,0.000243,0.017239,0.728752,0.929086,1.260092,1.398369,0.081903,0.445531
TEMPO_RADT_L1_V04_20260312T000948Z_S015G01,12.595327,34.156754,-63.195515,113,1,VNP46A3_A2026001,93,4.036363e-02,0.009320,0.042315,0.134546,96.880081,159.030319,0.000000,0,2,1.291783e-02,0.023912,0.006499,0.040676,-0.000224,0.007563,0.716100,0.872571,1.247399,1.311060,0.080733,0.425239
TEMPO_RADT_L1_V04_20260312T003345Z_S015G02,12.595327,33.875175,-70.007050,112,1,VNP46A3_A2026001,93,4.036363e-02,0.009320,0.042315,0.134546,96.880081,159.902924,0.000000,0,2,1.449726e-02,0.028924,0.007166,0.038231,0.000053,0.005537,0.706347,0.847681,1.234645,1.135127,0.078182,0.344444
TEMPO_RADT_L1_V04_20260312T005730Z_S015G03,12.595327,33.686119,-76.275909,112,1,VNP46A3_A2026001,93,4.036363e-02,0.009320,0.042315,0.134546,96.880081,160.370132,0.000000,0,29,6.239351e-03,0.001331,0.014217,0.010178,0.000364,0.006797,0.756358,0.882992,1.298867,1.131187,0.077209,0.323448
TEMPO_RADT_L1_V04_20260312T012114Z_S015G04,12.595327,33.564831,-82.262375,112,1,VNP46A3_A2026001,93,4.036363e-02,0.009320,0.042315,0.134546,96.880081,160.595261,0.000000,0,0,-6.037346e-03,-0.022894,0.009298,-0.022911,0.000557,0.005346,0.781700,0.903142,1.331660,1.207461,0.078317,0.342151
TEMPO_RADT_L1_V04_20260312T014459Z_S015G05,12.595327,33.501637,-88.095322,112,1,VNP46A3_A2026001,93,4.036363e-02,0.009320,0.042315,0.134546,96.880081,160.686798,0.000000,0,190,6.976945e-03,-0.014541,0.013638,-0.039400,0.000257,0.002853,0.759689,0.879276,1.311217,1.229254,0.079185,0.372452
TEMPO_RADT_L1_V04_20260312T102043Z_S001G01,6.297664,33.579201,-88.058472,117,1,VNP46A3_A2026001,185,7.277349e-03,-0.036729,0.030428,0.099231,101.356163,70.873260,0.000000,0,5,8.606830e-03,0.006813,0.022109,0.004460,0.000058,0.001713,1.043048,1.207634,1.795815,1.554224,0.110748,0.441315
TEMPO_RADT_L1_V04_20260312T103313Z_S001G02,6.297664,33.577747,-94.097534,117,1,VNP46A3_A2026001,185,7.277349e-03,-0.036729,0.030428,0.099231,101.356163,72.262718,0.000000,0,17,7.085090e-03,-0.015066,0.017927,-0.014606,0.000139,0.001976,1.040489,1.215564,1.791380,1.522533,0.108894,0.430923
TEMPO_RADT_L1_V04_20260312T104543Z_S001G03,6.297664,33.642216,-100.193947,117,1,VNP46A3_A2026001,185,7.277349e-03,-0.036729,0.030428,0.099231,101.356163,73.821510,0.000000,0,0,6.963643e-03,-0.009731,0.017524,-0.008782,-0.000019,0.001638,1.051860,1.210062,1.791338,1.504167,0.108482,0.425640
TEMPO_RADT_L1_V04_20260312T105814Z_S001G04,6.297664,33.772625,-106.469231,117,1,VNP46A3_A2026001,185,7.277349e-03,-0.036729,0.030428,0.099231,101.356163,75.604301,0.000000,0,0,1.103119e-02,0.013813,0.012431,0.014398,0.000105,0.003175,1.010668,1.184074,1.735575,1.468900,0.108344,0.428130
TEMPO_RADT_L1_V04_20260312T111044Z_S001G05,6.297664,33.997833,-113.097221,117,1,VNP46A3_A2026001,185,7.277349e-03,-0.036729,0.030428,0.099231,101.356163,77.735580,0.000000,0,0,1.356783e-02,0.022684,0.009718,0.026702,0.000165,0.004753,0.993057,1.170169,1.716346,1.475521,0.108874,0.430105
TEMPO_RADT_L1_V04_20260312T112315Z_S001G06,6.297664,34.323452,-120.307343,116,1,VNP46A3_A2026001,185,7.277349e-03,-0.036729,0.030428,0.099231,101.356163,80.359962,0.000000,0,0,1.271237e-02,0.015679,0.007701,0.024100,0.000372,0.005451,0.994121,1.184722,1.715089,1.529002,0.110179,0.442433
TEMPO_RADT_L1_V04_20260313T005318Z_S015G01,6.297664,34.154293,-63.361092,117,1,VNP46A3_A2026001,171,-4.781518e-02,0.012373,0.030428,0.068793,108.038818,161.526535,0.000000,0,0,2.152627e-02,0.038250,0.010415,0.034802,-0.000001,0.000528,0.984350,1.168671,1.711157,1.576528,0.110522,0.450711
TEMPO_RADT_L1_V04_20260313T010548Z_S015G02,6.297664,33.864918,-70.397133,117,1,VNP46A3_A2026001,171,-4.781518e-02,0.012373,0.030428,0.068793,108.038818,164.733368,0.000000,0,48,2.271309e-02,0.039869,0.010021,0.031750,-0.000049,0.000759,0.976459,1.157980,1.695550,1.492046,0.108988,0.432251
TEMPO_RADT_L1_V04_20260313T011818Z_S015G03,6.297664,33.669353,-76.921410,117,1,VNP46A3_A2026001,171,-4.781518e-02,0.012373,0.030428,0.068793,108.038818,167.451172,0.000000,0,105,5.906720e-03,-0.009692,0.017169,-0.013344,-0.000148,0.000699,1.047098,1.219804,1.795811,1.521816,0.108390,0.424139
TEMPO_RADT_L1_V04_20260313T013049Z_S015G04,6.297664,33.548153,-83.144753,117,1,VNP46A3_A2026001,171,-4.781518e-02,0.012373,0.030428,0.068793,108.038818,169.791870,0.000000,0,0,-4.592726e-03,-0.009427,0.020861,-0.004314,0.000237,0.003255,1.090043,1.227673,1.858962,1.517385,0.108265,0.424251
TEMPO_RADT_L1_V04_20260313T014319Z_S015G05,6.297664,33.496422,-89.214058,117,1,VNP46A3_A2026001,171,-4.781518e-02,0.012373,0.030428,0.068793,108.038818,171.770294,0.000000,0,43,1.050474e-02,0.012089,0.020385,0.012477,0.000183,0.002155,1.050057,1.199389,1.796119,1.518420,0.108416,0.431175
TEMPO_RADT_L1_V04_20260313T015550Z_S015G06,6.297664,33.515270,-95.241653,116,1,VNP46A3_A2026001,171,-4.781518e-02,0.012373,0.030428,0.068793,108.038818,173.243927,0.000000,0,0,1.051893e-02,-0.031982,0.017749,-0.015338,0.000567,0.003714,1.055720,1.231939,1.815552,1.710143,0.112187,0.446702
TEMPO_RADT_L1_V04_20260313T102040Z_S001G01,6.297664,33.581055,-88.063484,117,1,VNP46A3_A2026001,171,5.150294e-02,-0.015583,0.038155,0.102096,112.423027,76.106216,0.000000,0,2,6.768091e-03,0.015631,0.018309,0.013205,0.000202,0.000286,1.052356,1.202319,1.800827,1.535656,0.110540,0.433179
TEMPO_RADT_L1_V04_20260313T103310Z_S001G02,6.297664,33.584984,-94.097824,117,1,VNP46A3_A2026001,171,5.150294e-02,-0.015583,0.038155,0.102096,112.423027,77.838539,0.000000,0,2,6.544707e-03,-0.016931,0.017020,-0.020460,0.000191,0.000553,1.046711,1.211114,1.798462,1.498839,0.108908,0.425413
TEMPO_RADT_L1_V04_20260313T104540Z_S001G03,6.297664,33.652451,-100.191246,117,1,VNP46A3_A2026001,171,5.150294e-02,-0.015583,0.038155,0.102096,112.423027,79.717407,0.000000,0,0,6.972558e-03,-0.019087,0.017041,-0.017267,0.000078,0.001514,1.049113,1.223114,1.793786,1.509841,0.108394,0.424175
TEMPO_RADT_L1_V04_20260313T105811Z_S001G04,6.297664,33.782597,-106.471214,117,1,VNP46A3_A2026001,171,5.150294e-02,-0.015583,0.038155,0.102096,112.423027,81.811295,0.000000,0,0,1.255412e-02,0.010876,0.014473,0.011425,0.000076,0.002122,1.021189,1.182186,1.748648,1.466909,0.108432,0.419254
TEMPO_RADT_L1_V04_20260313T111041Z_S001G05,6.297664,34.007240,-113.103310,117,1,VNP46A3_A2026001,171,5.150294e-02,-0.015583,0.038155,0.102096,112.423027,84.252258,0.000000,0,2,1.619938e-02,0.021894,0.010919,0.024964,0.000082,0.002471,0.998298,1.168555,1.713612,1.462272,0.109048,0.423161
TEMPO_RADT_L1_V04_20260313T112312Z_S001G06,6.297664,34.330944,-120.317589,116,1,VNP46A3_A2026001,171,5.150294e-02,-0.015583,0.038155,0.102096,112.423027,87.195984,0.000000,0,0,1.472740e-02,0.015208,0.009750,0.024562,0.000135,0.003224,0.998746,1.182312,1.720327,1.490158,0.109755,0.426865
TEMPO_RADT_L1_V04_20260314T005249Z_S015G01,6.297664,34.147175,-63.376492,117,1,VNP46A3_A2026001,178,-3.465036e-02,-0.020735,0.025219,0.071109,119.238358,168.954590,0.000000,1598,0,2.653462e-02,0.043115,0.010651,0.020315,-0.001157,-0.004254,1.000669,1.187525,1.745492,1.656417,0.137892,0.466685
TEMPO_RADT_L1_V04_20260314T010519Z_S015G02,6.297664,33.856289,-70.412201,117,1,VNP46A3_A2026001,178,-3.465036e-02,-0.020735,0.025219,0.071109,119.238358,170.900238,0.000000,0,0,2.055951e-02,0.036186,0.009572,0.030840,-0.007807,-0.000623,0.985665,1.160159,1.703920,1.531361,0.124997,0.436848
TEMPO_RADT_L1_V04_20260314T011749Z_S015G03,6.297664,33.660419,-76.933296,117,1,VNP46A3_A2026001,178,-3.465036e-02,-0.020735,0.025219,0.071109,119.238358,171.706589,0.000000,0,8,1.179415e-02,-0.015334,0.022646,-0.017648,-0.009188,-0.002215,1.049024,1.214488,1.791793,1.559623,0.125203,0.429492
TEMPO_RADT_L1_V04_20260314T013020Z_S015G04,6.297664,33.540154,-83.154587,117,1,VNP46A3_A2026001,178,-3.465036e-02,-0.020735,0.025219,0.071109,119.238358,171.475143,0.000000,1297,9,-1.029632e-03,0.005276,0.026194,-0.003846,-0.001129,-0.000097,1.101761,1.248350,1.881601,1.601332,0.130327,0.439655
TEMPO_RADT_L1_V04_20260314T014250Z_S015G05,6.297664,33.489414,-89.219437,117,1,VNP46A3_A2026001,178,-3.465036e-02,-0.020735,0.025219,0.071109,119.238358,170.439743,0.000000,1386,63,8.770900e-03,0.019016,0.022306,0.035439,0.005017,0.007958,1.061924,1.229668,1.816798,1.662297,0.129453,0.458112
TEMPO_RADT_L1_V04_20260314T015521Z_S015G06,6.297664,33.507408,-95.251076,116,1,VNP46A3_A2026001,178,-3.465036e-02,-0.020735,0.025219,0.071109,119.238358,168.848770,0.000000,0,0,6.684478e-03,-0.041534,0.014833,-0.018904,-0.009508,0.001730,1.067944,1.254085,1.829515,1.727709,0.118222,0.442620
TEMPO_RADT_L1_V04_20260314T102036Z_S001G01,6.297664,33.583309,-88.071808,117,1,VNP46A3_A2026001,180,3.242877e-02,0.005835,0.033008,0.093939,123.727997,81.751801,0.000000,112,0,5.816224e-03,0.012888,0.024570,0.010577,0.000774,-0.000613,1.079571,1.219102,1.835925,1.608196,0.126422,0.446833
TEMPO_RADT_L1_V04_20260314T103306Z_S001G02,6.297664,33.584927,-94.108505,117,1,VNP46A3_A2026001,180,3.242877e-02,0.005835,0.033008,0.093939,123.727997,83.764351,0.000000,0,2,8.051895e-03,-0.013030,0.016709,-0.012374,-0.000939,0.002623,1.042722,1.213547,1.784968,1.517851,0.114229,0.428210
TEMPO_RADT_L1_V04_20260314T104536Z_S001G03,6.297664,33.648544,-100.203796,117,1,VNP46A3_A2026001,180,3.242877e-02,0.005835,0.033008,0.093939,123.727997,85.901260,0.000000,3,0,7.691256e-03,-0.015918,0.019282,-0.010050,0.000106,0.003079,1.050989,1.227515,1.797481,1.523717,0.113348,0.426455
TEMPO_RADT_L1_V04_20260314T105807Z_S001G04,6.297664,33.775562,-106.489349,117,1,VNP46A3_A2026001,180,3.242877e-02,0.005835,0.033008,0.093939,123.727997,88.244713,0.000000,0,6,1.399398e-02,0.013434,0.016590,0.014577,-0.000682,0.001727,1.023624,1.180616,1.756797,1.468044,0.112040,0.422283
TEMPO_RADT_L1_V04_20260314T111037Z_S001G05,6.297664,33.996765,-113.130661,117,1,VNP46A3_A2026001,180,3.242877e-02,0.005835,0.033008,0.093939,123.727997,90.932732,0.000000,0,0,1.482699e-02,0.021395,0.011367,0.025589,-0.001343,0.002599,0.996303,1.170853,1.725089,1.476756,0.112722,0.431047
TEMPO_RADT_L1_V04_20260314T112308Z_S001G06,6.297664,34.321941,-120.341652,116,1,VNP46A3_A2026001,180,3.242877e-02,0.005835,0.033008,0.093939,123.727997,94.120903,0.000000,0,0,1.654456e-02,0.014880,0.010952,0.022418,-0.001511,0.002848,0.999407,1.184367,1.717106,1.526409,0.121663,0.442345
TEMPO_RADT_L1_V04_20260315T005220Z_S013G01,6.297664,34.148689,-63.355419,117,1,VNP46A3_A2026001,174,-3.561635e-02,0.008323,0.029331,0.094003,130.716492,167.348419,0.000000,0,0,2.185659e-02,0.038188,0.010367,0.031163,-0.000067,0.000469,0.985677,1.171793,1.707515,1.570593,0.109941,0.450647
TEMPO_RADT_L1_V04_20260315T010450Z_S013G02,6.297664,33.859184,-70.388603,117,1,VNP46A3_A2026001,174,-3.561635e-02,0.008323,0.029331,0.094003,130.716492,166.157410,0.000000,0,0,2.230881e-02,0.039362,0.010357,0.033272,-0.000149,0.001823,0.985775,1.161858,1.704295,1.505623,0.108996,0.433644
TEMPO_RADT_L1_V04_20260315T011720Z_S013G03,6.297664,33.663475,-76.912331,117,1,VNP46A3_A2026001,174,-3.561635e-02,0.008323,0.029331,0.094003,130.716492,164.486603,0.000000,0,13,6.531135e-03,-0.012509,0.022295,-0.011101,0.000100,0.002306,1.064266,1.229890,1.820364,1.536716,0.108150,0.426656
TEMPO_RADT_L1_V04_20260315T012951Z_S013G04,6.297664,33.541302,-83.136139,117,1,VNP46A3_A2026001,174,-3.561635e-02,0.008323,0.029331,0.094003,130.716492,162.589828,0.000000,0,14,-1.711270e-03,-0.003724,0.021637,-0.000396,0.000219,0.002991,1.093279,1.228681,1.856002,1.518171,0.108208,0.427893
TEMPO_RADT_L1_V04_20260315T014221Z_S013G05,6.297664,33.491768,-89.203300,117,1,VNP46A3_A2026001,174,-3.561635e-02,0.008323,0.029331,0.094003,130.716492,160.545593,0.000000,0,78,1.119549e-02,0.007147,0.019533,0.005507,0.000141,0.002217,1.053742,1.198663,1.797953,1.529275,0.108780,0.435645
TEMPO_RADT_L1_V04_20260315T015452Z_S013G06,6.297664,33.507702,-95.235741,116,1,VNP46A3_A2026001,174,-3.561635e-02,0.008323,0.029331,0.094003,130.716492,158.368652,0.000000,0,0,1.017649e-02,-0.028302,0.018184,-0.006053,0.000735,0.004939,1.064234,1.233262,1.818333,1.752509,0.113048,0.450147
TEMPO_RADT_L1_V04_20260315T102032Z_S001G01,6.297664,33.587452,-88.094215,117,1,VNP46A3_A2026001,178,-5.092641e-02,0.011057,0.034457,0.120514,135.336227,87.697701,0.000000,7,52,8.260055e-03,0.010621,0.022164,0.004116,-0.000409,0.000663,1.079230,1.210186,1.846149,1.619330,0.124560,0.449488
TEMPO_RADT_L1_V04_20260315T103302Z_S001G02,6.297664,33.589439,-94.133072,117,1,VNP46A3_A2026001,178,-5.092641e-02,0.011057,0.034457,0.120514,135.336227,89.930840,0.000000,0,29,1.003530e-02,-0.005142,0.016560,-0.008852,0.000061,0.001034,1.035495,1.205403,1.765115,1.511348,0.111723,0.430875
TEMPO_RADT_L1_V04_20260315T104532Z_S001G03,6.297664,33.654488,-100.231155,117,1,VNP46A3_A2026001,178,-5.092641e-02,0.011057,0.034457,0.120514,135.336227,92.268333,0.000000,0,4,7.988325e-03,-0.014179,0.018549,-0.012219,-0.000339,0.002396,1.053380,1.224095,1.801131,1.515652,0.109291,0.424984
TEMPO_RADT_L1_V04_20260315T105803Z_S001G04,6.297664,33.783920,-106.512878,117,1,VNP46A3_A2026001,178,-5.092641e-02,0.011057,0.034457,0.120514,135.336227,94.793938,0.000000,0,0,1.236193e-02,0.003464,0.014722,0.004996,-0.000752,0.003232,1.022168,1.187251,1.757170,1.479087,0.110796,0.425932
TEMPO_RADT_L1_V04_20260315T111033Z_S001G05,6.297664,34.008198,-113.146004,117,1,VNP46A3_A2026001,178,-5.092641e-02,0.011057,0.034457,0.120514,135.336227,97.650185,0.000000,0,0,1.492868e-02,0.018439,0.012831,0.025433,-0.000674,0.004164,1.001068,1.176822,1.724655,1.482404,0.112567,0.432636
TEMPO_RADT_L1_V04_20260315T112304Z_S001G06,6.297664,34.330330,-120.362160,116,1,VNP46A3_A2026001,178,-5.092641e-02,0.011057,0.034457,0.120514,135.336227,101.008385,0.000000,0,2,1.487552e-02,0.016454,0.008821,0.027947,-0.000522,0.004742,0.998758,1.188808,1.718155,1.535386,0.115455,0.442341
TEMPO_RADT_L1_V04_20260316T005151Z_S016G01,6.297664,34.139786,-63.371426,117,1,VNP46A3_A2026001,144,-2.886725e-02,-0.010294,0.042021,0.129963,142.526352,158.206436,0.000000,0,0,1.817705e-02,0.040329,0.008345,0.048444,0.000222,0.005395,0.985299,1.173501,1.707284,1.634542,0.111006,0.466003
TEMPO_RADT_L1_V04_20260316T010421Z_S016G02,6.297664,33.850857,-70.403854,117,1,VNP46A3_A2026001,144,-2.886725e-02,-0.010294,0.042021,0.129963,142.526352,155.916000,0.000000,0,0,1.875146e-02,0.042692,0.008997,0.050545,0.000333,0.005248,0.985110,1.161788,1.705862,1.532313,0.109542,0.442195
TEMPO_RADT_L1_V04_20260316T011651Z_S016G03,6.297664,33.655651,-76.926529,117,1,VNP46A3_A2026001,144,-2.886725e-02,-0.010294,0.042021,0.129963,142.526352,153.644440,0.000000,0,447,1.107731e-02,-0.007782,0.020321,-0.026061,-0.000199,-0.002873,1.050068,1.216974,1.793204,1.532634,0.109123,0.431390
TEMPO_RADT_L1_V04_20260316T012922Z_S016G04,6.297664,33.535088,-83.149673,117,1,VNP46A3_A2026001,144,-2.886725e-02,-0.010294,0.042021,0.129963,142.526352,151.400650,0.000000,0,96,1.281546e-03,0.014837,0.024592,0.029798,0.000386,0.007126,1.091050,1.209184,1.850471,1.500923,0.108338,0.428040
TEMPO_RADT_L1_V04_20260316T014152Z_S016G05,6.297664,33.485714,-89.214882,117,1,VNP46A3_A2026001,144,-2.886725e-02,-0.010294,0.042021,0.129963,142.526352,149.146179,0.000000,0,715,1.456984e-02,-0.023600,0.017607,-0.052077,-0.000220,-0.005519,1.037494,1.209464,1.771328,1.573299,0.110129,0.443892
TEMPO_RADT_L1_V04_20260316T015423Z_S016G06,6.297664,33.503426,-95.244408,116,1,VNP46A3_A2026001,144,-2.886725e-02,-0.010294,0.042021,0.129963,142.526352,146.834503,0.000000,0,145,6.054234e-03,-0.044718,0.018678,-0.016868,0.000797,0.007364,1.080651,1.249071,1.842046,1.858838,0.114945,0.469765
TEMPO_RADT_L1_V04_20260316T102027Z_S001G01,6.297664,33.585026,-88.106453,117,1,VNP46A3_A2026001,178,-3.833804e-02,0.020484,0.037157,0.122870,147.288452,93.792328,0.000000,0,287,1.214988e-02,-0.010907,0.020285,-0.034739,-0.000270,-0.005008,1.053544,1.230586,1.808388,1.602933,0.111443,0.445960
TEMPO_RADT_L1_V04_20260316T103257Z_S001G02,6.297664,33.584675,-94.145332,117,1,VNP46A3_A2026001,178,-3.833804e-02,0.020484,0.037157,0.122870,147.288452,96.177094,0.000000,0,0,5.775394e-03,-0.025594,0.020328,-0.024000,0.000274,0.003681,1.061365,1.234137,1.813426,1.538767,0.108705,0.434467
TEMPO_RADT_L1_V04_20260316T104527Z_S001G03,6.297664,33.647152,-100.246635,117,1,VNP46A3_A2026001,178,-3.833804e-02,0.020484,0.037157,0.122870,147.288452,98.647011,0.000000,0,0,6.531661e-03,-0.006700,0.019597,-0.001087,0.000149,0.004639,1.057832,1.230609,1.808955,1.528669,0.108223,0.428566
TEMPO_RADT_L1_V04_20260316T105758Z_S001G04,6.297664,33.775936,-106.529449,117,1,VNP46A3_A2026001,178,-3.833804e-02,0.020484,0.037157,0.122870,147.288452,101.286079,0.000000,0,3,1.192932e-02,0.017872,0.013256,0.023559,0.000239,0.005423,1.024871,1.188231,1.760204,1.478537,0.108091,0.426340
TEMPO_RADT_L1_V04_20260316T111028Z_S001G05,6.297664,33.998299,-113.167061,117,1,VNP46A3_A2026001,178,-3.833804e-02,0.020484,0.037157,0.122870,147.288452,104.239410,0.000000,0,0,1.584963e-02,0.030493,0.010837,0.040150,0.000248,0.006494,0.997113,1.175752,1.718991,1.485947,0.108704,0.434490
TEMPO_RADT_L1_V04_20260316T112259Z_S001G06,6.297664,34.319313,-120.389763,116,1,VNP46A3_A2026001,178,-3.833804e-02,0.020484,0.037157,0.122870,147.288452,107.678246,0.000000,0,8,1.646093e-02,0.024004,0.012348,0.036187,0.000332,0.006883,0.999976,1.190984,1.723560,1.528113,0.109599,0.443311
TEMPO_RADT_L1_V04_20260317T005122Z_S016G01,6.297664,34.150856,-63.327515,117,1,VNP46A3_A2026001,166,3.347075e-02,-0.042049,0.036487,0.097453,154.693542,146.979294,0.000000,0,0,2.139323e-02,0.043171,0.011791,0.051678,0.000091,0.005609,0.986903,1.163687,1.709651,1.585648,0.111145,0.448859
TEMPO_RADT_L1_V04_20260317T010352Z_S016G02,6.297664,33.857491,-70.369888,117,1,VNP46A3_A2026001,166,3.347075e-02,-0.042049,0.036487,0.097453,154.693542,144.334335,0.000000,0,72,2.248731e-02,0.042853,0.010270,0.047019,0.000239,0.004676,0.977780,1.161146,1.692225,1.499569,0.109635,0.434047
TEMPO_RADT_L1_V04_20260317T011622Z_S016G03,6.297664,33.658451,-76.898132,117,1,VNP46A3_A2026001,166,3.347075e-02,-0.042049,0.036487,0.097453,154.693542,141.858292,0.000000,0,774,1.773281e-02,-0.008579,0.015270,-0.048078,-0.000657,-0.009261,1.022782,1.219617,1.755398,1.526832,0.108889,0.433095
TEMPO_RADT_L1_V04_20260317T012853Z_S016G04,6.297664,33.537827,-83.119469,117,1,VNP46A3_A2026001,166,3.347075e-02,-0.042049,0.036487,0.097453,154.693542,139.489319,0.000000,0,185,-5.202982e-04,0.001877,0.027345,0.007459,0.000452,0.002210,1.109695,1.220216,1.876643,1.514543,0.108066,0.426840
TEMPO_RADT_L1_V04_20260317T014123Z_S016G05,6.297664,33.489723,-89.185593,117,1,VNP46A3_A2026001,166,3.347075e-02,-0.042049,0.036487,0.097453,154.693542,137.149475,0.000000,0,140,6.862296e-03,-0.016742,0.024266,-0.004460,0.000404,0.004681,1.074680,1.233604,1.827313,1.562572,0.109258,0.431944
TEMPO_RADT_L1_V04_20260317T015354Z_S016G06,6.297664,33.507030,-95.213356,116,1,VNP46A3_A2026001,166,3.347075e-02,-0.042049,0.036487,0.097453,154.693542,134.780289,0.000000,0,100,5.344721e-03,-0.029971,0.020185,-0.000570,0.000769,0.006642,1.077970,1.258110,1.839768,1.820772,0.115129,0.455087
TEMPO_RADT_L1_V04_20260317T102021Z_S001G01,6.297664,33.580723,-88.069901,117,1,VNP46A3_A2026032,175,5.084645e-02,0.010967,0.035883,0.077733,159.598709,99.837311,0.000000,0,0,5.066645e-03,-0.024471,0.024440,-0.021965,0.000185,0.001158,1.087085,1.285122,1.841739,1.660607,0.112370,0.440201
TEMPO_RADT_L1_V04_20260317T103251Z_S001G02,6.297664,33.579403,-94.110847,117,1,VNP46A3_A2026032,175,5.084645e-02,0.010967,0.035883,0.077733,159.598709,102.299286,0.000000,0,61,8.694048e-03,-0.021469,0.021639,-0.022236,-0.000114,0.000529,1.055962,1.234595,1.799515,1.547274,0.108761,0.434358
TEMPO_RADT_L1_V04_20260317T104521Z_S001G03,6.297664,33.640705,-100.210754,117,1,VNP46A3_A2026032,175,5.084645e-02,0.010967,0.035883,0.077733,159.598709,104.819199,0.000000,0,16,9.139378e-03,0.005158,0.020244,0.008382,0.000185,0.002551,1.050187,1.225549,1.801310,1.522980,0.108432,0.429150
TEMPO_RADT_L1_V04_20260317T105752Z_S001G04,6.297664,33.771599,-106.490891,117,1,VNP46A3_A2026032,175,5.084645e-02,0.010967,0.035883,0.077733,159.598709,107.482643,0.000000,0,4,1.360290e-02,0.021733,0.012601,0.024496,0.000360,0.004676,1.016158,1.195775,1.741364,1.481425,0.108474,0.428366
TEMPO_RADT_L1_V04_20260317T111022Z_S001G05,6.297664,33.995953,-113.124489,117,1,VNP46A3_A2026032,175,5.084645e-02,0.010967,0.035883,0.077733,159.598709,110.427483,0.000000,0,0,1.636892e-02,0.030644,0.010222,0.032667,0.000117,0.003884,0.996204,1.179472,1.717712,1.492779,0.109396,0.433013
TEMPO_RADT_L1_V04_20260317T112253Z_S001G06,6.297664,34.320457,-120.337303,116,1,VNP46A3_A2026032,175,5.084645e-02,0.010967,0.035883,0.077733,159.598709,113.812828,0.000000,0,2,1.584822e-02,0.023293,0.010774,0.031341,0.000063,0.005420,1.002050,1.198970,1.721267,1.549869,0.110111,0.442979
TEMPO_RADT_L1_V04_20260318T010440Z_S013G01,6.297664,33.837948,-71.061699,115,1,VNP46A3_A2026032,173,4.227863e-02,-0.029153,0.035763,0.060519,167.250061,131.770462,0.000000,0,56,2.501864e-02,0.044828,0.010502,0.033183,-0.000048,0.000254,0.993518,1.180855,1.715575,1.589823,0.110900,0.446860
TEMPO_RADT_L1_V04_20260318T011657Z_S013G02,6.297664,33.648590,-77.444923,114,1,VNP46A3_A2026032,173,4.227863e-02,-0.029153,0.035763,0.060519,167.250061,129.250504,0.000000,0,15,1.070253e-02,0.005412,0.022504,0.006190,-0.000072,0.002471,1.065417,1.225794,1.824660,1.571821,0.108789,0.432754
TEMPO_RADT_L1_V04_20260318T012908Z_S013G03,6.297664,33.539101,-83.485878,114,1,VNP46A3_A2026032,173,4.227863e-02,-0.029153,0.035763,0.060519,167.250061,126.880615,0.000000,0,6,-3.058258e-04,-0.012608,0.020714,-0.009316,0.000056,0.003580,1.100841,1.244913,1.863419,1.541988,0.107990,0.429021
TEMPO_RADT_L1_V04_20260318T014120Z_S013G04,6.297664,33.499218,-89.387718,114,1,VNP46A3_A2026032,173,4.227863e-02,-0.029153,0.035763,0.060519,167.250061,124.555489,0.000000,0,2,1.213009e-02,0.024588,0.021181,0.029869,0.000277,0.004573,1.064874,1.209132,1.808879,1.520964,0.108618,0.430653
TEMPO_RADT_L1_V04_20260318T015331Z_S013G05,6.297664,33.519154,-95.260384,114,1,VNP46A3_A2026032,173,4.227863e-02,-0.029153,0.035763,0.060519,167.250061,122.207039,0.000000,0,0,9.348827e-03,-0.018024,0.012136,0.003583,0.000899,0.006668,1.067639,1.251899,1.822343,1.802548,0.115149,0.450524
TEMPO_RADT_L1_V04_20260318T102015Z_S001G01,6.297664,33.571724,-88.085945,117,1,VNP46A3_A2026032,182,3.228309e-03,0.017868,0.032273,0.156200,172.173599,105.694130,0.000000,0,2,7.788271e-03,0.017539,0.026277,0.015869,0.000438,0.002040,1.085311,1.225318,1.852994,1.613763,0.112053,0.444193
TEMPO_RADT_L1_V04_20260318T103245Z_S001G02,6.297664,33.571712,-94.123566,117,1,VNP46A3_A2026032,182,3.228309e-03,0.017868,0.032273,0.156200,172.173599,108.135704,0.000000,0,2,7.952151e-03,-0.028317,0.019202,-0.031480,0.000040,0.002038,1.062626,1.229925,1.803361,1.531161,0.108866,0.433035
TEMPO_RADT_L1_V04_20260318T104515Z_S001G03,6.297664,33.634487,-100.219246,117,1,VNP46A3_A2026032,182,3.228309e-03,0.017868,0.032273,0.156200,172.173599,110.604439,0.000000,0,6,7.598254e-03,-0.013857,0.015874,-0.012161,0.000051,0.002302,1.049264,1.232818,1.793668,1.523595,0.108725,0.425604
TEMPO_RADT_L1_V04_20260318T105746Z_S001G04,6.297664,33.768211,-106.495895,117,1,VNP46A3_A2026032,182,3.228309e-03,0.017868,0.032273,0.156200,172.173599,113.181068,0.000000,0,2,1.266369e-02,0.017869,0.011043,0.022630,0.000033,0.005532,1.010725,1.193182,1.737593,1.488003,0.108547,0.431601
TEMPO_RADT_L1_V04_20260318T111016Z_S001G05,6.297664,33.994625,-113.124901,117,1,VNP46A3_A2026032,182,3.228309e-03,0.017868,0.032273,0.156200,172.173599,115.987137,0.000000,0,2,1.547299e-02,0.023717,0.009852,0.029334,0.000241,0.005882,1.000002,1.186192,1.725621,1.500658,0.109084,0.433912
TEMPO_RADT_L1_V04_20260318T112247Z_S001G06,6.297664,34.319149,-120.338753,116,1,VNP46A3_A2026032,182,3.228309e-03,0.017868,0.032273,0.156200,172.173599,119.166527,0.000000,0,0,1.413070e-02,0.017225,0.008858,0.028775,0.000360,0.007051,0.998299,1.199175,1.720398,1.526334,0.109410,0.440320
TEMPO_RADT_L1_V04_20260319T005025Z_S016G01,6.297664,34.145580,-63.327225,117,1,VNP46A3_A2026032,180,3.832657e-02,0.011744,0.030317,0.058114,178.236786,122.258072,0.000000,0,0,2.074184e-02,0.035351,0.008672,0.025901,-0.000183,0.001333,0.986823,1.171319,1.714405,1.604205,0.112289,0.453069
TEMPO_RADT_L1_V04_20260319T010255Z_S016G02,6.297664,33.854378,-70.370148,117,1,VNP46A3_A2026032,180,3.832657e-02,0.011744,0.030317,0.058114,178.236786,119.333466,0.000000,0,24,2.155071e-02,0.038289,0.008719,0.031319,-0.000162,0.002273,0.986957,1.165330,1.703213,1.526704,0.109894,0.435733
TEMPO_RADT_L1_V04_20260319T011525Z_S016G03,6.297664,33.655251,-76.903473,117,1,VNP46A3_A2026032,180,3.832657e-02,0.011744,0.030317,0.058114,178.236786,116.677330,0.000000,0,16,8.489015e-03,0.005506,0.021045,0.007262,0.000164,0.001934,1.054033,1.216973,1.803209,1.540615,0.108965,0.429864
TEMPO_RADT_L1_V04_20260319T012756Z_S016G04,6.297664,33.534527,-83.129761,117,1,VNP46A3_A2026032,180,3.832657e-02,0.011744,0.030317,0.058114,178.236786,114.184044,0.000000,0,2,1.216439e-03,0.001427,0.021363,0.006511,0.000158,0.003962,1.077864,1.223251,1.835898,1.517548,0.108596,0.428269
TEMPO_RADT_L1_V04_20260319T014026Z_S016G05,6.297664,33.484108,-89.200668,117,1,VNP46A3_A2026032,180,3.832657e-02,0.011744,0.030317,0.058114,178.236786,111.753189,0.000000,0,2,7.376395e-03,0.000787,0.023247,0.010549,0.000433,0.004242,1.070132,1.216524,1.819289,1.563304,0.109319,0.438850
TEMPO_RADT_L1_V04_20260319T015257Z_S016G06,6.297664,33.500076,-95.235321,116,1,VNP46A3_A2026032,180,3.832657e-02,0.011744,0.030317,0.058114,178.236786,109.311073,0.000000,0,0,8.331334e-03,-0.036083,0.017953,-0.013069,0.000955,0.004767,1.063448,1.259170,1.824194,1.908444,0.118158,0.459994
TEMPO_RADT_L1_V04_20260319T102009Z_S001G01,6.297664,33.572296,-88.092888,117,1,VNP46A3_A2026032,183,-2.189325e-02,-0.007502,0.031693,0.086873,174.332138,111.031120,0.000000,0,0,7.020893e-03,0.007419,0.026647,0.007932,0.000259,0.002287,1.090302,1.255652,1.861071,1.624446,0.111401,0.442702
TEMPO_RADT_L1_V04_20260319T103239Z_S001G02,6.297664,33.569767,-94.128502,117,1,VNP46A3_A2026032,183,-2.189325e-02,-0.007502,0.031693,0.086873,174.332138,113.338417,0.000000,0,2,8.183404e-03,-0.017362,0.018899,-0.015519,0.000191,0.003772,1.047160,1.234179,1.802451,1.537208,0.108868,0.436549
TEMPO_RADT_L1_V04_20260319T104509Z_S001G03,6.297664,33.629795,-100.222351,117,1,VNP46A3_A2026032,183,-2.189325e-02,-0.007502,0.031693,0.086873,174.332138,115.634964,0.000000,0,2,7.278009e-03,-0.015392,0.016920,-0.014421,0.000073,0.003632,1.050784,1.239865,1.792176,1.534515,0.108508,0.431677
TEMPO_RADT_L1_V04_20260319T105740Z_S001G04,6.297664,33.760315,-106.498749,117,1,VNP46A3_A2026032,183,-2.189325e-02,-0.007502,0.031693,0.086873,174.332138,117.990051,0.000000,0,2,1.388953e-02,0.018137,0.012874,0.017080,0.000124,0.004219,1.012032,1.191742,1.738746,1.488612,0.108476,0.431107
TEMPO_RADT_L1_V04_20260319T111010Z_S001G05,6.297664,33.983414,-113.127487,117,1,VNP46A3_A2026032,183,-2.189325e-02,-0.007502,0.031693,0.086873,174.332138,120.498413,0.000000,0,2,1.608740e-02,0.026454,0.010179,0.030384,0.000267,0.005959,0.993378,1.188922,1.712419,1.493927,0.108660,0.435655
TEMPO_RADT_L1_V04_20260319T112241Z_S001G06,6.297664,34.307213,-120.335144,116,1,VNP46A3_A2026032,183,-2.189325e-02,-0.007502,0.031693,0.086873,174.332138,123.261971,0.000000,0,2,1.444206e-02,0.018781,0.008991,0.028594,0.000296,0.006968,1.000814,1.210743,1.724708,1.521291,0.109571,0.438736
TEMPO_RADT_L1_V04_20260320T004957Z_S016G01,6.297664,34.146061,-63.347828,117,1,VNP46A3_A2026032,180,-9.890640e-04,0.010042,0.024645,0.051800,166.506836,109.225471,0.000000,0,5,2.233669e-02,0.041240,0.010318,0.032672,-0.000192,0.001156,0.985096,1.179322,1.706789,1.625074,0.111934,0.452582
TEMPO_RADT_L1_V04_20260320T010227Z_S016G02,6.297664,33.853878,-70.391182,117,1,VNP46A3_A2026032,180,-9.890640e-04,0.010042,0.024645,0.051800,166.506836,106.218735,0.000000,0,0,2.322187e-02,0.046296,0.010674,0.040683,-0.000242,0.001785,0.980781,1.165126,1.694826,1.538053,0.110022,0.437997
TEMPO_RADT_L1_V04_20260320T011457Z_S016G03,6.297664,33.654949,-76.923027,117,1,VNP46A3_A2026032,180,-9.890640e-04,0.010042,0.024645,0.051800,166.506836,103.507164,0.000000,0,13,7.000192e-03,-0.000144,0.016601,0.003441,-0.000034,0.003022,1.051914,1.220334,1.799812,1.538252,0.109033,0.429176
TEMPO_RADT_L1_V04_20260320T012728Z_S016G04,6.297664,33.535969,-83.147346,117,1,VNP46A3_A2026032,180,-9.890640e-04,0.010042,0.024645,0.051800,166.506836,100.973457,0.000000,0,4,-2.646440e-03,-0.009342,0.018889,-0.001963,0.000363,0.003708,1.093384,1.240863,1.846191,1.536162,0.107924,0.429169
TEMPO_RADT_L1_V04_20260320T013958Z_S016G05,6.297664,33.485672,-89.215813,117,1,VNP46A3_A2026032,180,-9.890640e-04,0.010042,0.024645,0.051800,166.506836,98.512230,0.000000,0,2,5.165876e-03,-0.003222,0.020146,0.007662,0.000585,0.004590,1.062630,1.223684,1.816329,1.574347,0.109380,0.438602
TEMPO_RADT_L1_V04_20260320T015229Z_S016G06,6.297664,33.502613,-95.250732,116,1,VNP46A3_A2026032,180,-9.890640e-04,0.010042,0.024645,0.051800,166.506836,96.043289,0.000000,0,0,9.990654e-03,-0.030933,0.023100,-0.007374,0.001067,0.006061,1.064181,1.257646,1.832047,1.946115,0.119405,0.458049
TEMPO_RADT_L1_V04_20260320T102002Z_S001G01,6.297664,33.573448,-88.104370,117,1,VNP46A3_A2026032,185,-3.523866e-02,-0.010926,0.027329,0.069139,161.263397,115.528862,0.000000,0,0,3.467046e-03,0.007625,0.023035,0.010090,0.000257,-0.000222,1.089296,1.216566,1.872026,1.602073,0.112271,0.432450
TEMPO_RADT_L1_V04_20260320T103232Z_S001G02,6.297664,33.572071,-94.143890,117,1,VNP46A3_A2026032,185,-3.523866e-02,-0.010926,0.027329,0.069139,161.263397,117.567001,0.000000,0,0,8.860443e-03,-0.013244,0.017877,-0.016271,0.000056,-0.000176,1.039925,1.214941,1.780250,1.498230,0.108707,0.424153
TEMPO_RADT_L1_V04_20260320T104502Z_S001G03,6.297664,33.633766,-100.240494,117,1,VNP46A3_A2026032,185,-3.523866e-02,-0.010926,0.027329,0.069139,161.263397,119.545151,0.000000,0,7,7.217542e-03,-0.018416,0.017766,-0.017952,-0.000076,-0.000035,1.051572,1.232637,1.804439,1.513366,0.108734,0.420231
TEMPO_RADT_L1_V04_20260320T105733Z_S001G04,6.297664,33.765221,-106.516037,117,1,VNP46A3_A2026032,185,-3.523866e-02,-0.010926,0.027329,0.069139,161.263397,121.512680,0.000000,0,0,1.382588e-02,0.018017,0.013393,0.019613,0.000030,0.001357,1.010322,1.186284,1.736038,1.466427,0.108304,0.417737
TEMPO_RADT_L1_V04_20260320T111003Z_S001G05,6.297664,33.990265,-113.142990,117,1,VNP46A3_A2026032,185,-3.523866e-02,-0.010926,0.027329,0.069139,161.263397,123.529182,0.000000,0,0,1.528663e-02,0.024184,0.011649,0.028221,0.000091,0.002193,0.995172,1.178574,1.720731,1.469631,0.108591,0.419546
TEMPO_RADT_L1_V04_20260320T112234Z_S001G06,6.297664,34.315144,-120.353577,116,1,VNP46A3_A2026032,185,-3.523866e-02,-0.010926,0.027329,0.069139,161.263397,125.651024,0.000000,0,0,1.374937e-02,0.015885,0.009771,0.024241,0.000226,0.002907,0.995777,1.194811,1.723429,1.489367,0.109051,0.421642
TEMPO_RADT_L1_V04_20260321T004929Z_S016G01,6.297664,34.147511,-63.349907,117,1,VNP46A3_A2026032,171,-1.196000e-02,0.008750,0.026724,0.074128,153.196945,95.938995,0.000000,5355,0,2.789641e-02,0.050642,0.013135,-0.036948,-0.006516,-0.028575,1.024416,1.198677,1.798865,1.803906,0.158082,0.500032
TEMPO_RADT_L1_V04_20260321T010159Z_S016G02,6.297664,33.854244,-70.397461,117,1,VNP46A3_A2026032,171,-1.196000e-02,0.008750,0.026724,0.074128,153.196945,92.858574,0.000000,1,14,2.149556e-02,-0.003517,0.010483,-0.022745,-0.017214,-0.000660,0.980975,1.175068,1.702252,1.783384,0.171928,0.470505
TEMPO_RADT_L1_V04_20260321T011429Z_S016G03,6.297664,33.655128,-76.930481,117,1,VNP46A3_A2026032,171,-1.196000e-02,0.008750,0.026724,0.074128,153.196945,90.095940,0.000000,90,0,1.130668e-02,-0.019392,0.015048,-0.026558,-0.017067,0.002730,1.037463,1.207774,1.783706,1.692910,0.150802,0.445012
TEMPO_RADT_L1_V04_20260321T012700Z_S016G04,6.297664,33.534607,-83.156662,117,1,VNP46A3_A2026032,171,-1.196000e-02,0.008750,0.026724,0.074128,153.196945,87.523392,0.000000,2466,7,-4.258488e-03,0.017528,0.012672,0.001674,-0.002976,0.003758,1.103981,1.265622,1.904321,1.669556,0.143657,0.460636
TEMPO_RADT_L1_V04_20260321T013930Z_S016G05,6.297664,33.484329,-89.225388,117,1,VNP46A3_A2026032,171,-1.196000e-02,0.008750,0.026724,0.074128,153.196945,85.031898,0.000000,52,0,5.993206e-03,0.020724,0.025005,0.029652,-0.002380,0.007249,1.071553,1.220283,1.850577,1.707884,0.144821,0.471036
TEMPO_RADT_L1_V04_20260321T015201Z_S016G06,6.297664,33.500957,-95.263748,116,1,VNP46A3_A2026032,171,-1.196000e-02,0.008750,0.026724,0.074128,153.196945,82.535332,0.000000,0,0,8.208540e-03,-0.020912,0.024888,0.008293,0.017845,0.006165,1.071567,1.277613,1.853069,2.015543,0.157644,0.459228
TEMPO_RADT_L1_V04_20260321T101954Z_S001G01,6.297664,33.568813,-88.103378,117,1,VNP46A3_A2026032,186,-1.152408e-02,-0.010303,0.027914,0.079127,147.877335,118.831390,0.000000,233,9,4.804355e-03,0.025326,0.025974,0.018762,0.000855,-0.000286,1.094457,1.219253,1.903156,1.685376,0.136827,0.437740
TEMPO_RADT_L1_V04_20260321T103224Z_S001G02,6.297664,33.569378,-94.133957,117,1,VNP46A3_A2026032,186,-1.152408e-02,-0.010303,0.027914,0.079127,147.877335,120.442200,0.000000,0,2,9.182457e-03,-0.014561,0.017503,-0.012239,-0.000578,-0.001244,1.040381,1.212767,1.785055,1.502281,0.115753,0.421395
TEMPO_RADT_L1_V04_20260321T104454Z_S001G03,6.297664,33.632099,-100.228317,117,1,VNP46A3_A2026032,186,-1.152408e-02,-0.010303,0.027914,0.079127,147.877335,121.943985,0.000000,0,0,8.514493e-03,-0.020273,0.018261,-0.014012,-0.000134,0.001309,1.047717,1.228737,1.790381,1.516529,0.113018,0.420949
TEMPO_RADT_L1_V04_20260321T105725Z_S001G04,6.297664,33.759640,-106.506081,117,1,VNP46A3_A2026032,186,-1.152408e-02,-0.010303,0.027914,0.079127,147.877335,123.365341,0.000000,0,0,1.423327e-02,0.010589,0.013652,0.014098,-0.002830,0.001054,1.014075,1.189616,1.746232,1.480771,0.113375,0.418503
TEMPO_RADT_L1_V04_20260321T110955Z_S001G05,6.297664,33.980907,-113.136925,117,1,VNP46A3_A2026032,186,-1.152408e-02,-0.010303,0.027914,0.079127,147.877335,124.718460,0.000000,0,2,1.429547e-02,0.015697,0.009747,0.021134,-0.003575,0.002213,0.996925,1.178075,1.725283,1.488861,0.122187,0.425092
TEMPO_RADT_L1_V04_20260321T112226Z_S001G06,6.297664,34.303211,-120.347870,116,1,VNP46A3_A2026032,186,-1.152408e-02,-0.010303,0.027914,0.079127,147.877335,126.002289,0.000000,0,0,1.451438e-02,0.013203,0.009030,0.023640,-0.002968,0.003365,1.000704,1.195623,1.721610,1.530388,0.129460,0.430999
TEMPO_RADT_L1_V04_20260322T012215Z_S015G01,6.297664,33.568909,-81.771217,127,1,VNP46A3_A2026032,170,2.562555e-02,-0.000224,0.024086,0.064523,139.600342,74.330765,0.000000,0,0,1.574301e-03,0.017739,0.013447,0.022731,-0.000174,0.000767,1.086099,1.243748,1.844688,1.614790,0.109901,0.424602
TEMPO_RADT_L1_V04_20260322T013549Z_S015G02,6.297664,33.503716,-88.376556,127,1,VNP46A3_A2026032,170,2.562555e-02,-0.000224,0.024086,0.064523,139.600342,71.587791,0.000000,0,0,1.233887e-02,0.023447,0.017124,0.029800,-0.000012,0.001752,1.051210,1.208900,1.802378,1.505141,0.108635,0.423577
TEMPO_RADT_L1_V04_20260322T014924Z_S015G03,6.297664,33.516190,-94.921310,127,1,VNP46A3_A2026032,170,2.562555e-02,-0.000224,0.024086,0.064523,139.600342,68.861015,15.000000,0,0,2.020243e-02,-0.007744,0.023256,-0.004974,0.000753,0.003369,1.060876,1.250466,1.822638,1.736147,0.114862,0.428855
TEMPO_RADT_L1_V04_20260322T101946Z_S001G01,6.297664,33.566547,-88.123550,117,1,VNP46A3_A2026032,180,4.621095e-02,0.001557,0.040107,0.070605,134.410629,120.655151,0.000000,3880,13,4.941149e-03,0.037684,0.023168,-0.061614,0.004880,-0.011716,1.075898,1.247565,1.873369,1.791853,0.131876,0.466310
TEMPO_RADT_L1_V04_20260322T103216Z_S001G02,6.297664,33.563080,-94.159431,117,1,VNP46A3_A2026032,180,4.621095e-02,0.001557,0.040107,0.070605,134.410629,121.716637,0.000000,1841,0,7.936600e-03,0.009765,0.016298,-0.000200,0.002953,0.004241,1.043808,1.238943,1.792180,1.626943,0.129173,0.458566
TEMPO_RADT_L1_V04_20260322T104446Z_S001G03,6.297664,33.623001,-100.256393,117,1,VNP46A3_A2026032,180,4.621095e-02,0.001557,0.040107,0.070605,134.410629,122.617119,0.000000,138,2,6.903444e-03,-0.023809,0.017952,-0.007156,-0.006845,0.007201,1.054431,1.248546,1.812911,1.589027,0.125800,0.450568
TEMPO_RADT_L1_V04_20260322T105717Z_S001G04,6.297664,33.750980,-106.532600,117,1,VNP46A3_A2026032,180,4.621095e-02,0.001557,0.040107,0.070605,134.410629,123.361656,0.000000,83,0,1.366373e-02,0.000143,0.015088,0.031648,-0.013759,0.011961,1.020065,1.210398,1.753973,1.564779,0.129368,0.454806
TEMPO_RADT_L1_V04_20260322T110947Z_S001G05,6.297664,33.971889,-113.159454,117,1,VNP46A3_A2026032,180,4.621095e-02,0.001557,0.040107,0.070605,134.410629,123.927185,0.000000,603,2,1.447254e-02,0.010643,0.011891,0.043090,-0.012596,0.012860,1.004732,1.203709,1.737949,1.601468,0.138881,0.465270
TEMPO_RADT_L1_V04_20260322T112218Z_S001G06,6.297664,34.293213,-120.365334,116,1,VNP46A3_A2026032,180,4.621095e-02,0.001557,0.040107,0.070605,134.410629,124.267303,0.000000,686,0,1.601184e-02,0.004418,0.012122,0.014723,-0.003533,0.007607,1.005577,1.222796,1.748494,1.680454,0.143458,0.479592
TEMPO_RADT_L1_V04_20260323T004834Z_S016G01,6.297664,34.151852,-63.366066,117,1,VNP46A3_A2026032,170,-4.859196e-02,0.000118,0.030108,0.071415,126.289871,69.046028,0.000000,6,0,1.970397e-02,0.036894,0.009418,0.042412,-0.000732,0.002920,0.988538,1.180646,1.713695,1.638819,0.117798,0.453142
TEMPO_RADT_L1_V04_20260323T010104Z_S016G02,6.297664,33.857548,-70.414650,117,1,VNP46A3_A2026032,170,-4.859196e-02,0.000118,0.030108,0.071415,126.289871,65.830353,0.000000,0,0,2.020365e-02,0.040795,0.008334,0.047649,-0.000811,0.002802,0.982102,1.166293,1.698844,1.544190,0.113508,0.439582
TEMPO_RADT_L1_V04_20260323T011334Z_S016G03,6.297664,33.658535,-76.947952,117,1,VNP46A3_A2026032,170,-4.859196e-02,0.000118,0.030108,0.071415,126.289871,62.969936,0.000000,0,2,7.911409e-03,0.006336,0.013852,0.014251,-0.000419,0.002614,1.042290,1.210288,1.777676,1.527750,0.109453,0.429498
TEMPO_RADT_L1_V04_20260323T012605Z_S016G04,6.297664,33.536747,-83.177376,117,1,VNP46A3_A2026032,170,-4.859196e-02,0.000118,0.030108,0.071415,126.289871,60.320923,0.000000,234,162,-3.121645e-03,-0.006714,0.015786,-0.007890,0.000182,0.000306,1.079493,1.228605,1.841762,1.528856,0.111565,0.429305
TEMPO_RADT_L1_V04_20260323T013835Z_S016G05,6.297664,33.488708,-89.247116,117,1,VNP46A3_A2026032,170,-4.859196e-02,0.000118,0.030108,0.071415,126.289871,57.769756,0.000000,0,50,8.837661e-03,-0.000296,0.021125,0.010267,0.001185,0.003865,1.050537,1.213537,1.801055,1.560071,0.113393,0.433684
TEMPO_RADT_L1_V04_20260323T015106Z_S016G06,6.297664,33.506069,-95.284134,116,1,VNP46A3_A2026032,170,-4.859196e-02,0.000118,0.030108,0.071415,126.289871,55.226917,124.000000,0,0,1.178579e-02,-0.038822,0.031370,-0.033742,0.001037,0.006966,1.065897,1.286688,1.846629,2.044798,0.120689,0.454155
TEMPO_RADT_L1_V04_20260323T101938Z_S001G01,6.297664,33.566288,-88.137657,117,1,VNP46A3_A2026032,187,-1.445328e-02,-0.002343,0.026592,0.082250,120.964966,120.823669,0.000000,0,0,7.684251e-03,0.013240,0.027850,0.003073,0.000877,0.003444,1.076612,1.233790,1.869839,1.796131,0.121614,0.455546
TEMPO_RADT_L1_V04_20260323T103208Z_S001G02,6.297664,33.564213,-94.171555,117,1,VNP46A3_A2026032,187,-1.445328e-02,-0.002343,0.026592,0.082250,120.964966,121.243690,0.000000,0,2,8.273233e-03,-0.018005,0.018094,-0.011978,0.000503,0.003405,1.051751,1.233866,1.794925,1.571398,0.112865,0.442289
TEMPO_RADT_L1_V04_20260323T104438Z_S001G03,6.297664,33.625931,-100.265778,117,1,VNP46A3_A2026032,187,-1.445328e-02,-0.002343,0.026592,0.082250,120.964966,121.470116,0.000000,0,2,7.175625e-03,-0.016633,0.017151,-0.010462,-0.000206,0.003821,1.053233,1.239525,1.797757,1.543447,0.109833,0.431338
TEMPO_RADT_L1_V04_20260323T105709Z_S001G04,6.297664,33.755348,-106.539886,117,1,VNP46A3_A2026032,187,-1.445328e-02,-0.002343,0.026592,0.082250,120.964966,121.490677,0.000000,0,4,1.390637e-02,0.018432,0.015042,0.023046,-0.000453,0.003817,1.017261,1.189795,1.751623,1.499082,0.110129,0.432604
TEMPO_RADT_L1_V04_20260323T110939Z_S001G05,6.297664,33.978230,-113.168037,117,1,VNP46A3_A2026032,187,-1.445328e-02,-0.002343,0.026592,0.082250,120.964966,121.248665,0.000000,0,0,1.405349e-02,0.019673,0.009303,0.028344,-0.000602,0.005940,1.002189,1.187818,1.727450,1.543156,0.111664,0.440429
TEMPO_RADT_L1_V04_20260323T112210Z_S001G06,6.297664,34.300926,-120.377007,116,1,VNP46A3_A2026032,187,-1.445328e-02,-0.002343,0.026592,0.082250,120.964966,120.663918,0.000000,0,0,1.487941e-02,0.020814,0.010381,0.033162,-0.000607,0.005839,0.999534,1.202116,1.730222,1.616054,0.117835,0.454475
TEMPO_RADT_L1_V04_20260324T004807Z_S016G01,6.297664,34.166969,-63.295204,117,1,VNP46A3_A2026032,176,-4.311354e-02,0.016357,0.036611,0.075860,112.897156,55.768585,0.000000,0,157,1.973489e-02,0.031469,0.005905,0.031580,-0.000501,-0.000045,0.990116,1.190064,1.719485,1.672018,0.114459,0.461663
TEMPO_RADT_L1_V04_20260324T010037Z_S016G02,6.297664,33.870754,-70.344330,117,1,VNP46A3_A2026032,176,-4.311354e-02,0.016357,0.036611,0.075860,112.897156,52.482216,0.000000,0,20,1.909296e-02,0.045022,0.004238,0.056220,-0.000199,0.004525,0.988502,1.168925,1.709700,1.552907,0.111219,0.442189
TEMPO_RADT_L1_V04_20260324T011307Z_S016G03,6.297664,33.673969,-76.877068,117,1,VNP46A3_A2026032,176,-4.311354e-02,0.016357,0.036611,0.075860,112.897156,49.570759,0.000000,0,2,6.880540e-03,0.000739,0.018707,0.019917,0.000287,0.004851,1.048201,1.226958,1.799199,1.558370,0.109460,0.432456
TEMPO_RADT_L1_V04_20260324T012538Z_S016G04,6.297664,33.552856,-83.097885,117,1,VNP46A3_A2026032,176,-4.311354e-02,0.016357,0.036611,0.075860,112.897156,46.890713,0.000000,0,0,-4.434444e-03,-0.012533,0.019124,0.004707,0.000455,0.003954,1.090288,1.249927,1.862954,1.546430,0.108575,0.433031
TEMPO_RADT_L1_V04_20260324T013808Z_S016G05,6.297664,33.504940,-89.160683,117,1,VNP46A3_A2026032,176,-4.311354e-02,0.016357,0.036611,0.075860,112.897156,44.316982,0.000000,0,2,8.255264e-03,-0.000474,0.020467,0.020077,0.001075,0.005035,1.056419,1.224829,1.805199,1.584989,0.110049,0.439905
TEMPO_RADT_L1_V04_20260324T015039Z_S016G06,6.297664,33.520882,-95.193024,116,1,VNP46A3_A2026032,176,-4.311354e-02,0.016357,0.036611,0.075860,112.897156,41.757481,478.000000,0,0,1.850225e-02,-0.018573,0.041044,-0.043586,0.001189,0.006969,1.068948,1.289712,1.863220,2.140794,0.127665,0.469672
TEMPO_RADT_L1_V04_20260324T101929Z_S001G01,6.297664,33.556194,-88.086639,117,1,VNP46A3_A2026032,183,1.290338e-02,0.010010,0.030724,0.081290,107.614418,119.384987,0.000000,9,2,8.326209e-03,0.003612,0.027806,-0.010438,0.000655,0.007228,1.106154,1.248062,1.924151,1.895428,0.125714,0.480371
TEMPO_RADT_L1_V04_20260324T103159Z_S001G02,6.297664,33.555531,-94.123489,117,1,VNP46A3_A2026032,183,1.290338e-02,0.010010,0.030724,0.081290,107.614418,119.151810,0.000000,0,2,8.885746e-03,-0.001283,0.018324,0.010267,0.000565,0.007040,1.049088,1.226608,1.787837,1.581918,0.113478,0.454031
TEMPO_RADT_L1_V04_20260324T104429Z_S001G03,6.297664,33.616451,-100.218208,117,1,VNP46A3_A2026032,183,1.290338e-02,0.010010,0.030724,0.081290,107.614418,118.718178,0.000000,0,0,6.661033e-03,-0.015939,0.016940,-0.005048,-0.000137,0.006908,1.054297,1.241276,1.798011,1.561467,0.109745,0.446849
TEMPO_RADT_L1_V04_20260324T105700Z_S001G04,6.297664,33.744564,-106.494247,117,1,VNP46A3_A2026032,183,1.290338e-02,0.010010,0.030724,0.081290,107.614418,118.053780,0.000000,0,3,1.288965e-02,0.013233,0.013380,0.020599,0.000043,0.005942,1.015677,1.203176,1.740119,1.531252,0.111037,0.444844
TEMPO_RADT_L1_V04_20260324T110930Z_S001G05,6.297664,33.966286,-113.123489,117,1,VNP46A3_A2026032,183,1.290338e-02,0.010010,0.030724,0.081290,107.614418,117.075035,0.000000,0,0,1.614906e-02,0.019884,0.011818,0.026716,0.000028,0.007491,0.997425,1.194388,1.716395,1.561425,0.112062,0.452504
TEMPO_RADT_L1_V04_20260324T112201Z_S001G06,6.297664,34.288521,-120.329231,116,1,VNP46A3_A2026032,183,1.290338e-02,0.010010,0.030724,0.081290,107.614418,115.676842,0.000000,0,4,1.484955e-02,0.019884,0.010875,0.041683,0.000030,0.010855,1.001798,1.208605,1.729461,1.638716,0.117346,0.470235
TEMPO_RADT_L1_V04_20260325T011939Z_S013G01,6.297664,33.589104,-80.891327,134,1,VNP46A3_A2026032,146,-4.484816e-02,-0.028777,0.032791,0.084110,99.486176,34.623173,0.000000,0,10,2.203860e-03,0.014333,0.009888,0.021525,-0.000064,0.004157,1.104457,1.253964,1.874945,1.682662,0.112245,0.451727
TEMPO_RADT_L1_V04_20260325T013358Z_S013G02,6.297664,33.513248,-87.864281,134,1,VNP46A3_A2026032,146,-4.484816e-02,-0.028777,0.032791,0.084110,99.486176,31.631058,0.000000,0,0,8.074070e-03,0.024272,0.014711,0.037670,0.000175,0.006741,1.078201,1.223866,1.838200,1.557833,0.109804,0.447832
TEMPO_RADT_L1_V04_20260325T014818Z_S013G03,6.297664,33.522198,-94.716187,133,1,VNP46A3_A2026032,146,-4.484816e-02,-0.028777,0.032791,0.084110,99.486176,28.713326,1142.000000,0,2,2.784417e-02,-0.009593,0.036199,-0.023346,0.001304,0.011672,1.078825,1.277761,1.871559,1.879103,0.120353,0.462669
TEMPO_RADT_L1_V04_20260325T101919Z_S001G01,6.297664,33.560150,-88.064926,117,1,VNP46A3_A2026032,185,3.297153e-02,-0.006738,0.039482,0.088503,94.408142,116.529686,30.000000,336,2,1.045716e-02,0.012291,0.025394,-0.058242,-0.003511,0.002677,1.127543,1.289163,1.979093,1.886113,0.127729,0.465441
TEMPO_RADT_L1_V04_20260325T103149Z_S001G02,6.297664,33.559299,-94.101448,117,1,VNP46A3_A2026032,185,3.297153e-02,-0.006738,0.039482,0.088503,94.408142,115.691383,0.000000,0,4,7.776827e-03,-0.009118,0.016755,0.000323,0.001143,0.002064,1.047380,1.234171,1.788485,1.558622,0.114446,0.442702
TEMPO_RADT_L1_V04_20260325T104419Z_S001G03,6.297664,33.620182,-100.196648,117,1,VNP46A3_A2026032,185,3.297153e-02,-0.006738,0.039482,0.088503,94.408142,114.662453,0.000000,0,2,7.795536e-03,-0.017150,0.020769,-0.000471,0.000256,0.005462,1.053703,1.242254,1.802041,1.551204,0.109564,0.439629
TEMPO_RADT_L1_V04_20260325T105650Z_S001G04,6.297664,33.745453,-106.477821,117,1,VNP46A3_A2026032,185,3.297153e-02,-0.006738,0.039482,0.088503,94.408142,113.398308,0.000000,0,0,1.508321e-02,0.010778,0.014964,0.031916,0.000099,0.006500,1.019137,1.200922,1.753517,1.521827,0.111754,0.441507
TEMPO_RADT_L1_V04_20260325T110920Z_S001G05,6.297664,33.962936,-113.109543,117,1,VNP46A3_A2026032,185,3.297153e-02,-0.006738,0.039482,0.088503,94.408142,111.795151,0.000000,0,2,1.512389e-02,0.018069,0.012636,0.041323,0.000103,0.008703,1.003616,1.200039,1.733685,1.542006,0.112723,0.446678
TEMPO_RADT_L1_V04_20260325T112151Z_S001G06,6.297664,34.286621,-120.314636,116,1,VNP46A3_A2026032,185,3.297153e-02,-0.006738,0.039482,0.088503,94.408142,109.722115,0.000000,0,6,1.539927e-02,0.023501,0.011348,0.054378,0.000254,0.010909,1.002238,1.221976,1.736483,1.590351,0.114985,0.455888
TEMPO_RADT_L1_V04_20260326T004713Z_S016G01,6.297664,34.161777,-63.298401,117,1,VNP46A3_A2026032,175,-3.869002e-02,-0.012291,0.034190,0.072112,86.532204,30.306376,0.000000,0,0,2.036530e-02,0.033180,0.008959,0.047393,0.000373,0.003326,1.026314,1.192052,1.798543,1.674682,0.113191,0.462074
TEMPO_RADT_L1_V04_20260326T005943Z_S016G02,6.297664,33.870770,-70.341072,117,1,VNP46A3_A2026032,175,-3.869002e-02,-0.012291,0.034190,0.072112,86.532204,26.897675,0.000000,0,0,2.039981e-02,0.037212,0.007655,0.048146,0.000354,0.002880,1.014559,1.182379,1.778294,1.581255,0.111815,0.444184
TEMPO_RADT_L1_V04_20260326T011213Z_S016G03,6.297664,33.674133,-76.870178,117,1,VNP46A3_A2026032,175,-3.869002e-02,-0.012291,0.034190,0.072112,86.532204,23.916950,0.000000,0,6,3.832538e-03,0.017470,0.012172,0.039728,0.000730,0.003171,1.089471,1.223076,1.880282,1.551079,0.109892,0.433614
TEMPO_RADT_L1_V04_20260326T012444Z_S016G04,6.297664,33.554897,-83.089439,117,1,VNP46A3_A2026032,175,-3.869002e-02,-0.012291,0.034190,0.072112,86.532204,21.212793,0.000000,0,13,-6.155217e-04,0.005525,0.020392,0.028464,0.000567,0.003809,1.125349,1.240163,1.935610,1.542991,0.109033,0.434347
TEMPO_RADT_L1_V04_20260326T013714Z_S016G05,6.297664,33.505764,-89.153847,117,1,VNP46A3_A2026032,175,-3.869002e-02,-0.012291,0.034190,0.072112,86.532204,18.662832,0.000000,0,0,5.581669e-03,-0.005718,0.019946,0.026632,0.000909,0.006105,1.086149,1.234571,1.869864,1.604612,0.110501,0.441866
TEMPO_RADT_L1_V04_20260326T014945Z_S016G06,6.297664,33.520752,-95.188103,116,1,VNP46A3_A2026032,175,-3.869002e-02,-0.012291,0.034190,0.072112,86.532204,16.190496,2051.000000,0,0,2.382863e-02,-0.043174,0.049045,-0.098619,0.000509,0.011845,1.091887,1.328760,1.908209,2.224289,0.131623,0.475397
TEMPO_RADT_L1_V04_20260326T101910Z_S001G01,6.297664,33.563892,-88.062042,117,1,VNP46A3_A2026032,184,1.991766e-02,-0.028466,0.034415,0.092537,81.377937,112.555290,290.000000,3,20,1.371047e-02,0.005237,0.026929,-0.054001,-0.001332,0.008301,1.118010,1.319677,1.955026,2.033488,0.127789,0.482910
TEMPO_RADT_L1_V04_20260326T103140Z_S001G02,6.297664,33.566830,-94.097130,117,1,VNP46A3_A2026032,184,1.991766e-02,-0.028466,0.034415,0.092537,81.377937,111.195480,0.000000,0,2,7.021619e-03,-0.010739,0.015116,0.014880,0.001170,0.007339,1.043334,1.246833,1.785299,1.610600,0.111203,0.456904
TEMPO_RADT_L1_V04_20260326T104410Z_S001G03,6.297664,33.632217,-100.191246,117,1,VNP46A3_A2026032,184,1.991766e-02,-0.028466,0.034415,0.092537,81.377937,109.665245,0.000000,0,6,7.170876e-03,-0.010897,0.020750,0.014210,0.000867,0.008088,1.053034,1.250110,1.804091,1.576657,0.109475,0.447390
TEMPO_RADT_L1_V04_20260326T105641Z_S001G04,6.297664,33.762913,-106.467369,117,1,VNP46A3_A2026032,184,1.991766e-02,-0.028466,0.034415,0.092537,81.377937,107.907127,0.000000,0,4,1.238306e-02,0.012735,0.015347,0.036310,0.000870,0.008663,1.022267,1.216732,1.754256,1.558590,0.110291,0.447541
TEMPO_RADT_L1_V04_20260326T110911Z_S001G05,6.297664,33.989395,-113.093513,117,1,VNP46A3_A2026032,184,1.991766e-02,-0.028466,0.034415,0.092537,81.377937,105.798073,0.000000,0,4,1.328832e-02,0.020519,0.012135,0.037419,0.000868,0.007316,1.000561,1.214822,1.735197,1.595835,0.111504,0.456825
TEMPO_RADT_L1_V04_20260326T112142Z_S001G06,6.297664,34.315243,-120.297676,116,1,VNP46A3_A2026032,184,1.991766e-02,-0.028466,0.034415,0.092537,81.377937,103.195946,0.000000,0,0,1.896256e-02,0.024591,0.017920,0.045759,0.000965,0.007432,1.025541,1.228591,1.786442,1.654145,0.113423,0.468422
TEMPO_RADT_L1_V04_20260327T004647Z_S016G01,6.297664,34.160824,-63.304005,117,1,VNP46A3_A2026032,172,-3.943186e-02,-0.026199,0.032647,0.051828,73.616478,19.480940,0.000000,0,33,1.962722e-02,0.041306,0.007018,0.059471,0.000545,0.002029,1.065234,1.199719,1.893389,1.624465,0.112604,0.444821
TEMPO_RADT_L1_V04_20260327T005917Z_S016G02,6.297664,33.866737,-70.351151,117,1,VNP46A3_A2026032,172,-3.943186e-02,-0.026199,0.032647,0.051828,73.616478,16.289261,0.000000,0,0,2.096293e-02,0.043445,0.008297,0.065936,0.000682,0.004362,1.028752,1.180211,1.813169,1.544255,0.110784,0.434755
TEMPO_RADT_L1_V04_20260327T011147Z_S016G03,6.297664,33.668888,-76.881332,117,1,VNP46A3_A2026032,172,-3.943186e-02,-0.026199,0.032647,0.051828,73.616478,13.667268,0.000000,0,2,2.965716e-03,0.009237,0.011972,0.035679,0.000616,0.003686,1.081525,1.227835,1.872609,1.549266,0.109356,0.430894
TEMPO_RADT_L1_V04_20260327T012418Z_S016G04,6.297664,33.547905,-83.106094,117,1,VNP46A3_A2026032,172,-3.943186e-02,-0.026199,0.032647,0.051828,73.616478,11.522622,0.000000,0,155,-7.724928e-03,-0.002835,0.008197,0.014398,0.000343,0.000357,1.122315,1.242748,1.955275,1.548268,0.108618,0.428483
TEMPO_RADT_L1_V04_20260327T013648Z_S016G05,6.297664,33.497139,-89.176132,117,1,VNP46A3_A2026032,172,-3.943186e-02,-0.026199,0.032647,0.051828,73.616478,9.863745,0.000000,0,160,4.740034e-03,-0.000619,0.015998,0.017605,0.000715,-0.000170,1.105196,1.226804,1.928264,1.588714,0.110417,0.432184
TEMPO_RADT_L1_V04_20260327T014919Z_S016G06,6.297664,33.512043,-95.212067,116,1,VNP46A3_A2026032,172,-3.943186e-02,-0.026199,0.032647,0.051828,73.616478,8.818389,3344.000000,1,23,3.498611e-02,-0.046787,0.060536,-0.121819,0.000405,0.011894,1.145132,1.333959,1.990376,2.099031,0.131634,0.460892
TEMPO_RADT_L1_V04_20260327T101900Z_S001G01,6.297664,33.559692,-88.067574,117,1,VNP46A3_A2026032,183,2.444670e-02,0.019213,0.038027,0.084272,68.537094,107.776482,819.000000,0,22,2.622941e-02,0.004507,0.037179,-0.066954,-0.001292,0.007764,1.095735,1.309756,1.913804,2.119158,0.129444,0.492887
TEMPO_RADT_L1_V04_20260327T103130Z_S001G02,6.297664,33.558502,-94.106743,117,1,VNP46A3_A2026032,183,2.444670e-02,0.019213,0.038027,0.084272,68.537094,105.999603,0.000000,0,2,5.910304e-03,-0.011781,0.014528,0.010852,0.001117,0.005320,1.043989,1.239343,1.797177,1.617888,0.110652,0.456071
TEMPO_RADT_L1_V04_20260327T104400Z_S001G03,6.297664,33.619148,-100.202141,117,1,VNP46A3_A2026032,183,2.444670e-02,0.019213,0.038027,0.084272,68.537094,104.078522,0.000000,0,0,2.956503e-03,-0.015272,0.015237,0.007593,0.001108,0.006773,1.054917,1.250794,1.810186,1.577792,0.109568,0.446880
TEMPO_RADT_L1_V04_20260327T105631Z_S001G04,6.297664,33.753456,-106.475868,117,1,VNP46A3_A2026032,183,2.444670e-02,0.019213,0.038027,0.084272,68.537094,101.938484,0.000000,0,0,9.538232e-03,0.011758,0.011967,0.033363,0.000955,0.007157,1.020246,1.208721,1.749566,1.558398,0.110499,0.448038
TEMPO_RADT_L1_V04_20260327T110901Z_S001G05,6.297664,33.981224,-113.097481,117,1,VNP46A3_A2026032,183,2.444670e-02,0.019213,0.038027,0.084272,68.537094,99.450684,0.000000,0,7,1.212986e-02,0.022268,0.011647,0.046896,0.000903,0.008761,1.005658,1.209201,1.734135,1.607867,0.111899,0.457594
TEMPO_RADT_L1_V04_20260327T112132Z_S001G06,6.297664,34.309261,-120.303276,116,1,VNP46A3_A2026032,183,2.444670e-02,0.019213,0.038027,0.084272,68.537094,96.450783,0.000000,0,6,1.181700e-02,0.025903,0.010631,0.056734,0.000871,0.010518,1.017232,1.225575,1.771186,1.688252,0.113361,0.471214
TEMPO_RADT_L1_V04_20260328T004621Z_S016G01,6.297664,34.163841,-63.313847,117,1,VNP46A3_A2026032,185,-1.792365e-02,-0.004078,0.033653,0.075505,60.894535,14.010150,0.000000,0,0,1.942277e-02,0.037718,0.004824,0.051900,-0.000107,-0.001427,1.160288,1.222859,2.091872,1.617752,0.113113,0.431853
TEMPO_RADT_L1_V04_20260328T005851Z_S016G02,6.297664,33.871044,-70.356285,117,1,VNP46A3_A2026032,185,-1.792365e-02,-0.004078,0.033653,0.075505,60.894535,12.774562,0.000000,0,27,2.136893e-02,0.035015,0.011636,0.052297,-0.000329,-0.000711,1.168283,1.221350,2.106280,1.583357,0.110412,0.426508
TEMPO_RADT_L1_V04_20260328T011121Z_S016G03,6.297664,33.673923,-76.879372,117,1,VNP46A3_A2026032,185,-1.792365e-02,-0.004078,0.033653,0.075505,60.894535,12.539923,0.000000,0,7,6.812769e-03,-0.004333,0.029456,0.023416,-0.000160,-0.000443,1.210815,1.280419,2.151935,1.616619,0.109392,0.422840
TEMPO_RADT_L1_V04_20260328T012352Z_S016G04,6.297664,33.551590,-83.101425,117,1,VNP46A3_A2026032,185,-1.792365e-02,-0.004078,0.033653,0.075505,60.894535,13.069024,0.000000,0,2,-9.575329e-03,-0.005781,0.017880,0.028496,0.000003,0.001600,1.219857,1.279233,2.148916,1.581508,0.108446,0.422333
TEMPO_RADT_L1_V04_20260328T013622Z_S016G05,6.297664,33.501583,-89.172920,117,1,VNP46A3_A2026032,185,-1.792365e-02,-0.004078,0.033653,0.075505,60.894535,14.176513,0.000000,0,2,8.141021e-03,-0.002515,0.028009,0.036188,0.000253,0.001892,1.242235,1.281809,2.223614,1.661402,0.109790,0.426254
TEMPO_RADT_L1_V04_20260328T014853Z_S016G06,6.297664,33.516323,-95.204910,116,1,VNP46A3_A2026032,185,-1.792365e-02,-0.004078,0.033653,0.075505,60.894535,15.720334,4896.000000,0,0,3.865577e-02,-0.008102,0.050641,-0.124823,0.003843,0.012833,1.292607,1.360949,2.305437,2.108115,0.133178,0.459354
TEMPO_RADT_L1_V04_20260328T101850Z_S001G01,6.297664,33.571384,-88.066536,117,1,VNP46A3_A2026032,139,2.277902e-02,-0.033449,0.027542,0.049012,56.054440,102.474419,1645.000000,0,4,4.208151e-02,0.008881,0.055281,-0.043294,0.003314,0.005657,1.118618,1.277277,1.936545,1.790465,0.121152,0.433737
TEMPO_RADT_L1_V04_20260328T103120Z_S001G02,6.297664,33.572041,-94.104149,117,1,VNP46A3_A2026032,139,2.277902e-02,-0.033449,0.027542,0.049012,56.054440,100.381691,0.000000,0,0,3.053023e-03,0.008914,0.005366,0.028462,-0.000934,-0.000066,1.038406,1.218490,1.786619,1.514348,0.109149,0.420560
TEMPO_RADT_L1_V04_20260328T104350Z_S001G03,6.297664,33.636192,-100.200638,117,1,VNP46A3_A2026032,139,2.277902e-02,-0.033449,0.027542,0.049012,56.054440,98.167030,0.000000,0,2,1.064329e-03,0.007625,0.004200,0.022443,-0.003278,0.000532,1.052594,1.238978,1.812972,1.632157,0.115455,0.427780
TEMPO_RADT_L1_V04_20260329T004556Z_S015G01,6.297664,34.153564,-63.305946,117,1,VNP46A3_A2026032,173,-4.543291e-02,-0.003555,0.028199,0.067289,48.372314,18.799667,0.000000,0,2,1.491831e-02,0.045250,-0.002890,0.065733,-0.000802,-0.000808,1.333179,1.252074,2.461678,1.700224,0.116455,0.438001
TEMPO_RADT_L1_V04_20260329T005826Z_S015G02,6.297664,33.861031,-70.351089,117,1,VNP46A3_A2026032,173,-4.543291e-02,-0.003555,0.028199,0.067289,48.372314,20.020353,0.000000,0,45,2.145743e-02,0.042749,0.013444,0.058474,-0.001111,-0.001708,1.278062,1.262766,2.348025,1.665999,0.113261,0.427428
TEMPO_RADT_L1_V04_20260329T011056Z_S015G03,6.297664,33.665718,-76.874062,117,1,VNP46A3_A2026032,173,-4.543291e-02,-0.003555,0.028199,0.067289,48.372314,21.603136,0.000000,0,22,1.139028e-03,-0.006445,0.025581,0.018856,-0.000877,-0.000666,1.368108,1.316440,2.494891,1.661826,0.109631,0.423564
TEMPO_RADT_L1_V04_20260329T012327Z_S015G04,6.297664,33.546185,-83.098373,117,1,VNP46A3_A2026032,173,-4.543291e-02,-0.003555,0.028199,0.067289,48.372314,23.391048,0.000000,0,8,-9.820183e-03,0.002922,0.023370,0.033519,-0.000467,-0.000384,1.289258,1.282873,2.293825,1.585016,0.108817,0.420957
TEMPO_RADT_L1_V04_20260329T013557Z_S015G05,6.297664,33.498623,-89.166336,117,1,VNP46A3_A2026032,173,-4.543291e-02,-0.003555,0.028199,0.067289,48.372314,25.337635,0.000000,0,0,1.674916e-02,-0.000308,0.050302,0.031802,0.000379,0.000563,1.258719,1.298301,2.253147,1.697015,0.111755,0.425666
TEMPO_RADT_L1_V04_20260329T014828Z_S015G06,6.297664,33.514908,-95.201218,116,1,VNP46A3_A2026032,173,-4.543291e-02,-0.003555,0.028199,0.067289,48.372314,27.438953,6625.000000,0,0,6.873983e-02,-0.023334,0.091814,-0.123721,0.005370,0.012932,1.314175,1.416867,2.353407,2.205727,0.136734,0.465049
TEMPO_RADT_L1_V04_20260329T101838Z_S001G01,6.297664,33.569290,-88.075577,117,1,VNP46A3_A2026032,184,4.147959e-02,-0.003250,0.037646,0.071020,43.448082,96.899780,2787.000000,1,0,3.619790e-02,0.003652,0.015263,-0.123237,-0.002584,0.005600,1.151601,1.346047,1.977726,2.082440,0.131061,0.466730
TEMPO_RADT_L1_V04_20260329T103108Z_S001G02,6.297664,33.566673,-94.112152,117,1,VNP46A3_A2026032,184,4.147959e-02,-0.003250,0.037646,0.071020,43.448082,94.590042,0.000000,0,2,5.412378e-03,-0.011372,0.022089,0.019789,0.001037,-0.000277,1.055743,1.230219,1.809854,1.570564,0.110849,0.427857
TEMPO_RADT_L1_V04_20260329T104338Z_S001G03,6.297664,33.627026,-100.208153,117,1,VNP46A3_A2026032,184,4.147959e-02,-0.003250,0.037646,0.071020,43.448082,92.182213,0.000000,0,2,2.748849e-03,-0.007872,0.018539,0.026409,0.000767,0.001551,1.049771,1.227801,1.793013,1.527234,0.108664,0.422716
TEMPO_RADT_L1_V04_20260329T105609Z_S001G04,6.297664,33.754528,-106.485802,117,1,VNP46A3_A2026032,184,4.147959e-02,-0.003250,0.037646,0.071020,43.448082,89.590775,0.000000,0,8,1.064986e-02,0.015512,0.015885,0.046836,0.000775,0.002947,1.020081,1.199060,1.765231,1.515179,0.109873,0.429277
TEMPO_RADT_L1_V04_20260329T110839Z_S001G05,6.297664,33.978634,-113.114433,117,1,VNP46A3_A2026032,184,4.147959e-02,-0.003250,0.037646,0.071020,43.448082,86.670670,0.000000,0,0,1.174831e-02,0.026001,0.014807,0.059112,0.000876,0.002476,1.013377,1.191386,1.765076,1.540360,0.110977,0.431271
TEMPO_RADT_L1_V04_20260329T112110Z_S001G06,6.297664,34.300259,-120.323837,116,1,VNP46A3_A2026032,184,4.147959e-02,-0.003250,0.037646,0.071020,43.448082,83.249718,0.000000,0,2,1.123397e-02,0.017806,0.013650,0.057642,0.000968,0.003228,1.034829,1.223111,1.834783,1.612464,0.112446,0.441012
TEMPO_RADT_L1_V04_20260330T004530Z_S016G01,6.297664,34.154190,-63.316067,117,1,VNP46A3_A2026032,176,-3.389011e-02,0.022324,0.037176,0.109767,36.059586,28.897665,0.000000,0,0,2.175914e-02,0.034446,0.022116,0.054240,0.000040,-0.001619,1.267110,1.266666,2.351558,1.738782,0.114607,0.441221
TEMPO_RADT_L1_V04_20260330T005800Z_S016G02,6.297664,33.862427,-70.356628,117,1,VNP46A3_A2026032,176,-3.389011e-02,0.022324,0.037176,0.109767,36.059586,31.021208,0.000000,0,3,2.954044e-02,0.037989,0.034963,0.058798,0.000095,-0.001116,1.193280,1.236249,2.176744,1.635607,0.112365,0.428630
TEMPO_RADT_L1_V04_20260330T011030Z_S016G03,6.297664,33.668736,-76.877357,117,1,VNP46A3_A2026032,176,-3.389011e-02,0.022324,0.037176,0.109767,36.059586,33.153904,0.000000,0,3,1.370444e-02,0.006258,0.049311,0.033073,0.000068,-0.001153,1.311846,1.301916,2.361136,1.646566,0.109591,0.423605
TEMPO_RADT_L1_V04_20260330T012301Z_S016G04,6.297664,33.549217,-83.098160,117,1,VNP46A3_A2026032,176,-3.389011e-02,0.022324,0.037176,0.109767,36.059586,35.289440,0.000000,0,2,2.361315e-03,0.011521,0.045955,0.041591,0.000274,-0.000814,1.381336,1.321674,2.468932,1.628300,0.108508,0.420471
TEMPO_RADT_L1_V04_20260330T013531Z_S016G05,6.297664,33.502148,-89.162514,117,1,VNP46A3_A2026032,176,-3.389011e-02,0.022324,0.037176,0.109767,36.059586,37.464798,0.000000,0,2,1.201224e-02,0.011640,0.048477,0.038441,0.000572,0.000870,1.341988,1.321026,2.420530,1.756704,0.113016,0.427318
TEMPO_RADT_L1_V04_20260330T014802Z_S016G06,6.297664,33.519333,-95.194221,116,1,VNP46A3_A2026032,176,-3.389011e-02,0.022324,0.037176,0.109767,36.059586,39.721691,8781.000000,0,0,7.879216e-02,-0.039948,0.073676,-0.133568,0.002992,0.013638,1.270515,1.425314,2.223784,2.278665,0.141263,0.474765
TEMPO_RADT_L1_V04_20260330T101827Z_S001G01,6.297664,33.573040,-88.097153,117,1,VNP46A3_A2026032,177,-6.186408e-03,0.017238,0.035816,0.133675,31.221487,91.258659,4200.000000,327,17,3.856435e-02,-0.002308,0.033240,-0.155709,-0.000059,0.006202,1.155234,1.304508,2.045369,2.078834,0.132667,0.475530
TEMPO_RADT_L1_V04_20260330T103057Z_S001G02,6.297664,33.570465,-94.135872,117,1,VNP46A3_A2026032,177,-6.186408e-03,0.017238,0.035816,0.133675,31.221487,88.820694,0.000000,0,0,4.608932e-03,-0.010293,0.017704,0.026169,0.000903,0.001216,1.051850,1.228031,1.816946,1.603080,0.116837,0.434077
TEMPO_RADT_L1_V04_20260330T104327Z_S001G03,6.297664,33.630112,-100.234695,117,1,VNP46A3_A2026032,177,-6.186408e-03,0.017238,0.035816,0.133675,31.221487,86.308540,0.000000,0,0,2.993299e-03,-0.008052,0.019472,0.028139,-0.000799,0.001109,1.060793,1.227452,1.825013,1.526928,0.109462,0.425475
TEMPO_RADT_L1_V04_20260330T105558Z_S001G04,6.297664,33.761757,-106.509865,117,1,VNP46A3_A2026032,177,-6.186408e-03,0.017238,0.035816,0.133675,31.221487,83.638954,0.000000,0,0,1.100050e-02,0.015799,0.016936,0.045365,-0.001285,0.001047,1.035450,1.199852,1.802979,1.515576,0.111326,0.426172
TEMPO_RADT_L1_V04_20260330T110828Z_S001G05,6.297664,33.987446,-113.134949,117,1,VNP46A3_A2026032,177,-6.186408e-03,0.017238,0.035816,0.133675,31.221487,80.668030,0.000000,0,2,1.045472e-02,0.023265,0.011486,0.058851,-0.001268,0.002891,1.033195,1.200320,1.816331,1.571970,0.112985,0.434463
TEMPO_RADT_L1_V04_20260330T112059Z_S001G06,6.297664,34.312466,-120.343811,116,1,VNP46A3_A2026032,177,-6.186408e-03,0.017238,0.035816,0.133675,31.221487,77.222336,0.000000,0,0,9.324838e-03,0.021605,0.009083,0.058033,-0.000794,0.003012,1.055058,1.214009,1.871632,1.661965,0.121623,0.450427
TEMPO_RADT_L1_V04_20260331T004506Z_S016G01,6.297664,34.151249,-63.287529,117,1,VNP46A3_A2026032,169,-2.937765e-02,0.006387,0.031047,0.087317,23.978765,40.253529,0.000000,0,2,2.760329e-02,0.035192,0.030459,0.056511,-0.000313,-0.003437,1.276863,1.295427,2.367530,1.803416,0.114947,0.455699
TEMPO_RADT_L1_V04_20260331T005736Z_S016G02,6.297664,33.861301,-70.327255,117,1,VNP46A3_A2026032,169,-2.937765e-02,0.006387,0.031047,0.087317,23.978765,42.736477,0.000000,0,0,4.183511e-02,0.038738,0.058989,0.059858,-0.000185,-0.002267,1.338757,1.300392,2.492280,1.726482,0.112353,0.436325
TEMPO_RADT_L1_V04_20260331T011006Z_S016G03,6.297664,33.666084,-76.849884,117,1,VNP46A3_A2026032,169,-2.937765e-02,0.006387,0.031047,0.087317,23.978765,45.089436,0.000000,0,0,1.268640e-02,0.011504,0.046360,0.042838,0.000022,-0.001349,1.267658,1.304855,2.273735,1.657286,0.110475,0.425211
TEMPO_RADT_L1_V04_20260331T012237Z_S016G04,6.297664,33.545185,-83.075676,117,1,VNP46A3_A2026032,169,-2.937765e-02,0.006387,0.031047,0.087317,23.978765,47.370960,0.000000,0,4,-7.996092e-03,0.003023,0.035019,0.038489,0.000062,-0.000734,1.322997,1.311039,2.360724,1.618636,0.108930,0.423251
TEMPO_RADT_L1_V04_20260331T013507Z_S016G05,6.297664,33.495777,-89.145294,117,1,VNP46A3_A2026032,169,-2.937765e-02,0.006387,0.031047,0.087317,23.978765,49.645870,0.000000,0,9,2.512543e-02,-0.001919,0.074915,0.018184,0.000632,-0.000287,1.295196,1.321658,2.339957,1.770594,0.114052,0.432899
TEMPO_RADT_L1_V04_20260331T014738Z_S016G06,6.297664,33.512081,-95.179100,116,1,VNP46A3_A2026032,169,-2.937765e-02,0.006387,0.031047,0.087317,23.978765,51.971176,11221.000000,2,12,8.401804e-02,-0.017075,0.094586,-0.052029,0.005540,0.022151,1.336918,1.467540,2.380792,2.492726,0.146374,0.496783
TEMPO_RADT_L1_V04_20260401T010940Z_S010G01,6.297664,33.661842,-77.202080,116,1,VNP46A3_A2026032,157,-5.162958e-02,0.017491,0.034793,0.062487,12.122522,57.292965,0.000000,0,32,1.472295e-03,0.007577,0.017838,-0.019888,-0.004672,-0.013484,1.286488,1.329536,2.325162,1.858969,0.117307,0.445683
TEMPO_RADT_L1_V04_20260401T012204Z_S010G02,6.297664,33.547470,-83.310303,115,1,VNP46A3_A2026032,157,-5.162958e-02,0.017491,0.034793,0.062487,12.122522,59.611034,0.000000,0,122,-1.170590e-02,0.002304,0.018391,-0.026232,-0.004446,-0.012594,1.258637,1.315106,2.230630,1.694310,0.112272,0.432478
TEMPO_RADT_L1_V04_20260401T013421Z_S010G03,6.297664,33.500706,-89.272041,115,1,VNP46A3_A2026032,157,-5.162958e-02,0.017491,0.034793,0.062487,12.122522,61.896950,9.000000,0,78,2.136244e-02,0.014910,0.063517,-0.021661,-0.003409,-0.010538,1.268213,1.327311,2.289033,1.703824,0.112374,0.427373
TEMPO_RADT_L1_V04_20260401T014639Z_S010G04,6.297664,33.518307,-95.201195,115,1,VNP46A3_A2026032,157,-5.162958e-02,0.017491,0.034793,0.062487,12.122522,64.222870,15015.000000,0,109,1.029737e-01,0.027120,0.057645,0.145820,0.013667,0.049794,1.483918,1.517908,2.633254,2.248069,0.138527,0.475010
TEMPO_RADT_L1_V04_20260401T101804Z_S001G01,6.297664,33.567322,-88.057365,117,1,VNP46A3_A2026032,168,-9.374380e-03,-0.009498,0.033777,0.114405,7.737517,80.590652,8069.000000,0,4,4.423536e-02,0.008275,0.018913,-0.113384,-0.000662,0.014805,1.183304,1.605596,2.087549,2.595650,0.142133,0.511477
TEMPO_RADT_L1_V04_20260401T103034Z_S001G02,6.297664,33.569920,-94.088631,117,1,VNP46A3_A2026032,168,-9.374380e-03,-0.009498,0.033777,0.114405,7.737517,78.179161,0.000000,0,249,3.922379e-03,-0.014483,0.019223,0.013782,0.000989,-0.004091,1.113117,1.306878,1.977674,1.721555,0.112465,0.442248
TEMPO_RADT_L1_V04_20260401T104304Z_S001G03,6.297664,33.635536,-100.180168,117,1,VNP46A3_A2026032,168,-9.374380e-03,-0.009498,0.033777,0.114405,7.737517,75.749542,0.000000,0,0,-3.040494e-05,-0.014923,0.018595,0.030619,0.001016,0.001119,1.113343,1.264765,1.958232,1.553068,0.109021,0.427445
TEMPO_RADT_L1_V04_20260401T105535Z_S001G04,6.297664,33.767033,-106.457481,117,1,VNP46A3_A2026032,168,-9.374380e-03,-0.009498,0.033777,0.114405,7.737517,73.220047,0.000000,0,4,5.199067e-03,0.007205,0.011416,0.050418,0.000988,0.002075,1.095960,1.230319,1.926354,1.558707,0.110144,0.429965
TEMPO_RADT_L1_V04_20260401T110805Z_S001G05,6.297664,33.989792,-113.088402,117,1,VNP46A3_A2026032,168,-9.374380e-03,-0.009498,0.033777,0.114405,7.737517,70.477470,0.000000,0,0,1.105629e-02,0.024432,0.010739,0.066946,0.000940,0.002748,1.181807,1.277771,2.153536,1.699364,0.112510,0.443855
TEMPO_RADT_L1_V04_20260401T112036Z_S001G06,6.297664,34.315277,-120.295494,116,1,VNP46A3_A2026032,168,-9.374380e-03,-0.009498,0.033777,0.114405,7.737517,67.394676,0.000000,0,3,8.086829e-03,0.020725,0.011911,0.067139,0.000944,0.003131,1.251732,1.343905,2.315908,1.874587,0.115465,0.466368
TEMPO_RADT_L1_V04_20260401T233523Z_S027G01,6.297664,33.640934,-79.270432,61,0,VNP46A3_A2026032,0,0,0.000000,NaN,NaN,3.031296,89.180290,124928.000000,0,0,-7.647907e-02,NaN,-0.199656,NaN,NaN,NaN,5.825981,NaN,5.676902,NaN,NaN,NaN
TEMPO_RADT_L1_V04_20260401T234215Z_S028G01,6.297664,33.641380,-79.268181,61,0,VNP46A3_A2026032,0,0,0.000000,NaN,NaN,3.013731,87.826347,124928.000000,0,0,-1.151342e-01,NaN,-0.214150,NaN,NaN,NaN,5.838377,NaN,5.949225,NaN,NaN,NaN
TEMPO_RADT_L1_V04_20260401T234907Z_S029G01,6.297664,33.644768,-79.260185,61,0,VNP46A3_A2026032,0,0,0.000000,NaN,NaN,2.996581,86.472115,124928.000000,0,0,-6.659053e-02,NaN,0.001077,NaN,NaN,NaN,5.761480,NaN,5.801346,NaN,NaN,NaN
TEMPO_RADT_L1_V04_20260401T235559Z_S030G01,6.297664,33.643360,-79.264885,61,0,VNP46A3_A2026032,0,0,0.000000,NaN,NaN,2.980620,85.131592,124928.000000,0,0,-2.032169e-01,NaN,-0.098203,NaN,NaN,NaN,5.530516,NaN,5.695443,NaN,NaN,NaN
TEMPO_RADT_L1_V04_20260402T000251Z_S031G01,6.297664,33.643250,-79.264702,61,0,VNP46A3_A2026032,0,0,0.000000,NaN,NaN,2.965610,83.792038,124054.000000,0,0,-1.962891e-01,0.038097,-0.224222,-0.018725,-0.030109,0.006285,3.982205,2.907042,5.137906,3.504929,0.231204,0.595957
TEMPO_RADT_L1_V04_20260402T000943Z_S032G01,6.297664,33.642269,-79.267288,61,0,VNP46A3_A2026032,0,0,0.000000,NaN,NaN,2.951564,82.459663,55994.000000,0,3979,-1.243820e-01,0.095933,-0.162704,0.105114,0.006994,0.031148,1.898113,2.007306,3.455372,2.496049,0.136938,0.563450
TEMPO_RADT_L1_V04_20260402T001635Z_S033G01,6.297664,33.650036,-79.258240,61,0,VNP46A3_A2026032,0,0,0.000000,NaN,NaN,2.938498,81.125839,12967.000000,0,66,-1.613763e-02,0.119072,-0.068718,0.138070,0.009333,0.034203,1.242761,2.034974,2.398154,2.675321,0.135355,0.490272
TEMPO_RADT_L1_V04_20260402T002327Z_S034G01,6.297664,33.609062,-79.257767,61,1,VNP46A3_A2026032,13,-4.269364e-02,-0.041492,0.034003,0.034182,2.926422,79.791588,1371.000000,2,23,3.683755e-03,0.006927,0.009501,0.003301,-0.000283,0.001069,1.129079,1.387599,2.044019,1.848173,0.118445,0.428838
TEMPO_RADT_L1_V04_20260402T003019Z_S035G01,6.297664,33.606678,-79.261551,61,1,VNP46A3_A2026032,14,-4.414571e-02,-0.055423,0.028535,0.027565,2.915350,78.477585,0.000000,0,19,2.215099e-03,0.008712,0.006746,0.010215,0.000156,0.001379,1.101876,1.294148,1.933109,1.659670,0.111250,0.422597
TEMPO_RADT_L1_V04_20260402T004418Z_S036G01,6.297664,34.164139,-63.269028,117,1,VNP46A3_A2026032,135,3.409515e-02,-0.011425,0.035826,0.077893,2.866696,63.468636,0.000000,308,3,2.477376e-02,0.025781,0.029646,0.049369,-0.002117,-0.004809,1.284536,1.290406,2.386681,1.771385,0.114947,0.457290
TEMPO_RADT_L1_V04_20260402T005648Z_S036G02,6.297664,33.870174,-70.318115,117,1,VNP46A3_A2026032,135,3.409515e-02,-0.011425,0.035826,0.077893,2.866696,66.257927,0.000000,0,3,2.464082e-02,0.027066,0.028162,0.050585,-0.002452,-0.002664,1.216047,1.264516,2.222561,1.673262,0.113848,0.431804
TEMPO_RADT_L1_V04_20260402T010918Z_S036G03,6.297664,33.670101,-76.852669,117,1,VNP46A3_A2026032,135,3.409515e-02,-0.011425,0.035826,0.077893,2.866696,68.807106,0.000000,0,121,1.162867e-02,-0.010371,0.039228,0.010540,-0.002391,-0.005067,1.259764,1.294952,2.277523,1.643741,0.111468,0.422056
TEMPO_RADT_L1_V04_20260402T012149Z_S036G04,6.297664,33.546051,-83.084267,117,1,VNP46A3_A2026032,135,3.409515e-02,-0.011425,0.035826,0.077893,2.866696,71.217209,0.000000,0,17,-1.165722e-02,-0.001870,0.015000,0.027702,-0.001699,-0.002957,1.335722,1.306571,2.384742,1.608629,0.108969,0.420204
TEMPO_RADT_L1_V04_20260402T013419Z_S036G05,6.297664,33.492413,-89.159584,117,1,VNP46A3_A2026032,135,3.409515e-02,-0.011425,0.035826,0.077893,2.866696,73.579910,121.000000,0,88,3.113912e-02,0.000767,0.072483,-0.003306,-0.000226,-0.003362,1.240401,1.279001,2.218647,1.781121,0.117211,0.431897
TEMPO_RADT_L1_V04_20260402T014650Z_S036G06,6.297664,33.506859,-95.194649,116,1,VNP46A3_A2026032,135,3.409515e-02,-0.011425,0.035826,0.077893,2.866696,75.963501,17205.000000,0,160,6.711280e-02,0.017995,0.076357,0.015435,0.014826,0.031023,1.262779,1.470542,2.289034,2.476308,0.149267,0.494178
TEMPO_RADT_L1_V04_20260402T101752Z_S001G01,6.297664,33.573380,-88.055298,117,1,VNP46A3_A2026032,148,-1.834551e-02,-0.017362,0.039667,0.112951,5.280837,75.828384,10476.000000,1052,28,4.674444e-02,0.030057,0.029535,-0.052893,0.017994,0.022563,1.272435,1.716788,2.277746,2.700129,0.148431,0.510996
TEMPO_RADT_L1_V04_20260402T103022Z_S001G02,6.297664,33.572384,-94.093452,117,1,VNP46A3_A2026032,148,-1.834551e-02,-0.017362,0.039667,0.112951,5.280837,73.558723,0.000000,0,28,7.252150e-03,0.016130,0.016157,0.034993,-0.001781,-0.004164,1.114889,1.326544,1.974669,1.809500,0.128587,0.443024
TEMPO_RADT_L1_V04_20260402T104252Z_S001G03,6.297664,33.633759,-100.186798,117,1,VNP46A3_A2026032,148,-1.834551e-02,-0.017362,0.039667,0.112951,5.280837,71.308922,0.000000,3,32,2.386947e-03,-0.020898,0.024517,0.003910,-0.011137,-0.004459,1.215830,1.304422,2.178907,1.618661,0.117424,0.424993
TEMPO_RADT_L1_V04_20260402T105523Z_S001G04,6.297664,33.760902,-106.464424,117,1,VNP46A3_A2026032,148,-1.834551e-02,-0.017362,0.039667,0.112951,5.280837,69.005829,0.000000,312,0,1.431601e-02,0.008873,0.029884,0.040380,-0.009029,-0.000385,1.142238,1.265650,2.045606,1.599020,0.119712,0.428435
TEMPO_RADT_L1_V04_20260402T110753Z_S001G05,6.297664,33.982952,-113.096001,117,1,VNP46A3_A2026032,148,-1.834551e-02,-0.017362,0.039667,0.112951,5.280837,66.561050,0.000000,22,0,1.744628e-02,0.005023,0.036186,0.034203,-0.011460,-0.001036,1.177524,1.319213,2.141116,1.769916,0.137983,0.444509
TEMPO_RADT_L1_V04_20260402T112024Z_S001G06,6.297664,34.305855,-120.300201,116,1,VNP46A3_A2026032,148,-1.834551e-02,-0.017362,0.039667,0.112951,5.280837,63.880936,0.000000,127,0,9.835128e-03,0.002747,0.023363,0.031891,-0.007540,-0.002732,1.313412,1.379275,2.452004,1.986942,0.147990,0.477228
TEMPO_RADT_L1_V04_20260403T004354Z_S016G01,6.297664,34.165802,-63.256157,117,1,VNP46A3_A2026032,137,-2.021934e-02,-0.019375,0.042250,0.068980,11.684170,74.881729,0.000000,1,0,7.221444e-03,0.024180,-0.000419,0.061396,-0.000907,0.001454,1.032827,1.197499,1.838660,1.672363,0.115391,0.452160
TEMPO_RADT_L1_V04_20260403T005624Z_S016G02,6.297664,33.870789,-70.311409,117,1,VNP46A3_A2026032,137,-2.021934e-02,-0.019375,0.042250,0.068980,11.684170,77.758774,0.000000,0,16,9.877759e-03,0.025501,0.000016,0.066711,-0.000859,0.003123,1.019007,1.187480,1.781764,1.596679,0.112535,0.436562
TEMPO_RADT_L1_V04_20260403T010854Z_S016G03,6.297664,33.671215,-76.850960,117,1,VNP46A3_A2026032,137,-2.021934e-02,-0.019375,0.042250,0.068980,11.684170,80.365646,0.000000,0,0,-7.942118e-04,0.015570,0.007849,0.060644,-0.000759,0.003248,1.051749,1.201293,1.813620,1.538953,0.111222,0.429708
TEMPO_RADT_L1_V04_20260403T012125Z_S016G04,6.297664,33.547390,-83.086403,117,1,VNP46A3_A2026032,137,-2.021934e-02,-0.019375,0.042250,0.068980,11.684170,82.814537,0.000000,0,37,-1.849958e-02,-0.004431,0.010028,0.044574,-0.001066,0.002795,1.107658,1.228426,1.910986,1.525370,0.109610,0.428015
TEMPO_RADT_L1_V04_20260403T013355Z_S016G05,6.297664,33.493092,-89.162910,117,1,VNP46A3_A2026032,137,-2.021934e-02,-0.019375,0.042250,0.068980,11.684170,85.202003,527.000000,0,14,3.093633e-02,0.000539,0.074656,-0.007422,0.000143,0.005802,1.082772,1.242137,1.893601,1.770440,0.118081,0.441658
TEMPO_RADT_L1_V04_20260403T014626Z_S016G06,6.297664,33.505936,-95.203003,116,1,VNP46A3_A2026032,137,-2.021934e-02,-0.019375,0.042250,0.068980,11.684170,87.604904,20195.000000,0,2,6.142689e-02,-0.018241,0.007608,-0.161849,0.011827,0.005639,1.181495,1.392610,1.951211,2.355084,0.153293,0.500994
TEMPO_RADT_L1_V04_20260403T101740Z_S001G01,6.297664,33.565968,-88.061028,117,1,VNP46A3_A2026032,166,-2.058083e-03,-0.004034,0.042742,0.130272,16.108646,71.630348,13186.000000,5,3,3.271604e-02,0.013275,0.004290,-0.088440,0.014045,0.040034,1.302091,1.366886,2.353779,2.383353,0.149812,0.541934
TEMPO_RADT_L1_V04_20260403T103010Z_S001G02,6.297664,33.564472,-94.100266,117,1,VNP46A3_A2026032,166,-2.058083e-03,-0.004034,0.042742,0.130272,16.108646,69.601196,0.000000,253,4,1.336789e-02,0.011321,0.033152,0.041859,0.002604,0.007562,1.127680,1.260408,2.000899,1.768411,0.119881,0.454330
TEMPO_RADT_L1_V04_20260403T104240Z_S001G03,6.297664,33.627491,-100.195076,117,1,VNP46A3_A2026032,166,-2.058083e-03,-0.004034,0.042742,0.130272,16.108646,67.631760,0.000000,0,2,4.491181e-03,-0.000537,0.025908,0.021512,-0.004507,-0.003663,1.168319,1.278525,2.061810,1.605708,0.114904,0.435384
TEMPO_RADT_L1_V04_20260403T105511Z_S001G04,6.297664,33.759106,-106.472847,117,1,VNP46A3_A2026032,166,-2.058083e-03,-0.004034,0.042742,0.130272,16.108646,65.666229,0.000000,47,9,1.471414e-02,0.007308,0.025668,0.027992,-0.003862,-0.002492,1.087279,1.227031,1.900211,1.583164,0.116109,0.434887
TEMPO_RADT_L1_V04_20260403T110741Z_S001G05,6.297664,33.985538,-113.099060,117,1,VNP46A3_A2026032,166,-2.058083e-03,-0.004034,0.042742,0.130272,16.108646,63.647938,0.000000,0,0,1.661011e-02,0.005614,0.024143,0.019133,-0.007956,-0.004610,1.073694,1.213167,1.909858,1.670861,0.124278,0.449248
TEMPO_RADT_L1_V04_20260403T112012Z_S001G06,6.297664,34.310070,-120.306976,116,1,VNP46A3_A2026032,166,-2.058083e-03,-0.004034,0.042742,0.130272,16.108646,61.511803,0.000000,262,0,1.707392e-02,0.003047,0.025968,0.037254,-0.004215,0.001792,1.186743,1.270136,2.151985,1.875373,0.132737,0.479024
TEMPO_RADT_L1_V04_20260404T004331Z_S016G01,6.297664,34.163803,-63.288357,117,1,VNP46A3_A2026032,149,-3.809045e-02,0.000055,0.046076,0.105252,22.798115,86.108665,0.000000,0,2,9.799729e-03,0.030720,-0.001609,0.063355,-0.002530,0.002234,0.995808,1.200024,1.724235,1.677127,0.118418,0.450256
TEMPO_RADT_L1_V04_20260404T005601Z_S016G02,6.297664,33.869663,-70.341118,117,1,VNP46A3_A2026032,149,-3.809045e-02,0.000055,0.046076,0.105252,22.798115,89.052917,0.000000,0,8,9.937281e-03,0.031836,-0.002962,0.055941,-0.002789,0.000055,0.986682,1.184022,1.710762,1.589343,0.113086,0.431610
TEMPO_RADT_L1_V04_20260404T010831Z_S016G03,6.297664,33.670303,-76.876099,117,1,VNP46A3_A2026032,149,-3.809045e-02,0.000055,0.046076,0.105252,22.798115,91.701157,0.000000,0,12,-3.788744e-03,-0.009262,0.009628,0.021930,-0.002649,0.000409,1.054120,1.237877,1.799989,1.570716,0.110785,0.423734
TEMPO_RADT_L1_V04_20260404T012102Z_S016G04,6.297664,33.548443,-83.104187,117,1,VNP46A3_A2026032,149,-3.809045e-02,0.000055,0.046076,0.105252,22.798115,94.175156,0.000000,0,46,-1.511933e-02,-0.004618,0.010897,0.029076,-0.002485,0.001182,1.085837,1.236352,1.855975,1.534514,0.109529,0.427120
TEMPO_RADT_L1_V04_20260404T013332Z_S016G05,6.297664,33.496815,-89.174591,117,1,VNP46A3_A2026032,149,-3.809045e-02,0.000055,0.046076,0.105252,22.798115,96.579109,1235.000000,0,71,3.234816e-02,-0.003453,0.059523,-0.050482,0.000604,0.002708,1.076546,1.280260,1.856554,1.818091,0.122487,0.436907
TEMPO_RADT_L1_V04_20260404T014603Z_S016G06,6.297664,33.513496,-95.208176,116,1,VNP46A3_A2026032,149,-3.809045e-02,0.000055,0.046076,0.105252,22.798115,98.991371,23254.000000,0,139,4.384448e-02,-0.002649,0.022104,-0.075612,0.017738,0.014300,1.134350,1.355862,1.952096,2.214896,0.154066,0.485526
TEMPO_RADT_L1_V04_20260404T101727Z_S001G01,6.297664,33.566334,-88.053963,117,1,VNP46A3_A2026032,147,-3.475668e-02,-0.013394,0.045691,0.152522,27.216238,68.136635,16263.000000,0,19,1.453585e-02,-0.013665,-0.031565,-0.243616,0.003962,-0.001912,1.193494,1.371269,2.172043,2.216375,0.147412,0.506503
TEMPO_RADT_L1_V04_20260404T102957Z_S001G02,6.297664,33.567089,-94.089462,117,1,VNP46A3_A2026032,147,-3.475668e-02,-0.013394,0.045691,0.152522,27.216238,66.444221,41.000000,0,52,1.413402e-02,0.008481,0.021570,0.005710,-0.000166,0.004074,1.118855,1.243589,2.005274,1.730019,0.118961,0.441857
TEMPO_RADT_L1_V04_20260404T104227Z_S001G03,6.297664,33.632198,-100.180344,117,1,VNP46A3_A2026032,147,-3.475668e-02,-0.013394,0.045691,0.152522,27.216238,64.853073,0.000000,0,34,6.157798e-03,0.002442,0.033758,0.047713,0.000191,0.003917,1.177764,1.270240,2.088149,1.579019,0.111801,0.432954
TEMPO_RADT_L1_V04_20260404T105458Z_S001G04,6.297664,33.763504,-106.455566,117,1,VNP46A3_A2026032,147,-3.475668e-02,-0.013394,0.045691,0.152522,27.216238,63.322906,0.000000,0,0,1.187813e-02,0.010644,0.029402,0.065124,-0.000217,0.007674,1.052783,1.220269,1.832927,1.567321,0.111583,0.436536
TEMPO_RADT_L1_V04_20260404T110728Z_S001G05,6.297664,33.989994,-113.078041,117,1,VNP46A3_A2026032,147,-3.475668e-02,-0.013394,0.045691,0.152522,27.216238,61.833344,0.000000,0,2,1.408485e-02,0.013485,0.027748,0.072559,-0.000267,0.009511,1.039735,1.213752,1.831557,1.610912,0.114904,0.443613
TEMPO_RADT_L1_V04_20260404T111959Z_S001G06,6.297664,34.315392,-120.283173,116,1,VNP46A3_A2026032,147,-3.475668e-02,-0.013394,0.045691,0.152522,27.216238,60.361858,0.000000,0,2,1.551659e-02,0.009623,0.031225,0.071532,-0.000367,0.010535,1.103471,1.238541,1.967089,1.701430,0.119724,0.450488
TEMPO_RADT_L1_V04_20260405T004309Z_S014G01,6.297664,34.160797,-63.285946,117,1,VNP46A3_A2026032,130,-3.980003e-02,0.011296,0.044083,0.081701,33.843704,97.075050,0.000000,0,0,-2.741336e-03,0.024952,-0.014285,0.077551,-0.000953,0.011008,0.991835,1.195711,1.715720,1.625179,0.114595,0.452812
TEMPO_RADT_L1_V04_20260405T005539Z_S014G02,6.297664,33.867710,-70.332939,117,1,VNP46A3_A2026032,130,-3.980003e-02,0.011296,0.044083,0.081701,33.843704,100.076653,0.000000,0,52,-1.461779e-03,0.026242,-0.013524,0.067950,-0.001257,0.007364,0.985075,1.178736,1.710491,1.563750,0.112776,0.445370
TEMPO_RADT_L1_V04_20260405T010809Z_S014G03,6.297664,33.668045,-76.867447,117,1,VNP46A3_A2026032,130,-3.980003e-02,0.011296,0.044083,0.081701,33.843704,102.765427,0.000000,0,9,-1.299739e-02,0.000379,-0.003979,0.050621,-0.001134,0.008693,1.040857,1.216775,1.784531,1.559395,0.111731,0.441198
TEMPO_RADT_L1_V04_20260405T012040Z_S014G04,6.297664,33.546551,-83.095528,117,1,VNP46A3_A2026032,130,-3.980003e-02,0.011296,0.044083,0.081701,33.843704,105.267815,0.000000,0,17,-2.022895e-02,0.001797,-0.006639,0.050841,-0.000929,0.007002,1.062419,1.223478,1.812083,1.531434,0.109578,0.438323
TEMPO_RADT_L1_V04_20260405T013310Z_S014G05,6.297664,33.496250,-89.162651,117,1,VNP46A3_A2026032,130,-3.980003e-02,0.011296,0.044083,0.081701,33.843704,107.689194,2167.000000,1,34,4.858879e-02,-0.001627,0.084016,-0.068203,-0.001265,0.009434,1.096374,1.258327,1.897654,1.800600,0.122213,0.452040
TEMPO_RADT_L1_V04_20260405T014541Z_S014G06,6.297664,33.511986,-95.195648,116,1,VNP46A3_A2026032,130,-3.980003e-02,0.011296,0.044083,0.081701,33.843704,110.114044,26135.000000,0,11,6.508520e-02,-0.018491,0.036755,-0.211441,0.012610,-0.011217,1.180391,1.405657,2.049142,2.012824,0.149710,0.478581
TEMPO_RADT_L1_V04_20260405T101715Z_S001G01,6.297664,33.575233,-88.060776,117,1,VNP46A3_A2026032,169,3.434788e-02,0.011469,0.036576,0.109871,38.214005,65.441414,19425.000000,0,10,2.259479e-02,-0.032622,-0.003966,-0.246549,0.000474,-0.007817,1.261239,1.393815,2.285804,2.300984,0.151218,0.519947
TEMPO_RADT_L1_V04_20260405T102945Z_S001G02,6.297664,33.574829,-94.096169,117,1,VNP46A3_A2026032,169,3.434788e-02,0.011469,0.036576,0.109871,38.214005,64.164162,361.000000,0,14,1.701135e-02,0.003385,0.031332,-0.008364,-0.000349,0.009358,1.165675,1.291053,2.090871,1.856352,0.119934,0.451674
TEMPO_RADT_L1_V04_20260405T104215Z_S001G03,6.297664,33.639759,-100.192894,117,1,VNP46A3_A2026032,169,3.434788e-02,0.011469,0.036576,0.109871,38.214005,63.026760,0.000000,0,126,6.241347e-03,0.004188,0.024417,0.046556,0.001087,0.005131,1.108145,1.250059,1.936730,1.570512,0.109559,0.436796
TEMPO_RADT_L1_V04_20260405T105446Z_S001G04,6.297664,33.764370,-106.473175,117,1,VNP46A3_A2026032,169,3.434788e-02,0.011469,0.036576,0.109871,38.214005,62.004055,0.000000,0,4,1.208065e-02,0.020804,0.023840,0.074297,0.001370,0.008995,1.056882,1.214316,1.841200,1.575724,0.111457,0.438439
TEMPO_RADT_L1_V04_20260405T110716Z_S001G05,6.297664,33.984798,-113.104599,117,1,VNP46A3_A2026032,169,3.434788e-02,0.011469,0.036576,0.109871,38.214005,61.113113,0.000000,0,4,1.237303e-02,0.023308,0.021513,0.075114,0.001349,0.009367,1.019298,1.207180,1.772968,1.652032,0.113940,0.450284
TEMPO_RADT_L1_V04_20260405T111947Z_S001G06,6.297664,34.305119,-120.312813,116,1,VNP46A3_A2026032,169,3.434788e-02,0.011469,0.036576,0.109871,38.214005,60.376213,0.000000,0,2,1.130184e-02,0.020657,0.019143,0.074965,0.001245,0.010179,1.033251,1.228202,1.807990,1.765454,0.117615,0.460446
TEMPO_RADT_L1_V04_20260406T004247Z_S016G01,6.297664,34.156406,-63.300739,117,1,VNP46A3_A2026032,133,-8.932667e-03,0.031310,0.042167,0.085873,44.769245,107.823486,0.000000,0,59,1.456893e-03,0.026767,-0.007996,0.074034,-0.000633,0.006746,0.995213,1.215407,1.727455,1.676450,0.116024,0.450891
TEMPO_RADT_L1_V04_20260406T005517Z_S016G02,6.297664,33.862476,-70.346344,117,1,VNP46A3_A2026032,133,-8.932667e-03,0.031310,0.042167,0.085873,44.769245,110.884544,0.000000,0,41,2.519749e-03,0.027461,-0.007249,0.073389,-0.000643,0.007096,0.987383,1.186788,1.710904,1.598842,0.113729,0.441295
TEMPO_RADT_L1_V04_20260406T010747Z_S016G03,6.297664,33.664127,-76.876991,117,1,VNP46A3_A2026032,133,-8.932667e-03,0.031310,0.042167,0.085873,44.769245,113.612610,0.000000,0,19,-9.451366e-03,0.007327,0.000490,0.056342,-0.000769,0.008021,1.039932,1.213388,1.783236,1.568440,0.111600,0.437350
TEMPO_RADT_L1_V04_20260406T012018Z_S016G04,6.297664,33.543213,-83.102371,117,1,VNP46A3_A2026032,133,-8.932667e-03,0.031310,0.042167,0.085873,44.769245,116.142738,0.000000,0,3,-1.716371e-02,-0.000225,0.005990,0.053143,-0.000750,0.006018,1.079462,1.238958,1.841680,1.553995,0.109779,0.435623
TEMPO_RADT_L1_V04_20260406T013248Z_S016G05,6.297664,33.492737,-89.170181,117,1,VNP46A3_A2026032,133,-8.932667e-03,0.031310,0.042167,0.085873,44.769245,118.585907,3465.000000,0,25,5.152842e-02,-0.020524,0.081174,-0.087399,-0.001433,0.009487,1.119063,1.314441,1.938931,1.900895,0.125770,0.449100
TEMPO_RADT_L1_V04_20260406T014519Z_S016G06,6.297664,33.508869,-95.203209,116,1,VNP46A3_A2026032,133,-8.932667e-03,0.031310,0.042167,0.085873,44.769245,121.025871,29263.000000,0,18,5.532462e-02,0.003970,0.016235,-0.196202,0.011973,-0.009850,1.202657,1.418871,2.123764,2.172942,0.154574,0.491397
TEMPO_RADT_L1_V04_20260406T101702Z_S001G01,6.297664,33.566212,-88.068657,117,1,VNP46A3_A2026032,148,3.739566e-02,0.030211,0.032787,0.073896,49.098991,63.607292,22528.000000,0,13,3.033552e-02,-0.012505,-0.011295,-0.382456,-0.000113,-0.020862,1.206727,1.419322,2.148352,2.165804,0.149054,0.510938
TEMPO_RADT_L1_V04_20260406T102932Z_S001G02,6.297664,33.564270,-94.104439,117,1,VNP46A3_A2026032,148,3.739566e-02,0.030211,0.032787,0.073896,49.098991,62.810837,969.000000,3,10,2.370339e-02,-0.011324,0.037773,-0.035641,-0.000850,0.010848,1.165994,1.292638,2.062829,1.843922,0.120908,0.454686
TEMPO_RADT_L1_V04_20260406T104202Z_S001G03,6.297664,33.625031,-100.199440,117,1,VNP46A3_A2026032,148,3.739566e-02,0.030211,0.032787,0.073896,49.098991,62.186405,0.000000,0,4,1.963698e-03,0.000343,0.021072,0.074675,0.001211,0.008510,1.082417,1.246596,1.865004,1.573320,0.110268,0.442589
TEMPO_RADT_L1_V04_20260406T105433Z_S001G04,6.297664,33.753483,-106.475418,117,1,VNP46A3_A2026032,148,3.739566e-02,0.030211,0.032787,0.073896,49.098991,61.735607,0.000000,0,0,7.933261e-03,0.015701,0.018468,0.090076,0.001288,0.011810,1.043602,1.210684,1.816426,1.570293,0.111682,0.444310
TEMPO_RADT_L1_V04_20260406T110703Z_S001G05,6.297664,33.976074,-113.100815,117,1,VNP46A3_A2026032,148,3.739566e-02,0.030211,0.032787,0.073896,49.098991,61.496136,0.000000,1,2,1.074789e-02,0.024341,0.019509,0.105129,0.001155,0.013347,1.030335,1.214183,1.803572,1.629795,0.114284,0.449013
TEMPO_RADT_L1_V04_20260406T111934Z_S001G06,6.297664,34.296043,-120.307999,116,1,VNP46A3_A2026032,148,3.739566e-02,0.030211,0.032787,0.073896,49.098991,61.522377,0.000000,0,7,8.558500e-03,0.032088,0.017133,0.117990,0.001251,0.015398,1.042048,1.221868,1.825943,1.689919,0.117386,0.455457
TEMPO_RADT_L1_V04_20260407T101650Z_S001G01,6.297664,33.555260,-88.101662,117,1,VNP46A3_A2026032,149,-3.716256e-02,-0.003127,0.026791,0.063883,59.917740,62.701653,25714.000000,0,0,2.427319e-02,-0.038583,0.014512,-0.220534,0.002794,-0.022664,1.214145,1.390551,2.145672,2.120916,0.145810,0.501354
TEMPO_RADT_L1_V04_20260407T102920Z_S001G02,6.297664,33.554527,-94.136833,117,1,VNP46A3_A2026032,149,-3.716256e-02,-0.003127,0.026791,0.063883,59.917740,62.432526,1897.000000,3,8,1.563273e-02,-0.016536,0.031241,-0.066133,-0.001378,0.011953,1.129209,1.320425,1.982001,1.842331,0.120725,0.455488
TEMPO_RADT_L1_V04_20260407T104150Z_S001G03,6.297664,33.616344,-100.233986,117,1,VNP46A3_A2026032,149,-3.716256e-02,-0.003127,0.026791,0.063883,59.917740,62.357365,0.000000,0,4,2.187358e-03,-0.000054,0.016337,0.047618,0.000710,0.009763,1.074496,1.257795,1.846470,1.579451,0.109729,0.443037
TEMPO_RADT_L1_V04_20260407T105421Z_S001G04,6.297664,33.746449,-106.508713,117,1,VNP46A3_A2026032,149,-3.716256e-02,-0.003127,0.026791,0.063883,59.917740,62.494267,0.000000,0,9,1.149939e-02,0.030236,0.019159,0.076324,0.000742,0.011125,1.035411,1.213720,1.791630,1.567947,0.111411,0.440650
TEMPO_RADT_L1_V04_20260407T110651Z_S001G05,6.297664,33.968723,-113.135925,117,1,VNP46A3_A2026032,149,-3.716256e-02,-0.003127,0.026791,0.063883,59.917740,62.903881,0.000000,0,2,1.172319e-02,0.030179,0.015296,0.082400,0.000783,0.012853,1.011596,1.213764,1.753465,1.612018,0.112954,0.447556
TEMPO_RADT_L1_V04_20260407T111922Z_S001G06,6.297664,34.292171,-120.345528,116,1,VNP46A3_A2026032,149,-3.716256e-02,-0.003127,0.026791,0.063883,59.917740,63.675140,0.000000,0,0,1.297677e-02,0.032937,0.015185,0.090747,0.000961,0.015471,1.009430,1.232686,1.745325,1.671410,0.114381,0.452135
TEMPO_RADT_L1_V04_20260408T004205Z_S016G01,6.297664,34.153698,-63.320843,117,1,VNP46A3_A2026032,127,4.061469e-03,0.005477,0.040467,0.061480,66.411522,128.627716,0.000000,0,24,8.642048e-03,0.042959,-0.005576,0.117511,-0.000303,0.012860,0.995489,1.194435,1.721001,1.738104,0.117501,0.462421
TEMPO_RADT_L1_V04_20260408T005435Z_S016G02,6.297664,33.860561,-70.364723,117,1,VNP46A3_A2026032,127,4.061469e-03,0.005477,0.040467,0.061480,66.411522,131.819702,0.000000,0,314,9.646053e-03,0.018468,-0.004587,0.068404,-0.000837,0.006169,0.996239,1.207269,1.724407,1.667612,0.116167,0.446160
TEMPO_RADT_L1_V04_20260408T010705Z_S016G03,6.297664,33.662498,-76.892593,117,1,VNP46A3_A2026032,127,4.061469e-03,0.005477,0.040467,0.061480,66.411522,134.639557,0.000000,0,68,-4.739853e-03,-0.007023,0.007656,0.073642,-0.000499,0.010858,1.056790,1.248901,1.808681,1.634823,0.112365,0.437277
TEMPO_RADT_L1_V04_20260408T011936Z_S016G04,6.297664,33.541401,-83.116585,117,1,VNP46A3_A2026032,127,4.061469e-03,0.005477,0.040467,0.061480,66.411522,137.236679,0.000000,0,2,-2.288642e-02,-0.003672,0.003613,0.091701,-0.000049,0.015768,1.093996,1.266973,1.867174,1.620279,0.110587,0.432696
TEMPO_RADT_L1_V04_20260408T013206Z_S016G05,6.297664,33.490234,-89.186569,117,1,VNP46A3_A2026032,127,4.061469e-03,0.005477,0.040467,0.061480,66.411522,139.730423,7012.000000,0,0,6.234206e-02,0.000791,0.092029,-0.145785,-0.001629,0.013775,1.142590,1.315570,1.955772,2.011717,0.131587,0.467984
TEMPO_RADT_L1_V04_20260408T014437Z_S016G06,6.297664,33.504360,-95.224754,116,1,VNP46A3_A2026032,127,4.061469e-03,0.005477,0.040467,0.061480,66.411522,142.207352,35545.000000,0,0,9.909924e-03,-0.005230,-0.022365,-0.383818,0.008043,-0.040336,1.188153,1.490305,2.069243,2.246347,0.157478,0.539084
TEMPO_RADT_L1_V04_20260408T101637Z_S001G01,6.297664,33.562397,-88.094948,117,1,VNP46A3_A2026032,153,-9.695128e-03,0.003977,0.036551,0.090441,70.729897,62.780746,28897.000000,0,4,6.792540e-03,-0.033616,-0.044476,-0.270176,0.005608,0.006630,1.220648,1.439436,2.146936,2.207930,0.153330,0.532549
TEMPO_RADT_L1_V04_20260408T102907Z_S001G02,6.297664,33.562176,-94.131432,117,1,VNP46A3_A2026032,153,-9.695128e-03,0.003977,0.036551,0.090441,70.729897,63.050156,3142.000000,4,3,2.212435e-02,-0.008321,0.028433,-0.083259,-0.001358,0.004993,1.123967,1.330838,1.998931,1.935756,0.125227,0.459467
TEMPO_RADT_L1_V04_20260408T104137Z_S001G03,6.297664,33.622246,-100.226822,117,1,VNP46A3_A2026032,153,-9.695128e-03,0.003977,0.036551,0.090441,70.729897,63.519272,0.000000,0,4,4.858447e-03,0.005995,0.023467,0.065823,0.000406,0.005140,1.065326,1.257413,1.826172,1.580050,0.110479,0.442220
TEMPO_RADT_L1_V04_20260408T105408Z_S001G04,6.297664,33.752613,-106.502739,117,1,VNP46A3_A2026032,153,-9.695128e-03,0.003977,0.036551,0.090441,70.729897,64.223991,0.000000,0,2,1.328505e-02,0.020285,0.024642,0.075463,0.000278,0.005423,1.022686,1.209397,1.766355,1.569616,0.111566,0.444208
TEMPO_RADT_L1_V04_20260408T110638Z_S001G05,6.297664,33.977264,-113.133392,117,1,VNP46A3_A2026032,153,-9.695128e-03,0.003977,0.036551,0.090441,70.729897,65.247787,0.000000,0,0,1.249873e-02,0.026546,0.018744,0.083919,0.000464,0.006990,1.013753,1.218880,1.764552,1.632639,0.113845,0.450519
TEMPO_RADT_L1_V04_20260408T111909Z_S001G06,6.297664,34.301842,-120.343697,116,1,VNP46A3_A2026032,153,-9.695128e-03,0.003977,0.036551,0.090441,70.729897,66.697792,0.000000,0,0,1.431860e-02,0.025944,0.020276,0.112859,0.000570,0.014110,1.012295,1.244433,1.757345,1.712073,0.117068,0.461169
TEMPO_RADT_L1_V04_20260409T004145Z_S078G01,6.297664,34.161438,-63.320736,117,1,VNP46A3_A2026032,125,6.782100e-03,0.002621,0.030748,0.073487,77.254623,138.609665,0.000000,0,44,7.885035e-03,0.032022,-0.012153,0.080859,-0.001544,0.005983,1.000252,1.201887,1.723878,1.804257,0.119750,0.475803
TEMPO_RADT_L1_V04_20260409T005415Z_S078G02,6.297664,33.866978,-70.363388,117,1,VNP46A3_A2026032,125,6.782100e-03,0.002621,0.030748,0.073487,77.254623,141.868118,0.000000,0,2,7.954560e-03,0.038216,-0.012186,0.094907,-0.001529,0.009136,0.999797,1.195199,1.731374,1.676955,0.116828,0.453241
TEMPO_RADT_L1_V04_20260409T010645Z_S078G03,6.297664,33.670120,-76.889290,117,1,VNP46A3_A2026032,125,6.782100e-03,0.002621,0.030748,0.073487,77.254623,144.732208,0.000000,0,6,-4.784235e-03,-0.000375,0.002260,0.066708,-0.001624,0.008643,1.062152,1.247648,1.814976,1.634516,0.112408,0.443739
TEMPO_RADT_L1_V04_20260409T011916Z_S078G04,6.297664,33.548111,-83.112099,117,1,VNP46A3_A2026032,125,6.782100e-03,0.002621,0.030748,0.073487,77.254623,147.357452,0.000000,0,21,-1.338488e-02,-0.001635,0.012408,0.061688,-0.001302,0.010354,1.109475,1.275394,1.888713,1.662598,0.111682,0.442725
TEMPO_RADT_L1_V04_20260409T013146Z_S078G05,6.297664,33.493645,-89.183289,117,1,VNP46A3_A2026032,125,6.782100e-03,0.002621,0.030748,0.073487,77.254623,149.866425,9303.000000,0,4,6.475419e-02,-0.006156,0.095309,-0.221607,-0.002460,0.013696,1.155049,1.352771,1.965995,2.072401,0.136044,0.487184
TEMPO_RADT_L1_V04_20260409T014417Z_S078G06,6.297664,33.504940,-95.220932,116,1,VNP46A3_A2026032,125,6.782100e-03,0.002621,0.030748,0.073487,77.254623,152.341812,38756.000000,1,10,-2.425583e-03,-0.006657,-0.038350,-0.268561,0.011816,-0.033460,1.166612,1.619290,2.082475,2.362653,0.157262,0.536678
TEMPO_RADT_L1_V04_20260409T101624Z_S001G01,6.297664,33.758286,-106.451378,117,1,VNP46A3_A2026032,81,-5.657247e-02,0.009342,0.030706,0.067601,81.468521,70.578995,0.000000,0,0,6.593072e-03,-0.000265,0.010585,-0.004106,0.000239,0.003529,1.011907,1.187299,1.736447,1.489929,0.108567,0.438639
TEMPO_RADT_L1_V04_20260409T102854Z_S001G02,6.297664,33.972923,-113.091164,117,1,VNP46A3_A2026032,81,-5.657247e-02,0.009342,0.030706,0.067601,81.468521,72.467918,0.000000,0,0,6.156294e-03,0.004518,0.007929,0.008641,0.000404,0.005638,0.997107,1.180525,1.719374,1.479738,0.108380,0.437254
TEMPO_RADT_L1_V04_20260409T104124Z_S001G03,6.297664,34.287659,-120.307503,117,1,VNP46A3_A2026032,81,-5.657247e-02,0.009342,0.030706,0.067601,81.468521,74.846405,0.000000,0,0,7.238177e-03,0.007259,0.008769,0.013318,0.000253,0.007269,1.000280,1.185168,1.721134,1.493354,0.108677,0.441179
TEMPO_RADT_L1_V04_20260410T011850Z_S018G01,6.297664,33.541801,-83.101906,117,1,VNP46A3_A2026032,106,-6.930996e-03,0.028204,0.037938,0.063859,88.358147,156.845474,0.000000,0,0,-1.520714e-01,-0.091257,-0.204710,-0.378645,-0.047983,-0.057298,1.255085,1.346988,2.128502,2.167084,0.150708,0.482731
TEMPO_RADT_L1_V04_20260410T013120Z_S018G02,6.297664,33.491917,-89.167671,117,1,VNP46A3_A2026032,106,-6.930996e-03,0.028204,0.037938,0.063859,88.358147,159.280762,11765.000000,0,0,-1.492926e-02,-0.029943,-0.028302,-0.257526,-0.018809,-0.017466,1.176676,1.324231,2.029713,1.747319,0.127357,0.450865
TEMPO_RADT_L1_V04_20260410T014350Z_S018G03,6.297664,33.507553,-95.198944,117,1,VNP46A3_A2026032,106,-6.930996e-03,0.028204,0.037938,0.063859,88.358147,161.637680,42325.000000,0,82,3.648208e-02,0.093049,-0.029805,0.358555,0.040829,0.023635,1.206879,1.499474,2.130565,2.154082,0.150851,0.495824
TEMPO_RADT_L1_V04_20260410T101611Z_S001G01,6.297664,33.563915,-88.107613,117,1,VNP46A3_A2026032,117,-4.358842e-02,-0.031946,0.031576,0.070893,92.496719,65.786720,35300.000000,0,0,8.702869e-03,0.020063,-0.025950,0.112254,0.017593,-0.016110,1.201163,1.546030,2.191504,2.315238,0.145018,0.479144
TEMPO_RADT_L1_V04_20260410T102841Z_S001G02,6.297664,33.564583,-94.146294,117,1,VNP46A3_A2026032,117,-4.358842e-02,-0.031946,0.031576,0.070893,92.496719,67.057564,6577.000000,0,19,-1.472446e-02,-0.079759,-0.035678,-0.246352,-0.015914,-0.013329,1.106259,1.444184,1.962354,1.808784,0.120926,0.443765
TEMPO_RADT_L1_V04_20260410T104111Z_S001G03,6.297664,33.631985,-100.243011,117,1,VNP46A3_A2026032,117,-4.358842e-02,-0.031946,0.031576,0.070893,92.496719,68.511055,0.000000,0,32,-6.278776e-02,-0.068736,-0.075704,-0.119005,-0.021021,-0.025439,1.142844,1.407989,2.007615,2.115235,0.141607,0.481102
TEMPO_RADT_L1_V04_20260411T011831Z_S080G01,6.297664,34.157230,-63.377632,117,1,VNP46A3_A2026032,33,-2.327858e-04,-0.023178,0.025979,0.188945,99.521141,149.257553,0.000000,0,90,8.916642e-03,0.008400,0.005843,0.003993,-0.000075,0.001957,0.986328,1.161945,1.703514,1.458004,0.108388,0.426505
TEMPO_RADT_L1_V04_20260411T013101Z_S080G02,6.297664,33.866146,-70.408356,117,1,VNP46A3_A2026032,33,-2.327858e-04,-0.023178,0.025979,0.188945,99.521141,152.492081,0.000000,0,13,9.364810e-03,0.018849,0.004979,0.019576,0.000132,0.001898,0.980315,1.155981,1.693619,1.432135,0.107914,0.423062
TEMPO_RADT_L1_V04_20260411T014331Z_S080G03,6.297664,33.670395,-76.928970,117,1,VNP46A3_A2026032,33,-2.327858e-04,-0.023178,0.025979,0.188945,99.521141,155.276993,0.000000,0,0,-1.369268e-03,-0.017368,0.014260,-0.012030,0.000228,0.002500,1.035237,1.212121,1.771006,1.508576,0.108107,0.423294
TEMPO_RADT_L1_V04_20260412T011813Z_S078G01,6.297664,33.538857,-83.103783,117,1,VNP46A3_A2026032,99,-3.276592e-02,0.024243,0.044656,0.060841,110.965614,165.529709,210.000000,0,7,-6.683836e-02,-0.082244,-0.062787,-0.401339,-0.035533,-0.026679,1.179561,1.323943,1.972476,2.302129,0.147166,0.512779
TEMPO_RADT_L1_V04_20260412T013043Z_S078G02,6.297664,33.488255,-89.168617,117,1,VNP46A3_A2026032,99,-3.276592e-02,0.024243,0.044656,0.060841,110.965614,165.623627,17739.000000,0,0,2.225533e-03,-0.029763,-0.004202,-0.176158,-0.014825,-0.007959,1.147420,1.319945,1.965757,1.761042,0.127717,0.466076
TEMPO_RADT_L1_V04_20260412T014313Z_S078G03,6.297664,33.503296,-95.202492,117,1,VNP46A3_A2026032,99,-3.276592e-02,0.024243,0.044656,0.060841,110.965614,165.171158,48739.000000,0,6,3.048449e-03,0.102766,-0.033988,0.178302,0.028074,-0.013314,1.155516,1.469823,2.024817,2.254668,0.148358,0.535285
TEMPO_RADT_L1_V04_20260412T101545Z_S001G01,6.297664,33.569675,-88.110649,117,1,VNP46A3_A2026032,95,1.730804e-03,-0.001153,0.024891,0.073478,115.325508,72.366676,41756.000000,0,10,-1.495500e-02,0.007906,-0.058517,-0.008933,0.016948,-0.027922,1.189226,1.353105,2.104182,1.915553,0.141113,0.503830
TEMPO_RADT_L1_V04_20260412T102815Z_S001G02,6.297664,33.574337,-94.150116,117,1,VNP46A3_A2026032,95,1.730804e-03,-0.001153,0.024891,0.073478,115.325508,74.389343,11399.000000,0,43,-1.352214e-02,-0.044637,-0.035836,-0.236018,-0.016283,-0.012401,1.139340,1.281046,1.968349,1.717643,0.124475,0.462932
TEMPO_RADT_L1_V04_20260412T104045Z_S001G03,6.297664,33.644974,-100.247314,117,1,VNP46A3_A2026032,95,1.730804e-03,-0.001153,0.024891,0.073478,115.325508,76.543083,0.000000,0,49,-6.418290e-02,-0.051757,-0.081264,-0.188167,-0.024150,-0.018786,1.143884,1.303784,1.958075,2.144929,0.145285,0.503168
TEMPO_RADT_L1_V04_20260413T011755Z_S080G01,6.297664,34.154045,-63.380093,117,1,VNP46A3_A2026032,29,5.776233e-03,0.003072,0.021473,0.031261,122.761696,158.016190,0.000000,0,94,9.476357e-03,0.010281,0.005210,0.006551,0.000123,0.001623,0.984611,1.169280,1.700594,1.465672,0.108338,0.430030
TEMPO_RADT_L1_V04_20260413T013025Z_S080G02,6.297664,33.861118,-70.411751,117,1,VNP46A3_A2026032,29,5.776233e-03,0.003072,0.021473,0.031261,122.761696,159.496704,0.000000,0,47,9.917818e-03,0.013867,0.004775,0.012389,0.000215,0.003826,0.982014,1.159625,1.697393,1.441962,0.107840,0.425937
TEMPO_RADT_L1_V04_20260413T014255Z_S080G03,6.297664,33.664516,-76.933617,117,1,VNP46A3_A2026032,29,5.776233e-03,0.003072,0.021473,0.031261,122.761696,160.285126,0.000000,0,2,-4.062420e-03,-0.016782,0.009886,-0.009251,0.000398,0.004629,1.041505,1.215033,1.778108,1.512691,0.108362,0.430740
TEMPO_RADT_L1_V04_20260413T101532Z_S001G01,6.297664,33.760849,-106.464622,117,1,VNP46A3_A2026032,58,-1.025971e-02,-0.003976,0.032896,0.099972,127.267693,91.322327,0.000000,0,0,4.077803e-03,-0.003461,0.007998,-0.005395,0.000003,0.001528,1.010690,1.183444,1.734352,1.484507,0.108355,0.431719
TEMPO_RADT_L1_V04_20260413T102802Z_S001G02,6.297664,33.981346,-113.089340,117,1,VNP46A3_A2026032,58,-1.025971e-02,-0.003976,0.032896,0.099972,127.267693,94.247444,0.000000,0,2,6.040504e-03,0.007060,0.006115,0.007304,0.000260,0.003022,0.994623,1.174858,1.710779,1.460022,0.108196,0.425769
TEMPO_RADT_L1_V04_20260413T104032Z_S001G03,6.297664,34.301987,-120.294098,117,1,VNP46A3_A2026032,58,-1.025971e-02,-0.003976,0.032896,0.099972,127.267693,97.668762,0.000000,0,2,5.659037e-03,0.006061,0.006364,0.011723,0.000312,0.005033,0.988993,1.178960,1.711455,1.473071,0.108485,0.428125
TEMPO_RADT_L1_V04_20260414T011738Z_S018G01,6.297664,33.533127,-83.057861,117,1,VNP46A3_A2026032,83,2.758984e-02,-0.038025,0.039945,0.058973,134.958435,148.825439,1533.000000,0,56,-1.085175e-01,-0.134262,-0.046225,-0.504423,-0.050088,-0.040276,1.267609,1.387794,2.059612,2.289931,0.160554,0.534612
TEMPO_RADT_L1_V04_20260414T013008Z_S018G02,6.297664,33.482903,-89.126961,117,1,VNP46A3_A2026032,83,2.758984e-02,-0.038025,0.039945,0.058973,134.958435,147.101578,23905.000000,0,192,-7.280553e-03,-0.040205,-0.037620,-0.150763,-0.015323,-0.010924,1.183207,1.375652,2.040857,1.817840,0.128904,0.484262
TEMPO_RADT_L1_V04_20260414T014238Z_S018G03,6.297664,33.501892,-95.161491,117,1,VNP46A3_A2026032,83,2.758984e-02,-0.038025,0.039945,0.058973,134.958435,145.217819,55225.000000,0,281,1.393888e-02,0.060310,-0.050155,0.240516,0.035805,-0.022522,1.200101,1.477638,2.173964,2.238426,0.151137,0.558134
TEMPO_RADT_L1_V04_20260414T101519Z_S001G01,6.297664,33.569202,-88.063202,117,1,VNP46A3_A2026060,91,2.725212e-02,-0.006302,0.035268,0.101942,139.620117,81.929451,48170.000000,0,354,-7.374368e-03,0.019176,-0.079945,0.083325,0.023259,-0.012515,1.203383,1.475877,2.133796,2.105650,0.145482,0.544267
TEMPO_RADT_L1_V04_20260414T102749Z_S001G02,6.297664,33.567493,-94.105087,117,1,VNP46A3_A2026060,91,2.725212e-02,-0.006302,0.035268,0.101942,139.620117,84.352646,17251.000000,0,2,-2.566109e-02,-0.024454,-0.082644,-0.166190,-0.014722,-0.002303,1.176582,1.379245,2.080607,1.811145,0.127236,0.467832
TEMPO_RADT_L1_V04_20260414T104019Z_S001G03,6.297664,33.629890,-100.206764,117,1,VNP46A3_A2026060,91,2.725212e-02,-0.006302,0.035268,0.101942,139.620117,86.853142,156.000000,0,0,-9.296344e-02,-0.050688,-0.117150,-0.274071,-0.031344,-0.020686,1.196461,1.367792,2.090012,2.190090,0.148373,0.507753
TEMPO_RADT_L1_V04_20260415T011722Z_S014G01,6.297664,34.149426,-63.343254,117,1,VNP46A3_A2026060,37,4.076208e-02,0.009974,0.053361,0.080521,147.566193,146.262283,0.000000,0,0,9.868777e-03,0.014104,0.007692,0.012742,0.000194,0.002685,0.985401,1.166276,1.704734,1.464428,0.108300,0.427926
TEMPO_RADT_L1_V04_20260415T012952Z_S014G02,6.297664,33.856701,-70.377716,117,1,VNP46A3_A2026060,37,4.076208e-02,0.009974,0.053361,0.080521,147.566193,145.096237,0.000000,0,6,1.018489e-02,0.014327,0.004184,0.013587,0.000134,0.002564,0.978048,1.155100,1.693233,1.433891,0.107881,0.424142
TEMPO_RADT_L1_V04_20260415T014222Z_S014G03,6.297664,33.655899,-76.901100,117,1,VNP46A3_A2026060,37,4.076208e-02,0.009974,0.053361,0.080521,147.566193,143.741898,0.000000,0,0,-4.946073e-03,-0.021211,0.008671,-0.013940,0.000147,0.003169,1.033282,1.214403,1.773935,1.526391,0.108367,0.428669
TEMPO_RADT_L1_V04_20260415T101506Z_S001G01,6.297664,33.756588,-106.410385,117,1,VNP46A3_A2026060,55,1.009764e-02,0.007727,0.024206,0.061239,152.370804,102.763268,0.000000,0,0,4.196323e-03,0.003104,0.008213,0.002705,0.000255,0.001566,1.007005,1.179892,1.732331,1.476194,0.108762,0.425230
TEMPO_RADT_L1_V04_20260415T102736Z_S001G02,6.297664,33.979034,-113.036819,117,1,VNP46A3_A2026060,55,1.009764e-02,0.007727,0.024206,0.061239,152.370804,105.619034,0.000000,0,0,6.524705e-03,0.005570,0.007037,0.006886,0.000188,0.002854,0.993974,1.169025,1.712177,1.452620,0.108423,0.423131
TEMPO_RADT_L1_V04_20260415T104006Z_S001G03,6.297664,34.300003,-120.243210,117,1,VNP46A3_A2026060,55,1.009764e-02,0.007727,0.024206,0.061239,152.370804,108.876175,0.000000,0,2,5.616550e-03,0.000278,0.006175,0.005732,-0.000013,0.004080,0.989809,1.182822,1.701176,1.482639,0.108518,0.428260
TEMPO_RADT_L1_V04_20260416T011706Z_S018G01,6.297664,33.533070,-83.071846,117,1,VNP46A3_A2026060,65,2.044591e-02,-0.030794,0.031244,0.047055,160.511368,124.790932,4083.000000,0,19,-1.571796e-01,-0.049264,-0.254514,-0.547829,-0.058174,0.032212,1.300281,1.332449,2.344903,2.298226,0.164710,0.485032
TEMPO_RADT_L1_V04_20260416T012936Z_S018G02,6.297664,33.482975,-89.144180,117,1,VNP46A3_A2026060,65,2.044591e-02,-0.030794,0.031244,0.047055,160.511368,122.680367,30079.000000,0,175,1.342229e-02,0.052557,-0.030202,0.065369,-0.012414,0.022618,1.188852,1.418189,2.086918,1.882846,0.128737,0.471264
TEMPO_RADT_L1_V04_20260416T014206Z_S018G03,6.297664,33.497639,-95.184456,117,1,VNP46A3_A2026060,65,2.044591e-02,-0.030794,0.031244,0.047055,160.511368,120.496414,61560.000000,0,646,3.965464e-03,-0.009706,-0.057388,0.110650,0.040742,-0.119094,1.227243,1.671020,2.279826,2.593735,0.154683,0.602151
TEMPO_RADT_L1_V04_20260416T101453Z_S001G01,6.297664,33.568108,-88.070625,117,1,VNP46A3_A2026060,90,5.198396e-02,-0.016030,0.040360,0.091104,165.371643,93.571274,54519.000000,0,301,-6.102475e-03,-0.003053,-0.086324,-0.101163,0.018707,-0.090978,1.188300,1.417007,2.128491,2.151848,0.150068,0.552558
TEMPO_RADT_L1_V04_20260416T102723Z_S001G02,6.297664,33.569611,-94.112808,117,1,VNP46A3_A2026060,90,5.198396e-02,-0.016030,0.040360,0.091104,165.371643,95.997856,23355.000000,0,12,-7.472952e-03,-0.064709,-0.023277,-0.116263,-0.013439,-0.011116,1.151376,1.385742,1.985234,1.783933,0.129053,0.471623
TEMPO_RADT_L1_V04_20260416T103953Z_S001G03,6.297664,33.635685,-100.217728,117,1,VNP46A3_A2026060,90,5.198396e-02,-0.016030,0.040360,0.091104,165.371643,98.443733,1370.000000,0,0,-2.822479e-02,-0.157556,0.012214,-0.111326,-0.028679,-0.002277,1.145265,1.464529,1.971230,2.112101,0.151279,0.543302
TEMPO_RADT_L1_V04_20260417T011651Z_S018G01,6.297664,34.158489,-63.338196,117,1,VNP46A3_A2026060,30,-3.638597e-03,-0.006433,0.050808,0.036705,173.164810,124.114410,0.000000,0,25,9.208842e-03,0.015230,0.006274,0.014706,0.000192,0.002023,0.983232,1.160106,1.703630,1.444191,0.108295,0.424115
TEMPO_RADT_L1_V04_20260417T012921Z_S018G02,6.297664,33.864250,-70.386383,117,1,VNP46A3_A2026060,30,-3.638597e-03,-0.006433,0.050808,0.036705,173.164810,121.947807,0.000000,0,12,1.002433e-02,0.017118,0.006104,0.015861,0.000045,0.001600,0.979398,1.155629,1.694382,1.431775,0.107611,0.421532
TEMPO_RADT_L1_V04_20260417T014151Z_S018G03,6.297664,33.665943,-76.920349,117,1,VNP46A3_A2026060,30,-3.638597e-03,-0.006433,0.050808,0.036705,173.164810,119.873970,0.000000,0,26,-4.141164e-03,-0.023846,0.012376,-0.018912,0.000140,0.001603,1.037732,1.214612,1.787937,1.507121,0.108288,0.420797
TEMPO_RADT_L1_V04_20260417T101440Z_S001G01,6.297664,33.753284,-106.430550,117,1,VNP46A3_A2026060,76,-1.789261e-03,0.019067,0.037113,0.063661,176.071671,112.831390,0.000000,1,0,5.711983e-03,0.001819,0.009925,-0.001182,0.000097,0.000283,1.013802,1.186770,1.740727,1.489512,0.109002,0.423958
TEMPO_RADT_L1_V04_20260417T102710Z_S001G02,6.297664,33.975773,-113.060066,117,1,VNP46A3_A2026060,76,-1.789261e-03,0.019067,0.037113,0.063661,176.071671,115.044823,0.000000,0,0,5.845570e-03,0.006212,0.007071,0.006626,0.000102,0.001980,0.994056,1.173096,1.716510,1.455039,0.107972,0.420354
TEMPO_RADT_L1_V04_20260417T103940Z_S001G03,6.297664,34.298664,-120.273262,117,1,VNP46A3_A2026060,76,-1.789261e-03,0.019067,0.037113,0.063661,176.071671,117.439995,0.000000,0,0,7.740944e-03,0.003274,0.007571,0.007943,0.000134,0.002615,0.990758,1.181158,1.705560,1.482680,0.108864,0.424050
TEMPO_RADT_L1_V04_20260418T011637Z_S018G01,6.297664,33.540760,-83.092117,117,1,VNP46A3_A2026060,49,-1.217835e-02,0.007693,0.014830,0.076303,170.974670,98.427757,7862.000000,0,0,-1.271352e-01,-0.083611,-0.125195,-0.252845,-0.046885,0.094881,1.309100,1.362864,2.179779,2.308341,0.161693,0.507141
TEMPO_RADT_L1_V04_20260418T012907Z_S018G02,6.297664,33.491104,-89.167274,117,1,VNP46A3_A2026060,49,-1.217835e-02,0.007693,0.014830,0.076303,170.974670,96.128136,36297.000000,0,266,-3.905818e-02,0.033785,-0.085730,0.115581,-0.012204,0.043842,1.231963,1.380482,2.142299,1.819385,0.134057,0.471509
TEMPO_RADT_L1_V04_20260418T014137Z_S018G03,6.297664,33.508801,-95.208847,117,1,VNP46A3_A2026060,49,-1.217835e-02,0.007693,0.014830,0.076303,170.974670,93.787956,67861.000000,0,1796,1.019494e-02,-0.011332,-0.094219,-0.229950,0.035954,-0.256472,1.348679,1.783582,2.503578,2.874386,0.165574,0.660594
TEMPO_RADT_L1_V04_20260418T101428Z_S001G01,6.297664,33.566978,-88.091515,117,1,VNP46A3_A2026060,67,-5.180100e-03,-0.002479,0.045482,0.109586,166.115875,105.495964,60825.000000,0,42,-3.174796e-02,-0.029245,-0.117851,0.007563,0.028620,-0.081193,1.243660,1.543758,2.243118,2.253436,0.147799,0.569977
TEMPO_RADT_L1_V04_20260418T102658Z_S001G02,6.297664,33.568226,-94.127235,117,1,VNP46A3_A2026060,67,-5.180100e-03,-0.002479,0.045482,0.109586,166.115875,107.465759,29553.000000,0,26,-3.225028e-02,0.008174,-0.059885,-0.068651,-0.007881,-0.000163,1.164251,1.404578,2.022380,1.886470,0.131047,0.471497
TEMPO_RADT_L1_V04_20260418T103928Z_S001G03,6.297664,33.632320,-100.225174,117,1,VNP46A3_A2026060,67,-5.180100e-03,-0.002479,0.045482,0.109586,166.115875,109.376457,3815.000000,0,153,-7.419527e-02,-0.058575,-0.002364,-0.419453,-0.053070,0.009846,1.237922,1.378440,2.055993,2.356838,0.162069,0.507110
TEMPO_RADT_L1_V04_20260419T011623Z_S017G01,6.297664,34.164009,-63.345825,117,1,VNP46A3_A2026060,31,4.354244e-03,-0.034937,0.046052,0.086156,157.610397,98.947563,0.000000,0,18,8.609587e-03,0.005387,0.006631,0.003357,-0.001874,0.000929,0.981052,1.162115,1.698353,1.450881,0.114712,0.422466
TEMPO_RADT_L1_V04_20260419T012853Z_S017G02,6.297664,33.868458,-70.387825,117,1,VNP46A3_A2026060,31,4.354244e-03,-0.034937,0.046052,0.086156,157.610397,96.286446,0.000000,0,27,8.952049e-03,0.008318,0.006415,0.006048,0.000435,0.001151,0.984460,1.156591,1.698415,1.435360,0.111607,0.419209
TEMPO_RADT_L1_V04_20260419T014123Z_S017G03,6.297664,33.672226,-76.915070,117,1,VNP46A3_A2026060,31,4.354244e-03,-0.034937,0.046052,0.086156,157.610397,93.849373,0.000000,0,0,-2.404861e-03,-0.007899,0.010429,-0.003691,0.001704,0.001539,1.034922,1.195730,1.777518,1.486977,0.111823,0.418697
TEMPO_RADT_L1_V04_20260419T101415Z_S001G01,6.297664,33.743786,-106.456001,117,1,VNP46A3_A2026060,64,-1.604659e-02,0.004379,0.026955,0.060244,152.469864,118.778893,0.000000,0,4,4.929789e-03,-0.000480,0.009526,-0.002638,0.000018,-0.000226,1.013372,1.179618,1.742351,1.499513,0.109508,0.424517
TEMPO_RADT_L1_V04_20260419T102645Z_S001G02,6.297664,33.962711,-113.081230,117,1,VNP46A3_A2026060,64,-1.604659e-02,0.004379,0.026955,0.060244,152.469864,119.692741,0.000000,0,4,6.780539e-03,0.004596,0.008537,0.006071,0.000182,0.002217,0.998049,1.170857,1.726430,1.453517,0.108363,0.420469
TEMPO_RADT_L1_V04_20260419T103915Z_S001G03,6.297664,34.280724,-120.283981,117,1,VNP46A3_A2026060,64,-1.604659e-02,0.004379,0.026955,0.060244,152.469864,120.465935,0.000000,0,4,5.786254e-03,0.005907,0.006664,0.010607,0.000100,0.003136,0.997065,1.178031,1.724632,1.492676,0.109700,0.427231
TEMPO_RADT_L1_V04_20260420T011610Z_S018G01,6.297664,33.544613,-83.107185,117,1,VNP46A3_A2026060,58,-2.015361e-02,0.003926,0.029696,0.089749,143.825714,71.312912,12856.000000,0,2,-8.620083e-02,-0.186074,-0.100511,-0.697827,-0.060218,-0.030197,1.232950,1.409739,2.119063,2.371974,0.160792,0.578404
TEMPO_RADT_L1_V04_20260420T012840Z_S018G02,6.297664,33.493275,-89.176384,117,1,VNP46A3_A2026060,58,-2.015361e-02,0.003926,0.029696,0.089749,143.825714,68.872581,42368.000000,0,2,-2.336663e-02,0.012701,-0.077837,0.071901,-0.008318,0.016246,1.190319,1.353415,2.050661,1.850636,0.132820,0.510241
TEMPO_RADT_L1_V04_20260420T014110Z_S018G03,6.297664,33.511448,-95.212341,117,1,VNP46A3_A2026060,58,-2.015361e-02,0.003926,0.029696,0.089749,143.825714,66.413750,73855.000000,0,895,-1.761242e-02,0.063927,-0.073928,0.179201,0.042839,-0.065929,1.360184,2.071202,2.535570,3.287998,0.162512,0.745416
TEMPO_RADT_L1_V04_20260420T101403Z_S001G01,6.297664,33.559563,-88.112762,117,1,VNP46A3_A2026060,67,3.817142e-03,-0.018461,0.019715,0.053146,138.678375,115.127655,66993.000000,0,634,-5.669729e-02,-0.034650,-0.167724,-0.272111,0.030127,-0.168051,1.331012,1.674185,2.558106,2.632724,0.151848,0.641606
TEMPO_RADT_L1_V04_20260420T102633Z_S001G02,6.297664,33.561527,-94.147354,117,1,VNP46A3_A2026060,67,3.817142e-03,-0.018461,0.019715,0.053146,138.678375,116.156273,35775.000000,0,2,-1.328658e-02,-0.027595,-0.060476,0.029120,-0.008996,0.014843,1.164364,1.351503,2.132509,1.776560,0.128282,0.481172
TEMPO_RADT_L1_V04_20260420T103903Z_S001G03,6.297664,33.625546,-100.238411,117,1,VNP46A3_A2026060,67,3.817142e-03,-0.018461,0.019715,0.053146,138.678375,117.031883,7629.000000,0,2,-2.362003e-02,-0.063689,-0.043140,-0.169158,-0.046497,0.059488,1.173318,1.358746,2.139001,2.188768,0.156044,0.520230
TEMPO_RADT_L1_V04_20260421T011557Z_S018G01,6.297664,34.169819,-63.358200,117,1,VNP46A3_A2026060,48,-3.943412e-02,0.051962,0.023424,0.057902,130.090332,73.481369,0.000000,3,10,1.156606e-02,0.015898,0.008604,0.014347,-0.000234,0.002019,0.986784,1.164113,1.710109,1.460804,0.109660,0.425696
TEMPO_RADT_L1_V04_20260421T012827Z_S018G02,6.297664,33.878075,-70.406876,117,1,VNP46A3_A2026060,48,-3.943412e-02,0.051962,0.023424,0.057902,130.090332,70.443771,0.000000,0,6,1.197738e-02,0.017731,0.006220,0.017668,-0.000099,0.002491,0.983338,1.156471,1.695735,1.433803,0.108328,0.420427
TEMPO_RADT_L1_V04_20260421T014057Z_S018G03,6.297664,33.683544,-76.938820,117,1,VNP46A3_A2026060,48,-3.943412e-02,0.051962,0.023424,0.057902,130.090332,67.722870,0.000000,0,0,-5.318054e-03,-0.021686,0.013567,-0.016348,0.000729,0.001320,1.049608,1.219319,1.793758,1.527701,0.109886,0.424298
TEMPO_RADT_L1_V04_20260421T101350Z_S001G01,6.297664,33.745258,-106.459854,117,1,VNP46A3_A2026060,64,9.511588e-03,-0.010654,0.039518,0.073607,125.004951,118.534561,0.000000,0,9,4.959700e-03,-0.001819,0.009400,-0.005656,0.000032,0.001447,1.011062,1.186533,1.739796,1.493131,0.108721,0.432350
TEMPO_RADT_L1_V04_20260421T102620Z_S001G02,6.297664,33.965511,-113.088654,117,1,VNP46A3_A2026060,64,9.511588e-03,-0.010654,0.039518,0.073607,125.004951,117.847908,0.000000,0,8,4.608947e-03,0.007096,0.006873,0.010149,0.000315,0.003659,0.999682,1.174866,1.718780,1.463288,0.108321,0.426563
TEMPO_RADT_L1_V04_20260421T103850Z_S001G03,6.297664,34.283989,-120.287338,117,1,VNP46A3_A2026060,64,9.511588e-03,-0.010654,0.039518,0.073607,125.004951,116.772438,0.000000,0,0,7.162290e-03,0.003960,0.004048,0.009255,0.000203,0.004669,0.987975,1.183494,1.696654,1.482369,0.108416,0.426832
TEMPO_RADT_L1_V04_20260422T101338Z_S001G01,6.297664,33.559025,-88.082718,117,1,VNP46A3_A2026060,49,1.890514e-02,0.009911,0.029587,0.164512,111.568214,119.866264,72990.000000,0,714,-5.031687e-02,-0.081413,-0.126539,-0.542852,0.021350,-0.226417,1.419684,2.118101,2.680933,3.125995,0.153496,0.770446
TEMPO_RADT_L1_V04_20260422T102608Z_S001G02,6.297664,33.561066,-94.108711,117,1,VNP46A3_A2026060,49,1.890514e-02,0.009911,0.029587,0.164512,111.568214,119.623489,41858.000000,0,4,-9.588382e-03,0.002291,-0.061691,0.122931,-0.006299,0.038512,1.137146,1.309235,2.010638,1.825627,0.131201,0.517737
TEMPO_RADT_L1_V04_20260422T103838Z_S001G03,6.297664,33.627476,-100.192200,117,1,VNP46A3_A2026060,49,1.890514e-02,0.009911,0.029587,0.164512,111.568214,119.176910,12518.000000,0,2,-1.305981e-02,-0.030589,0.000315,-0.264497,-0.039237,0.066730,1.151260,1.336818,2.047580,2.254251,0.152602,0.578735
TEMPO_RADT_L1_V04_20260423T011535Z_S018G01,6.297664,34.166225,-63.325592,117,1,VNP46A3_A2026060,37,3.421100e-02,-0.022840,0.024466,0.068016,103.300209,50.006058,0.000000,0,0,1.045292e-02,0.013433,0.007289,0.009360,-0.000024,0.001387,0.990082,1.166598,1.720625,1.472704,0.108685,0.430606
TEMPO_RADT_L1_V04_20260423T012805Z_S018G02,6.297664,33.876694,-70.361954,117,1,VNP46A3_A2026060,37,3.421100e-02,-0.022840,0.024466,0.068016,103.300209,46.678772,0.000000,0,10,1.060154e-02,0.015180,0.006529,0.013543,0.000245,0.003242,0.988712,1.158946,1.710706,1.444746,0.108469,0.424758
TEMPO_RADT_L1_V04_20260423T014035Z_S018G03,6.297664,33.682430,-76.888046,117,1,VNP46A3_A2026060,37,3.421100e-02,-0.022840,0.024466,0.068016,103.300209,43.741730,0.000000,0,4,-5.060007e-03,-0.020169,0.011504,-0.011289,0.000313,0.003982,1.043841,1.225819,1.792042,1.558759,0.109237,0.429436
TEMPO_RADT_L1_V04_20260423T101326Z_S001G01,6.297664,33.754692,-106.414474,117,1,VNP46A3_A2026060,71,3.565388e-02,0.021370,0.042203,0.080607,98.430969,112.681198,0.000000,0,2,4.702450e-03,0.000605,0.009886,-0.004551,-0.000003,0.001850,1.008170,1.190087,1.733914,1.511194,0.109417,0.436516
TEMPO_RADT_L1_V04_20260423T102556Z_S001G02,6.297664,33.973389,-113.036949,117,1,VNP46A3_A2026060,71,3.565388e-02,0.021370,0.042203,0.080607,98.430969,110.710770,0.000000,0,6,5.834616e-03,0.006912,0.006824,0.011151,0.000257,0.004946,0.994411,1.177416,1.715283,1.475391,0.108592,0.432289
TEMPO_RADT_L1_V04_20260423T103826Z_S001G03,6.297664,34.292850,-120.236267,117,1,VNP46A3_A2026060,71,3.565388e-02,0.021370,0.042203,0.080607,98.430969,108.241676,0.000000,0,0,6.538467e-03,0.003194,0.009138,0.009517,0.000330,0.005949,0.994955,1.187839,1.726109,1.493873,0.109175,0.432714
TEMPO_RADT_L1_V04_20260424T011524Z_S018G01,6.297664,33.546993,-83.094254,117,1,VNP46A3_A2026060,17,-5.284606e-02,0.002963,0.060943,0.036773,90.365303,23.721064,24341.000000,0,188,-8.496324e-02,-0.129265,-0.104065,-0.298242,-0.049566,0.066285,1.329165,1.452476,2.269471,2.308077,0.163227,0.655515
TEMPO_RADT_L1_V04_20260424T012754Z_S018G02,6.297664,33.500969,-89.152840,117,1,VNP46A3_A2026060,17,-5.284606e-02,0.002963,0.060943,0.036773,90.365303,21.390011,54328.000000,0,77,-4.314829e-02,0.021817,-0.111166,0.171189,0.000043,0.046830,1.276234,1.435704,2.219408,2.032279,0.139843,0.566943
TEMPO_RADT_L1_V04_20260424T014024Z_S018G03,6.297664,33.519955,-95.180931,117,1,VNP46A3_A2026060,17,-5.284606e-02,0.002963,0.060943,0.036773,90.365303,19.208256,85530.000000,0,2247,-1.138387e-01,-0.205322,-0.155550,-0.652518,0.027049,-0.203624,2.011414,3.551008,3.297354,4.033013,0.186528,1.023164
TEMPO_RADT_L1_V04_20260424T101315Z_S001G01,6.297664,33.565727,-88.063812,117,1,VNP46A3_A2026060,34,3.078822e-02,0.073411,0.028893,0.090780,85.615250,118.639061,78826.000000,0,1801,-9.268426e-02,-0.099531,-0.099729,-1.000877,0.007648,-0.422245,1.974619,2.766316,3.524986,3.451802,0.157495,1.038526
TEMPO_RADT_L1_V04_20260424T102545Z_S001G02,6.297664,33.568691,-94.097404,117,1,VNP46A3_A2026060,34,3.078822e-02,0.073411,0.028893,0.090780,85.615250,117.216965,47760.000000,0,237,-4.618563e-02,-0.026719,-0.111353,0.123420,-0.005893,0.044502,1.186975,1.376644,2.054052,1.920413,0.130009,0.546364
TEMPO_RADT_L1_V04_20260424T103815Z_S001G03,6.297664,33.638180,-100.193436,117,1,VNP46A3_A2026060,34,3.078822e-02,0.073411,0.028893,0.090780,85.615250,115.614571,18056.000000,0,0,-4.721778e-02,-0.036976,-0.055615,0.026274,-0.034245,0.153118,1.237164,1.392989,2.102913,2.251313,0.159314,0.627432
TEMPO_RADT_L1_V04_20260425T011515Z_S018G01,6.297664,34.168961,-63.334667,117,1,VNP46A3_A2026060,35,7.702297e-03,-0.014213,0.037409,0.056475,77.751648,32.275394,0.000000,570,16,1.281749e-02,0.015074,0.010499,0.011167,0.000167,0.000535,1.040643,1.184350,1.839294,1.483304,0.109163,0.424196
TEMPO_RADT_L1_V04_20260425T012745Z_S018G02,6.297664,33.874866,-70.378479,117,1,VNP46A3_A2026060,35,7.702297e-03,-0.014213,0.037409,0.056475,77.751648,29.138121,0.000000,0,24,1.128667e-02,0.011533,0.007263,0.009088,0.000003,0.001118,1.040711,1.174740,1.830442,1.458379,0.108225,0.417842
TEMPO_RADT_L1_V04_20260425T014015Z_S018G03,6.297664,33.676796,-76.908714,117,1,VNP46A3_A2026060,35,7.702297e-03,-0.014213,0.037409,0.056475,77.751648,26.517431,0.000000,0,17,-5.006499e-03,-0.019568,0.014471,-0.011749,0.000049,0.001674,1.104558,1.233208,1.917153,1.552735,0.108223,0.420545
TEMPO_RADT_L1_V04_20260426T011506Z_S017G01,6.297664,33.567913,-83.057648,117,0,VNP46A3_A2026060,0,0,0.000000,NaN,NaN,65.445496,21.926132,30152.000000,0,6,-1.155346e-01,-0.074688,-0.097543,-0.173873,-0.039102,0.040556,1.441645,1.424667,2.491275,2.347048,0.156330,0.735408
TEMPO_RADT_L1_V04_20260426T012736Z_S017G02,6.297664,33.513462,-89.124893,117,0,VNP46A3_A2026060,0,0,0.000000,NaN,NaN,65.445496,22.228792,60217.000000,0,17,-1.208153e-01,0.048738,-0.243435,0.267366,0.007771,0.062263,1.406530,1.505842,2.512259,2.123590,0.138339,0.603099
TEMPO_RADT_L1_V04_20260426T014006Z_S017G03,6.297664,33.524387,-95.161057,117,0,VNP46A3_A2026060,0,0,0.000000,NaN,NaN,65.445496,22.933477,91227.000000,0,3022,-1.065891e-01,-0.388716,-0.040696,-1.296216,0.008966,-0.284919,2.802071,3.972329,4.113819,4.299627,0.173148,1.057432
TEMPO_RADT_L1_V04_20260426T101252Z_S001G01,6.297664,33.559822,-88.069595,117,1,VNP46A3_A2026060,15,3.361888e-02,-0.032904,0.051962,0.071513,60.923401,112.424370,84491.000000,0,3069,-2.946737e-02,-0.254821,-0.163963,-0.837615,0.016650,-0.314299,2.224185,3.414041,3.473481,3.833896,0.157417,0.983845
TEMPO_RADT_L1_V04_20260426T102522Z_S001G02,6.297664,33.569809,-94.108307,117,1,VNP46A3_A2026060,15,3.361888e-02,-0.032904,0.051962,0.071513,60.923401,110.252113,53631.000000,0,155,-5.213156e-02,-0.021666,-0.112173,0.136519,-0.008602,0.076180,1.216795,1.431116,2.079841,1.952913,0.137952,0.551534
TEMPO_RADT_L1_V04_20260426T103752Z_S001G03,6.297664,33.642864,-100.206352,117,1,VNP46A3_A2026060,15,3.361888e-02,-0.032904,0.051962,0.071513,60.923401,107.963531,23781.000000,0,10,-1.025667e-01,-0.230949,0.016482,-0.503857,-0.054513,0.031781,1.349014,1.565700,2.095926,2.615172,0.179448,0.651457
TEMPO_RADT_L1_V04_20260427T011458Z_S018G01,6.297664,34.160805,-63.326447,117,1,VNP46A3_A2026060,40,5.370050e-02,-0.032056,0.031118,0.039749,53.421986,29.395988,0.000000,0,194,2.562586e-02,0.005124,0.040194,-0.006323,-0.000322,-0.002883,1.170954,1.227123,2.119070,1.557734,0.109120,0.426682
TEMPO_RADT_L1_V04_20260427T012728Z_S018G02,6.297664,33.869610,-70.373871,117,1,VNP46A3_A2026060,40,5.370050e-02,-0.032056,0.031118,0.039749,53.421986,28.451029,0.000000,0,0,1.457563e-02,0.025458,0.017857,0.032433,0.000255,0.003717,1.089177,1.188926,1.949786,1.474677,0.108144,0.420509
TEMPO_RADT_L1_V04_20260427T013958Z_S018G03,6.297664,33.674500,-76.908348,117,1,VNP46A3_A2026060,40,5.370050e-02,-0.032056,0.031118,0.039749,53.421986,28.083973,0.000000,0,129,1.456121e-04,-0.019094,0.027455,-0.012040,0.000403,0.002065,1.193053,1.272000,2.138224,1.637968,0.110368,0.427811
TEMPO_RADT_L1_V04_20260427T101241Z_S001G01,6.297664,33.762836,-106.415466,117,1,VNP46A3_A2026060,77,2.512889e-02,-0.003457,0.039008,0.088794,49.001141,93.099632,0.000000,0,0,6.562431e-03,-0.002806,0.010562,-0.006016,0.000098,-0.000291,1.011844,1.192850,1.736513,1.500365,0.109343,0.421764
TEMPO_RADT_L1_V04_20260427T102511Z_S001G02,6.297664,33.981987,-113.046288,117,1,VNP46A3_A2026060,77,2.512889e-02,-0.003457,0.039008,0.088794,49.001141,90.140236,0.000000,0,0,5.907262e-03,0.002621,0.007251,0.003204,0.000032,0.001715,1.000389,1.180721,1.725068,1.459924,0.108012,0.417967
TEMPO_RADT_L1_V04_20260427T103741Z_S001G03,6.297664,34.300465,-120.252869,117,1,VNP46A3_A2026060,77,2.512889e-02,-0.003457,0.039008,0.088794,49.001141,86.703560,0.000000,0,4,5.965133e-03,0.011350,0.007002,0.014964,0.000123,0.002000,0.998845,1.185221,1.723274,1.474836,0.108688,0.419895
TEMPO_RADT_L1_V04_20260428T011450Z_S018G01,6.297664,33.569416,-83.056908,117,0,VNP46A3_A2026060,0,0,0.000000,NaN,NaN,41.662014,40.079662,35845.000000,0,30,-2.008939e-01,-0.072336,-0.179321,0.059041,-0.043959,0.135899,1.783788,1.533943,2.954514,2.480681,0.169196,0.709962
TEMPO_RADT_L1_V04_20260428T012720Z_S018G02,6.297664,33.516640,-89.125038,117,0,VNP46A3_A2026060,0,0,0.000000,NaN,NaN,41.662014,41.681343,65905.000000,0,237,-1.464747e-01,0.029450,-0.234476,0.118270,0.009621,0.033547,1.727443,1.793647,2.896691,2.462923,0.139990,0.678140
TEMPO_RADT_L1_V04_20260428T013950Z_S018G03,6.297664,33.528507,-95.159569,117,0,VNP46A3_A2026060,0,0,0.000000,NaN,NaN,41.662014,43.444382,96664.000000,0,3606,-2.086327e-01,-0.281100,-0.132329,-1.543104,-0.004951,-0.291040,3.365940,4.303763,4.725445,4.324992,0.180208,1.114161
TEMPO_RADT_L1_V04_20260428T101230Z_S001G01,6.297664,33.517056,-88.067970,117,0,VNP46A3_A2026060,0,0,0.000000,NaN,NaN,37.335747,103.117302,89929.000000,0,3740,-7.262697e-02,-0.259409,-0.007191,-0.961254,0.010170,-0.188659,2.048003,3.743436,3.517814,4.165465,0.176504,0.920279
TEMPO_RADT_L1_V04_20260428T102500Z_S001G02,6.297664,33.527008,-94.103561,117,0,VNP46A3_A2026060,0,0,0.000000,NaN,NaN,37.335747,100.665382,59306.000000,0,47,-6.071398e-02,0.001537,-0.148976,0.098761,0.003302,0.016281,1.284015,1.485598,2.333728,1.966348,0.136650,0.586047
TEMPO_RADT_L1_V04_20260428T103730Z_S001G03,6.297664,33.601955,-100.194145,117,0,VNP46A3_A2026060,0,0,0.000000,NaN,NaN,37.335747,98.155685,29454.000000,0,17,-5.707856e-02,-0.096285,-0.063749,-0.224371,-0.043918,-0.017132,1.273432,1.460500,2.230389,2.346683,0.161763,0.738396
TEMPO_RADT_L1_V04_20260429T011443Z_S014G01,6.297664,34.162014,-63.321835,117,1,VNP46A3_A2026060,33,-2.014372e-02,-0.027458,0.078886,0.234728,30.155069,42.379517,0.000000,0,0,1.212313e-02,0.011416,0.015110,0.012643,0.000039,0.001502,1.245277,1.242205,2.299197,1.553524,0.108330,0.420840
TEMPO_RADT_L1_V04_20260429T012713Z_S014G02,6.297664,33.862301,-70.364662,117,1,VNP46A3_A2026060,33,-2.014372e-02,-0.027458,0.078886,0.234728,30.155069,43.415901,0.000000,0,0,1.960840e-02,0.012690,0.024470,0.012531,0.000040,0.001743,1.225645,1.240669,2.222603,1.539660,0.108494,0.418983
TEMPO_RADT_L1_V04_20260429T013943Z_S014G03,6.297664,33.657795,-76.890831,117,1,VNP46A3_A2026060,33,-2.014372e-02,-0.027458,0.078886,0.234728,30.155069,44.631477,0.000000,0,2,1.388048e-02,-0.013428,0.057570,-0.015224,0.000228,0.000586,1.210883,1.275240,2.166703,1.624523,0.110586,0.420512
TEMPO_RADT_L1_V04_20260429T101220Z_S001G01,6.297664,33.759922,-106.407356,117,1,VNP46A3_A2026060,68,-3.219642e-02,-0.014608,0.037381,0.066131,25.928310,82.854935,0.000000,0,0,6.434269e-03,0.005111,0.011431,0.004236,0.000074,0.000537,1.023226,1.196530,1.770582,1.538908,0.110207,0.426598
TEMPO_RADT_L1_V04_20260429T102450Z_S001G02,6.297664,33.980934,-113.033562,117,1,VNP46A3_A2026060,68,-3.219642e-02,-0.014608,0.037381,0.066131,25.928310,80.082443,0.000000,0,0,4.893226e-03,0.007680,0.009047,0.009390,0.000035,0.001510,1.010168,1.181764,1.749415,1.469345,0.108515,0.422855
TEMPO_RADT_L1_V04_20260429T103720Z_S001G03,6.297664,34.300854,-120.231773,117,1,VNP46A3_A2026060,68,-3.219642e-02,-0.014608,0.037381,0.066131,25.928310,76.944122,0.000000,0,4,5.859594e-03,-0.002261,0.006655,0.001222,0.000057,0.001927,1.026793,1.199268,1.797666,1.516268,0.109270,0.423070
TEMPO_RADT_L1_V04_20260430T011437Z_S018G01,6.297664,33.566593,-83.056671,117,0,VNP46A3_A2026060,0,0,0.000000,NaN,NaN,18.948446,61.475048,41398.000000,0,0,-8.090545e-02,-0.097278,-0.039493,0.074375,-0.038228,0.107187,1.467688,1.577941,2.562504,2.293645,0.151324,0.730725
TEMPO_RADT_L1_V04_20260430T012707Z_S018G02,6.297664,33.511768,-89.126572,117,0,VNP46A3_A2026060,0,0,0.000000,NaN,NaN,18.948446,63.455463,71379.000000,0,126,-6.942470e-02,0.034694,-0.158051,-0.006304,0.030528,-0.054810,1.451843,1.915586,2.644215,2.472571,0.145547,0.681079
TEMPO_RADT_L1_V04_20260430T013937Z_S018G03,6.297664,33.522053,-95.162827,117,0,VNP46A3_A2026060,0,0,0.000000,NaN,NaN,18.948446,65.521385,101873.000000,0,264,-9.744372e-02,-0.237035,-0.048680,-1.320098,-0.020556,-0.222629,3.192404,4.604716,4.235051,4.745837,0.233075,1.309989
